time=2026-03-08T08:14:32.384399944Z level=debug msg="Skipped reading configuration file" error="Config File \"cilium-operators\" Not Found in \"[/]\""
time=2026-03-08T08:14:32.384976194Z level=info msg="  --agent-not-ready-taint-key='node.cilium.io/agent-not-ready'" subsys=cilium-operator-generic
time=2026-03-08T08:14:32.385007344Z level=info msg="  --auto-create-cilium-pod-ip-pools=''" subsys=cilium-operator-generic
time=2026-03-08T08:14:32.385016004Z level=info msg="  --auto-direct-node-routes='false'" subsys=cilium-operator-generic
time=2026-03-08T08:14:32.385023914Z level=info msg="  --bpf-distributed-lru='false'" subsys=cilium-operator-generic
time=2026-03-08T08:14:32.385030144Z level=info msg="  --bpf-events-drop-enabled='true'" subsys=cilium-operator-generic
time=2026-03-08T08:14:32.385036084Z level=info msg="  --bpf-events-policy-verdict-enabled='true'" subsys=cilium-operator-generic
time=2026-03-08T08:14:32.385042294Z level=info msg="  --bpf-events-trace-enabled='true'" subsys=cilium-operator-generic
time=2026-03-08T08:14:32.385049494Z level=info msg="  --bpf-lb-acceleration='disabled'" subsys=cilium-operator-generic
time=2026-03-08T08:14:32.385055484Z level=info msg="  --bpf-lb-algorithm-annotation='false'" subsys=cilium-operator-generic
time=2026-03-08T08:14:32.385061594Z level=info msg="  --bpf-lb-external-clusterip='false'" subsys=cilium-operator-generic
time=2026-03-08T08:14:32.385067784Z level=info msg="  --bpf-lb-map-max='65536'" subsys=cilium-operator-generic
time=2026-03-08T08:14:32.385073964Z level=info msg="  --bpf-lb-mode-annotation='false'" subsys=cilium-operator-generic
time=2026-03-08T08:14:32.385080264Z level=info msg="  --bpf-lb-sock='false'" subsys=cilium-operator-generic
time=2026-03-08T08:14:32.385086324Z level=info msg="  --bpf-lb-source-range-all-types='false'" subsys=cilium-operator-generic
time=2026-03-08T08:14:32.385092544Z level=info msg="  --bpf-map-dynamic-size-ratio='0.0025'" subsys=cilium-operator-generic
time=2026-03-08T08:14:32.385098725Z level=info msg="  --bpf-policy-map-max='16384'" subsys=cilium-operator-generic
time=2026-03-08T08:14:32.385104754Z level=info msg="  --bpf-policy-stats-map-max='65536'" subsys=cilium-operator-generic
time=2026-03-08T08:14:32.385110874Z level=info msg="  --bpf-root='/sys/fs/bpf'" subsys=cilium-operator-generic
time=2026-03-08T08:14:32.385117414Z level=info msg="  --ces-controller-mode='default'" subsys=cilium-operator-generic
time=2026-03-08T08:14:32.385125014Z level=info msg="  --ces-max-ciliumendpoints-per-ces='100'" subsys=cilium-operator-generic
time=2026-03-08T08:14:32.385131934Z level=info msg="  --ces-rate-limits='[{\"nodes\":0,\"limit\":10,\"burst\":20}]'" subsys=cilium-operator-generic
time=2026-03-08T08:14:32.385138965Z level=info msg="  --ces-slice-mode='fcfs'" subsys=cilium-operator-generic
time=2026-03-08T08:14:32.385145154Z level=info msg="  --cgroup-root='/run/cilium/cgroupv2'" subsys=cilium-operator-generic
time=2026-03-08T08:14:32.385151474Z level=info msg="  --cilium-endpoint-gc-interval='5m0s'" subsys=cilium-operator-generic
time=2026-03-08T08:14:32.385157905Z level=info msg="  --cilium-pod-labels='k8s-app=cilium'" subsys=cilium-operator-generic
time=2026-03-08T08:14:32.385166165Z level=info msg="  --cilium-pod-namespace=''" subsys=cilium-operator-generic
time=2026-03-08T08:14:32.385172745Z level=info msg="  --cluster-id='0'" subsys=cilium-operator-generic
time=2026-03-08T08:14:32.385179005Z level=info msg="  --cluster-name='kind-chart-testing'" subsys=cilium-operator-generic
time=2026-03-08T08:14:32.385189294Z level=info msg="  --cluster-pool-ipv4-cidr=''" subsys=cilium-operator-generic
time=2026-03-08T08:14:32.385196054Z level=info msg="  --cluster-pool-ipv4-mask-size='24'" subsys=cilium-operator-generic
time=2026-03-08T08:14:32.385205114Z level=info msg="  --cluster-pool-ipv6-cidr=''" subsys=cilium-operator-generic
time=2026-03-08T08:14:32.385211625Z level=info msg="  --cluster-pool-ipv6-mask-size='112'" subsys=cilium-operator-generic
time=2026-03-08T08:14:32.385217965Z level=info msg="  --clustermesh-cache-ttl='0s'" subsys=cilium-operator-generic
time=2026-03-08T08:14:32.385224805Z level=info msg="  --clustermesh-concurrent-service-endpoint-syncs='5'" subsys=cilium-operator-generic
time=2026-03-08T08:14:32.385233474Z level=info msg="  --clustermesh-config=''" subsys=cilium-operator-generic
time=2026-03-08T08:14:32.385241914Z level=info msg="  --clustermesh-default-global-namespace='true'" subsys=cilium-operator-generic
time=2026-03-08T08:14:32.385249054Z level=info msg="  --clustermesh-enable-endpoint-sync='false'" subsys=cilium-operator-generic
time=2026-03-08T08:14:32.385255265Z level=info msg="  --clustermesh-enable-mcs-api='false'" subsys=cilium-operator-generic
time=2026-03-08T08:14:32.385262094Z level=info msg="  --clustermesh-endpoint-updates-batch-period='500ms'" subsys=cilium-operator-generic
time=2026-03-08T08:14:32.385269025Z level=info msg="  --clustermesh-endpoints-per-slice='100'" subsys=cilium-operator-generic
time=2026-03-08T08:14:32.385275374Z level=info msg="  --clustermesh-mcs-api-install-crds='true'" subsys=cilium-operator-generic
time=2026-03-08T08:14:32.385282685Z level=info msg="  --clustermesh-sync-timeout='1m0s'" subsys=cilium-operator-generic
time=2026-03-08T08:14:32.385293565Z level=info msg="  --cmdref=''" subsys=cilium-operator-generic
time=2026-03-08T08:14:32.385299894Z level=info msg="  --cni-exclusive='true'" subsys=cilium-operator-generic
time=2026-03-08T08:14:32.385306325Z level=info msg="  --cni-log-file='/var/run/cilium/cilium-cni.log'" subsys=cilium-operator-generic
time=2026-03-08T08:14:32.385313574Z level=info msg="  --config=''" subsys=cilium-operator-generic
time=2026-03-08T08:14:32.385319714Z level=info msg="  --config-dir='/tmp/cilium/config-map'" subsys=cilium-operator-generic
time=2026-03-08T08:14:32.385329445Z level=info msg="  --controller-group-metrics=''" subsys=cilium-operator-generic
time=2026-03-08T08:14:32.385335825Z level=info msg="  --custom-cni-conf='false'" subsys=cilium-operator-generic
time=2026-03-08T08:14:32.385342014Z level=info msg="  --datapath-mode='veth'" subsys=cilium-operator-generic
time=2026-03-08T08:14:32.385348254Z level=info msg="  --debug='true'" subsys=cilium-operator-generic
time=2026-03-08T08:14:32.385354285Z level=info msg="  --debug-verbose='envoy'" subsys=cilium-operator-generic
time=2026-03-08T08:14:32.385360494Z level=info msg="  --default-lb-service-ipam='lbipam'" subsys=cilium-operator-generic
time=2026-03-08T08:14:32.385366754Z level=info msg="  --direct-routing-skip-unreachable='false'" subsys=cilium-operator-generic
time=2026-03-08T08:14:32.385373185Z level=info msg="  --disable-endpoint-crd='false'" subsys=cilium-operator-generic
time=2026-03-08T08:14:32.385379374Z level=info msg="  --dnsproxy-enable-transparent-mode='true'" subsys=cilium-operator-generic
time=2026-03-08T08:14:32.385385614Z level=info msg="  --dnsproxy-socket-linger-timeout='10'" subsys=cilium-operator-generic
time=2026-03-08T08:14:32.385392174Z level=info msg="  --double-write-metric-reporter-interval='1m0s'" subsys=cilium-operator-generic
time=2026-03-08T08:14:32.385398454Z level=info msg="  --egress-gateway-reconciliation-trigger-interval='1s'" subsys=cilium-operator-generic
time=2026-03-08T08:14:32.385404865Z level=info msg="  --enable-auto-protect-node-port-range='true'" subsys=cilium-operator-generic
time=2026-03-08T08:14:32.385411734Z level=info msg="  --enable-bpf-clock-probe='false'" subsys=cilium-operator-generic
time=2026-03-08T08:14:32.385418074Z level=info msg="  --enable-cilium-clusterwide-network-policy='true'" subsys=cilium-operator-generic
time=2026-03-08T08:14:32.385424545Z level=info msg="  --enable-cilium-endpoint-slice='false'" subsys=cilium-operator-generic
time=2026-03-08T08:14:32.385431005Z level=info msg="  --enable-cilium-network-policy='true'" subsys=cilium-operator-generic
time=2026-03-08T08:14:32.385442245Z level=info msg="  --enable-cilium-operator-server-access='*'" subsys=cilium-operator-generic
time=2026-03-08T08:14:32.385448765Z level=info msg="  --enable-ciliumnode-crd='true'" subsys=cilium-operator-generic
time=2026-03-08T08:14:32.385455105Z level=info msg="  --enable-egress-gateway='false'" subsys=cilium-operator-generic
time=2026-03-08T08:14:32.385461414Z level=info msg="  --enable-endpoint-health-checking='true'" subsys=cilium-operator-generic
time=2026-03-08T08:14:32.385467594Z level=info msg="  --enable-endpoint-lockdown-on-policy-overflow='false'" subsys=cilium-operator-generic
time=2026-03-08T08:14:32.385473765Z level=info msg="  --enable-envoy-config='true'" subsys=cilium-operator-generic
time=2026-03-08T08:14:32.385479765Z level=info msg="  --enable-gateway-api='true'" subsys=cilium-operator-generic
time=2026-03-08T08:14:32.385485954Z level=info msg="  --enable-gateway-api-alpn='false'" subsys=cilium-operator-generic
time=2026-03-08T08:14:32.385492154Z level=info msg="  --enable-gateway-api-app-protocol='false'" subsys=cilium-operator-generic
time=2026-03-08T08:14:32.385499014Z level=info msg="  --enable-gateway-api-proxy-protocol='false'" subsys=cilium-operator-generic
time=2026-03-08T08:14:32.385505334Z level=info msg="  --enable-gateway-api-secrets-sync='true'" subsys=cilium-operator-generic
time=2026-03-08T08:14:32.385511814Z level=info msg="  --enable-gops='true'" subsys=cilium-operator-generic
time=2026-03-08T08:14:32.385518065Z level=info msg="  --enable-health-check-loadbalancer-ip='false'" subsys=cilium-operator-generic
time=2026-03-08T08:14:32.385524165Z level=info msg="  --enable-health-check-nodeport='true'" subsys=cilium-operator-generic
time=2026-03-08T08:14:32.385530254Z level=info msg="  --enable-health-checking='true'" subsys=cilium-operator-generic
time=2026-03-08T08:14:32.385542005Z level=info msg="  --enable-hubble='true'" subsys=cilium-operator-generic
time=2026-03-08T08:14:32.385548585Z level=info msg="  --enable-icmp-rules='true'" subsys=cilium-operator-generic
time=2026-03-08T08:14:32.385555694Z level=info msg="  --enable-ingress-controller='false'" subsys=cilium-operator-generic
time=2026-03-08T08:14:32.385562105Z level=info msg="  --enable-ingress-proxy-protocol='false'" subsys=cilium-operator-generic
time=2026-03-08T08:14:32.385568565Z level=info msg="  --enable-ingress-secrets-sync='true'" subsys=cilium-operator-generic
time=2026-03-08T08:14:32.385574945Z level=info msg="  --enable-ipsec='false'" subsys=cilium-operator-generic
time=2026-03-08T08:14:32.385580965Z level=info msg="  --enable-ipv4='true'" subsys=cilium-operator-generic
time=2026-03-08T08:14:32.385586985Z level=info msg="  --enable-ipv4-big-tcp='false'" subsys=cilium-operator-generic
time=2026-03-08T08:14:32.385593054Z level=info msg="  --enable-ipv4-masquerade='true'" subsys=cilium-operator-generic
time=2026-03-08T08:14:32.385599794Z level=info msg="  --enable-ipv6='false'" subsys=cilium-operator-generic
time=2026-03-08T08:14:32.385605774Z level=info msg="  --enable-ipv6-big-tcp='false'" subsys=cilium-operator-generic
time=2026-03-08T08:14:32.385612245Z level=info msg="  --enable-ipv6-masquerade='true'" subsys=cilium-operator-generic
time=2026-03-08T08:14:32.385618355Z level=info msg="  --enable-k8s='true'" subsys=cilium-operator-generic
time=2026-03-08T08:14:32.385624575Z level=info msg="  --enable-k8s-api-discovery='true'" subsys=cilium-operator-generic
time=2026-03-08T08:14:32.385630895Z level=info msg="  --enable-k8s-cluster-network-policy='false'" subsys=cilium-operator-generic
time=2026-03-08T08:14:32.385637075Z level=info msg="  --enable-k8s-networkpolicy='true'" subsys=cilium-operator-generic
time=2026-03-08T08:14:32.385642925Z level=info msg="  --enable-l2-announcements='true'" subsys=cilium-operator-generic
time=2026-03-08T08:14:32.385648795Z level=info msg="  --enable-l2-neigh-discovery='false'" subsys=cilium-operator-generic
time=2026-03-08T08:14:32.385654965Z level=info msg="  --enable-l7-proxy='true'" subsys=cilium-operator-generic
time=2026-03-08T08:14:32.385661265Z level=info msg="  --enable-lb-ipam='true'" subsys=cilium-operator-generic
time=2026-03-08T08:14:32.385667505Z level=info msg="  --enable-local-redirect-policy='false'" subsys=cilium-operator-generic
time=2026-03-08T08:14:32.385673695Z level=info msg="  --enable-masquerade-to-route-source='false'" subsys=cilium-operator-generic
time=2026-03-08T08:14:32.385679815Z level=info msg="  --enable-metrics='true'" subsys=cilium-operator-generic
time=2026-03-08T08:14:32.385685875Z level=info msg="  --enable-no-service-endpoints-routable='true'" subsys=cilium-operator-generic
time=2026-03-08T08:14:32.385692455Z level=info msg="  --enable-node-ipam='false'" subsys=cilium-operator-generic
time=2026-03-08T08:14:32.385698685Z level=info msg="  --enable-node-selector-labels='false'" subsys=cilium-operator-generic
time=2026-03-08T08:14:32.385704915Z level=info msg="  --enable-non-default-deny-policies='true'" subsys=cilium-operator-generic
time=2026-03-08T08:14:32.385711275Z level=info msg="  --enable-policy='default'" subsys=cilium-operator-generic
time=2026-03-08T08:14:32.385717945Z level=info msg="  --enable-policy-secrets-sync='true'" subsys=cilium-operator-generic
time=2026-03-08T08:14:32.385723965Z level=info msg="  --enable-sctp='false'" subsys=cilium-operator-generic
time=2026-03-08T08:14:32.385729975Z level=info msg="  --enable-source-ip-verification='true'" subsys=cilium-operator-generic
time=2026-03-08T08:14:32.385736235Z level=info msg="  --enable-srv6='false'" subsys=cilium-operator-generic
time=2026-03-08T08:14:32.385742385Z level=info msg="  --enable-tcx='true'" subsys=cilium-operator-generic
time=2026-03-08T08:14:32.385748475Z level=info msg="  --enable-vtep='false'" subsys=cilium-operator-generic
time=2026-03-08T08:14:32.385754495Z level=info msg="  --enable-well-known-identities='false'" subsys=cilium-operator-generic
time=2026-03-08T08:14:32.385760955Z level=info msg="  --enable-wireguard='false'" subsys=cilium-operator-generic
time=2026-03-08T08:14:32.385766915Z level=info msg="  --enable-xt-socket-fallback='true'" subsys=cilium-operator-generic
time=2026-03-08T08:14:32.385773165Z level=info msg="  --enable-ztunnel='false'" subsys=cilium-operator-generic
time=2026-03-08T08:14:32.385779595Z level=info msg="  --enforce-ingress-https='true'" subsys=cilium-operator-generic
time=2026-03-08T08:14:32.385785675Z level=info msg="  --envoy-access-log-buffer-size='4096'" subsys=cilium-operator-generic
time=2026-03-08T08:14:32.385791715Z level=info msg="  --envoy-base-id='0'" subsys=cilium-operator-generic
time=2026-03-08T08:14:32.385797695Z level=info msg="  --envoy-config-retry-interval='15s'" subsys=cilium-operator-generic
time=2026-03-08T08:14:32.385803845Z level=info msg="  --envoy-keep-cap-netbindservice='false'" subsys=cilium-operator-generic
time=2026-03-08T08:14:32.385809915Z level=info msg="  --external-envoy-proxy='true'" subsys=cilium-operator-generic
time=2026-03-08T08:14:32.385816135Z level=info msg="  --gateway-api-hostnetwork-enabled='false'" subsys=cilium-operator-generic
time=2026-03-08T08:14:32.385823465Z level=info msg="  --gateway-api-hostnetwork-nodelabelselector=''" subsys=cilium-operator-generic
time=2026-03-08T08:14:32.385829925Z level=info msg="  --gateway-api-secrets-namespace='cilium-secrets'" subsys=cilium-operator-generic
time=2026-03-08T08:14:32.385836635Z level=info msg="  --gateway-api-service-externaltrafficpolicy='Cluster'" subsys=cilium-operator-generic
time=2026-03-08T08:14:32.385842885Z level=info msg="  --gateway-api-xff-num-trusted-hops='0'" subsys=cilium-operator-generic
time=2026-03-08T08:14:32.385849565Z level=info msg="  --gops-port='9891'" subsys=cilium-operator-generic
time=2026-03-08T08:14:32.385855805Z level=info msg="  --health-check-icmp-failure-threshold='3'" subsys=cilium-operator-generic
time=2026-03-08T08:14:32.385862215Z level=info msg="  --http-retry-count='3'" subsys=cilium-operator-generic
time=2026-03-08T08:14:32.385868285Z level=info msg="  --http-stream-idle-timeout='300'" subsys=cilium-operator-generic
time=2026-03-08T08:14:32.385874415Z level=info msg="  --hubble-disable-tls='false'" subsys=cilium-operator-generic
time=2026-03-08T08:14:32.385880415Z level=info msg="  --hubble-listen-address=':4244'" subsys=cilium-operator-generic
time=2026-03-08T08:14:32.385886535Z level=info msg="  --hubble-network-policy-correlation-enabled='true'" subsys=cilium-operator-generic
time=2026-03-08T08:14:32.385893335Z level=info msg="  --hubble-socket-path='/var/run/cilium/hubble.sock'" subsys=cilium-operator-generic
time=2026-03-08T08:14:32.385899615Z level=info msg="  --hubble-tls-cert-file='/var/lib/cilium/tls/hubble/server.crt'" subsys=cilium-operator-generic
time=2026-03-08T08:14:32.385906255Z level=info msg="  --hubble-tls-client-ca-files='/var/lib/cilium/tls/hubble/client-ca.crt'" subsys=cilium-operator-generic
time=2026-03-08T08:14:32.385912685Z level=info msg="  --hubble-tls-key-file='/var/lib/cilium/tls/hubble/server.key'" subsys=cilium-operator-generic
time=2026-03-08T08:14:32.385919035Z level=info msg="  --identity-allocation-mode='crd'" subsys=cilium-operator-generic
time=2026-03-08T08:14:32.385925185Z level=info msg="  --identity-gc-interval='15m0s'" subsys=cilium-operator-generic
time=2026-03-08T08:14:32.385931695Z level=info msg="  --identity-gc-rate-interval='1m0s'" subsys=cilium-operator-generic
time=2026-03-08T08:14:32.385938825Z level=info msg="  --identity-gc-rate-limit='2500'" subsys=cilium-operator-generic
time=2026-03-08T08:14:32.385944925Z level=info msg="  --identity-heartbeat-timeout='30m0s'" subsys=cilium-operator-generic
time=2026-03-08T08:14:32.385951675Z level=info msg="  --identity-management-mode='agent'" subsys=cilium-operator-generic
time=2026-03-08T08:14:32.385958345Z level=info msg="  --ingress-default-lb-mode='dedicated'" subsys=cilium-operator-generic
time=2026-03-08T08:14:32.385965055Z level=info msg="  --ingress-default-request-timeout='0s'" subsys=cilium-operator-generic
time=2026-03-08T08:14:32.385971955Z level=info msg="  --ingress-default-secret-name=''" subsys=cilium-operator-generic
time=2026-03-08T08:14:32.385979135Z level=info msg="  --ingress-default-secret-namespace=''" subsys=cilium-operator-generic
time=2026-03-08T08:14:32.385985755Z level=info msg="  --ingress-default-xff-num-trusted-hops='0'" subsys=cilium-operator-generic
time=2026-03-08T08:14:32.385992375Z level=info msg="  --ingress-hostnetwork-enabled='false'" subsys=cilium-operator-generic
time=2026-03-08T08:14:32.385998845Z level=info msg="  --ingress-hostnetwork-http-listener-port='0'" subsys=cilium-operator-generic
time=2026-03-08T08:14:32.386005305Z level=info msg="  --ingress-hostnetwork-https-listener-port='0'" subsys=cilium-operator-generic
time=2026-03-08T08:14:32.386012475Z level=info msg="  --ingress-hostnetwork-nodelabelselector=''" subsys=cilium-operator-generic
time=2026-03-08T08:14:32.386018745Z level=info msg="  --ingress-hostnetwork-shared-listener-port='0'" subsys=cilium-operator-generic
time=2026-03-08T08:14:32.386025265Z level=info msg="  --ingress-hostnetwork-tls-passthrough-listener-port='0'" subsys=cilium-operator-generic
time=2026-03-08T08:14:32.386035345Z level=info msg="  --ingress-lb-annotation-prefixes='lbipam.cilium.io,service.beta.kubernetes.io,service.kubernetes.io,cloud.google.com'" subsys=cilium-operator-generic
time=2026-03-08T08:14:32.386042915Z level=info msg="  --ingress-secrets-namespace='cilium-secrets'" subsys=cilium-operator-generic
time=2026-03-08T08:14:32.386049305Z level=info msg="  --ingress-shared-lb-service-name='cilium-ingress'" subsys=cilium-operator-generic
time=2026-03-08T08:14:32.386055925Z level=info msg="  --install-no-conntrack-iptables-rules='false'" subsys=cilium-operator-generic
time=2026-03-08T08:14:32.386063285Z level=info msg="  --instance-tags-filter=''" subsys=cilium-operator-generic
time=2026-03-08T08:14:32.386069455Z level=info msg="  --ipam='kubernetes'" subsys=cilium-operator-generic
time=2026-03-08T08:14:32.386075765Z level=info msg="  --ipam-cilium-node-update-rate='15s'" subsys=cilium-operator-generic
time=2026-03-08T08:14:32.386081685Z level=info msg="  --iptables-random-fully='false'" subsys=cilium-operator-generic
time=2026-03-08T08:14:32.386089445Z level=info msg="  --k8s-api-server=''" subsys=cilium-operator-generic
time=2026-03-08T08:14:32.386099995Z level=info msg="  --k8s-api-server-urls=''" subsys=cilium-operator-generic
time=2026-03-08T08:14:32.386106595Z level=info msg="  --k8s-client-connection-keep-alive='30s'" subsys=cilium-operator-generic
time=2026-03-08T08:14:32.386113465Z level=info msg="  --k8s-client-connection-timeout='30s'" subsys=cilium-operator-generic
time=2026-03-08T08:14:32.386120025Z level=info msg="  --k8s-heartbeat-timeout='30s'" subsys=cilium-operator-generic
time=2026-03-08T08:14:32.386127325Z level=info msg="  --k8s-kubeconfig-path=''" subsys=cilium-operator-generic
time=2026-03-08T08:14:32.386133865Z level=info msg="  --k8s-namespace='kube-system'" subsys=cilium-operator-generic
time=2026-03-08T08:14:32.386140145Z level=info msg="  --k8s-require-ipv4-pod-cidr='false'" subsys=cilium-operator-generic
time=2026-03-08T08:14:32.386146255Z level=info msg="  --k8s-require-ipv6-pod-cidr='false'" subsys=cilium-operator-generic
time=2026-03-08T08:14:32.386153425Z level=info msg="  --k8s-service-proxy-name=''" subsys=cilium-operator-generic
time=2026-03-08T08:14:32.386159635Z level=info msg="  --kube-proxy-replacement='true'" subsys=cilium-operator-generic
time=2026-03-08T08:14:32.386166585Z level=info msg="  --kube-proxy-replacement-healthz-bind-address=''" subsys=cilium-operator-generic
time=2026-03-08T08:14:32.386173655Z level=info msg="  --kvstore=''" subsys=cilium-operator-generic
time=2026-03-08T08:14:32.386180095Z level=info msg="  --kvstore-lease-ttl='15m0s'" subsys=cilium-operator-generic
time=2026-03-08T08:14:32.386186685Z level=info msg="  --kvstore-max-consecutive-quorum-errors='2'" subsys=cilium-operator-generic
time=2026-03-08T08:14:32.386197725Z level=info msg="  --kvstore-opt=''" subsys=cilium-operator-generic
time=2026-03-08T08:14:32.386204495Z level=info msg="  --leader-election-lease-duration='15s'" subsys=cilium-operator-generic
time=2026-03-08T08:14:32.386210875Z level=info msg="  --leader-election-renew-deadline='10s'" subsys=cilium-operator-generic
time=2026-03-08T08:14:32.386217255Z level=info msg="  --leader-election-resource-lock-timeout='0s'" subsys=cilium-operator-generic
time=2026-03-08T08:14:32.386223625Z level=info msg="  --leader-election-retry-period='2s'" subsys=cilium-operator-generic
time=2026-03-08T08:14:32.386230505Z level=info msg="  --limit-ipam-api-burst='20'" subsys=cilium-operator-generic
time=2026-03-08T08:14:32.386237735Z level=info msg="  --limit-ipam-api-qps='4'" subsys=cilium-operator-generic
time=2026-03-08T08:14:32.386245055Z level=info msg="  --loadbalancer-l7=''" subsys=cilium-operator-generic
time=2026-03-08T08:14:32.386251655Z level=info msg="  --loadbalancer-l7-algorithm='round_robin'" subsys=cilium-operator-generic
time=2026-03-08T08:14:32.386261055Z level=info msg="  --loadbalancer-l7-ports=''" subsys=cilium-operator-generic
time=2026-03-08T08:14:32.386276925Z level=info msg="  --log-driver=''" subsys=cilium-operator-generic
time=2026-03-08T08:14:32.386291025Z level=info msg="  --log-opt=''" subsys=cilium-operator-generic
time=2026-03-08T08:14:32.386298055Z level=info msg="  --max-connected-clusters='255'" subsys=cilium-operator-generic
time=2026-03-08T08:14:32.386304225Z level=info msg="  --mesh-auth-enabled='false'" subsys=cilium-operator-generic
time=2026-03-08T08:14:32.386310335Z level=info msg="  --mesh-auth-gc-interval='5m0s'" subsys=cilium-operator-generic
time=2026-03-08T08:14:32.386316795Z level=info msg="  --mesh-auth-mutual-enabled='false'" subsys=cilium-operator-generic
time=2026-03-08T08:14:32.386322995Z level=info msg="  --mesh-auth-queue-size='1024'" subsys=cilium-operator-generic
time=2026-03-08T08:14:32.386329475Z level=info msg="  --mesh-auth-rotated-identities-queue-size='1024'" subsys=cilium-operator-generic
time=2026-03-08T08:14:32.386336105Z level=info msg="  --mesh-auth-spiffe-trust-domain='spiffe.cilium'" subsys=cilium-operator-generic
time=2026-03-08T08:14:32.386342965Z level=info msg="  --mesh-auth-spire-agent-socket='/run/spire/sockets/agent/agent.sock'" subsys=cilium-operator-generic
time=2026-03-08T08:14:32.386350335Z level=info msg="  --mesh-auth-spire-server-address='spire-server.spire.svc:8081'" subsys=cilium-operator-generic
time=2026-03-08T08:14:32.386357155Z level=info msg="  --mesh-auth-spire-server-connection-timeout='10s'" subsys=cilium-operator-generic
time=2026-03-08T08:14:32.386363475Z level=info msg="  --metrics-sampling-interval='5m'" subsys=cilium-operator-generic
time=2026-03-08T08:14:32.386369655Z level=info msg="  --monitor-aggregation='medium'" subsys=cilium-operator-generic
time=2026-03-08T08:14:32.386375785Z level=info msg="  --monitor-aggregation-flags='all'" subsys=cilium-operator-generic
time=2026-03-08T08:14:32.386381845Z level=info msg="  --monitor-aggregation-interval='5s'" subsys=cilium-operator-generic
time=2026-03-08T08:14:32.386387925Z level=info msg="  --nat-map-stats-entries='32'" subsys=cilium-operator-generic
time=2026-03-08T08:14:32.386393865Z level=info msg="  --nat-map-stats-interval='30s'" subsys=cilium-operator-generic
time=2026-03-08T08:14:32.386399865Z level=info msg="  --node-port-bind-protection='true'" subsys=cilium-operator-generic
time=2026-03-08T08:14:32.386406685Z level=info msg="  --nodeport-addresses=''" subsys=cilium-operator-generic
time=2026-03-08T08:14:32.386412755Z level=info msg="  --nodes-gc-interval='5m0s'" subsys=cilium-operator-generic
time=2026-03-08T08:14:32.386418995Z level=info msg="  --operator-api-serve-addr='127.0.0.1:9234'" subsys=cilium-operator-generic
time=2026-03-08T08:14:32.386425755Z level=info msg="  --operator-k8s-client-burst='200'" subsys=cilium-operator-generic
time=2026-03-08T08:14:32.386432505Z level=info msg="  --operator-k8s-client-qps='100'" subsys=cilium-operator-generic
time=2026-03-08T08:14:32.386438915Z level=info msg="  --operator-pprof='false'" subsys=cilium-operator-generic
time=2026-03-08T08:14:32.386446915Z level=info msg="  --operator-pprof-address='localhost'" subsys=cilium-operator-generic
time=2026-03-08T08:14:32.386453195Z level=info msg="  --operator-pprof-block-profile-rate='0'" subsys=cilium-operator-generic
time=2026-03-08T08:14:32.386459725Z level=info msg="  --operator-pprof-mutex-profile-fraction='0'" subsys=cilium-operator-generic
time=2026-03-08T08:14:32.386466045Z level=info msg="  --operator-pprof-port='6061'" subsys=cilium-operator-generic
time=2026-03-08T08:14:32.386472655Z level=info msg="  --operator-prometheus-enable-tls='false'" subsys=cilium-operator-generic
time=2026-03-08T08:14:32.386478905Z level=info msg="  --operator-prometheus-serve-addr=':9963'" subsys=cilium-operator-generic
time=2026-03-08T08:14:32.386486185Z level=info msg="  --operator-prometheus-tls-cert-file=''" subsys=cilium-operator-generic
time=2026-03-08T08:14:32.386555175Z level=info msg="  --operator-prometheus-tls-client-ca-files=''" subsys=cilium-operator-generic
time=2026-03-08T08:14:32.386567975Z level=info msg="  --operator-prometheus-tls-key-file=''" subsys=cilium-operator-generic
time=2026-03-08T08:14:32.386575055Z level=info msg="  --packetization-layer-pmtud-mode='blackhole'" subsys=cilium-operator-generic
time=2026-03-08T08:14:32.386581995Z level=info msg="  --parallel-alloc-workers='50'" subsys=cilium-operator-generic
time=2026-03-08T08:14:32.386588795Z level=info msg="  --pod-restart-selector='k8s-app=kube-dns'" subsys=cilium-operator-generic
time=2026-03-08T08:14:32.386595695Z level=info msg="  --policy-cidr-match-mode=''" subsys=cilium-operator-generic
time=2026-03-08T08:14:32.386602535Z level=info msg="  --policy-default-local-cluster='true'" subsys=cilium-operator-generic
time=2026-03-08T08:14:32.386608755Z level=info msg="  --policy-deny-response='none'" subsys=cilium-operator-generic
time=2026-03-08T08:14:32.386615135Z level=info msg="  --policy-secrets-namespace='cilium-secrets'" subsys=cilium-operator-generic
time=2026-03-08T08:14:32.386621535Z level=info msg="  --policy-secrets-only-from-secrets-namespace='true'" subsys=cilium-operator-generic
time=2026-03-08T08:14:32.386627855Z level=info msg="  --preallocate-bpf-maps='false'" subsys=cilium-operator-generic
time=2026-03-08T08:14:32.386633965Z level=info msg="  --procfs='/host/proc'" subsys=cilium-operator-generic
time=2026-03-08T08:14:32.386640055Z level=info msg="  --proxy-cluster-max-connections='1024'" subsys=cilium-operator-generic
time=2026-03-08T08:14:32.386646055Z level=info msg="  --proxy-cluster-max-requests='1024'" subsys=cilium-operator-generic
time=2026-03-08T08:14:32.386651935Z level=info msg="  --proxy-connect-timeout='2'" subsys=cilium-operator-generic
time=2026-03-08T08:14:32.386657935Z level=info msg="  --proxy-idle-timeout-seconds='60'" subsys=cilium-operator-generic
time=2026-03-08T08:14:32.386664515Z level=info msg="  --proxy-initial-fetch-timeout='30'" subsys=cilium-operator-generic
time=2026-03-08T08:14:32.386671345Z level=info msg="  --proxy-max-active-downstream-connections='50000'" subsys=cilium-operator-generic
time=2026-03-08T08:14:32.386678125Z level=info msg="  --proxy-max-concurrent-retries='128'" subsys=cilium-operator-generic
time=2026-03-08T08:14:32.386684315Z level=info msg="  --proxy-max-connection-duration-seconds='0'" subsys=cilium-operator-generic
time=2026-03-08T08:14:32.386690455Z level=info msg="  --proxy-max-requests-per-connection='0'" subsys=cilium-operator-generic
time=2026-03-08T08:14:32.386696605Z level=info msg="  --proxy-use-original-source-address='true'" subsys=cilium-operator-generic
time=2026-03-08T08:14:32.386703195Z level=info msg="  --proxy-xff-num-trusted-hops-egress='0'" subsys=cilium-operator-generic
time=2026-03-08T08:14:32.386709265Z level=info msg="  --proxy-xff-num-trusted-hops-ingress='0'" subsys=cilium-operator-generic
time=2026-03-08T08:14:32.386715425Z level=info msg="  --remove-cilium-node-taints='true'" subsys=cilium-operator-generic
time=2026-03-08T08:14:32.386721295Z level=info msg="  --routing-mode='tunnel'" subsys=cilium-operator-generic
time=2026-03-08T08:14:32.386727355Z level=info msg="  --service-no-backend-response='reject'" subsys=cilium-operator-generic
time=2026-03-08T08:14:32.386733625Z level=info msg="  --set-cilium-is-up-condition='true'" subsys=cilium-operator-generic
time=2026-03-08T08:14:32.386739825Z level=info msg="  --set-cilium-node-taints='true'" subsys=cilium-operator-generic
time=2026-03-08T08:14:32.386747095Z level=info msg="  --shell-sock-path='/var/run/cilium/shell.sock'" subsys=cilium-operator-generic
time=2026-03-08T08:14:32.386753785Z level=info msg="  --skip-crd-creation='false'" subsys=cilium-operator-generic
time=2026-03-08T08:14:32.386763475Z level=info msg="  --subnet-ids-filter=''" subsys=cilium-operator-generic
time=2026-03-08T08:14:32.386770785Z level=info msg="  --subnet-tags-filter=''" subsys=cilium-operator-generic
time=2026-03-08T08:14:32.386777285Z level=info msg="  --synchronize-k8s-nodes='true'" subsys=cilium-operator-generic
time=2026-03-08T08:14:32.386783745Z level=info msg="  --synchronize-k8s-services='true'" subsys=cilium-operator-generic
time=2026-03-08T08:14:32.386790175Z level=info msg="  --taint-sync-workers='10'" subsys=cilium-operator-generic
time=2026-03-08T08:14:32.386796325Z level=info msg="  --tofqdns-dns-reject-response-code='refused'" subsys=cilium-operator-generic
time=2026-03-08T08:14:32.386802665Z level=info msg="  --tofqdns-enable-dns-compression='true'" subsys=cilium-operator-generic
time=2026-03-08T08:14:32.386809005Z level=info msg="  --tofqdns-endpoint-max-ip-per-hostname='1000'" subsys=cilium-operator-generic
time=2026-03-08T08:14:32.386815415Z level=info msg="  --tofqdns-idle-connection-grace-period='0s'" subsys=cilium-operator-generic
time=2026-03-08T08:14:32.386821595Z level=info msg="  --tofqdns-max-deferred-connection-deletes='10000'" subsys=cilium-operator-generic
time=2026-03-08T08:14:32.386828015Z level=info msg="  --tofqdns-preallocate-identities='true'" subsys=cilium-operator-generic
time=2026-03-08T08:14:32.386834145Z level=info msg="  --tofqdns-proxy-response-max-delay='100ms'" subsys=cilium-operator-generic
time=2026-03-08T08:14:32.387195975Z level=debug source=/go/src/github.com/cilium/cilium/vendor/github.com/cilium/hive/cell/invoke.go:38 msg=Invoking function="pprof.Cell[...].func1 (pkg/pprof/cell.go:57)"
time=2026-03-08T08:14:32.386840845Z level=info msg="  --tunnel-protocol='vxlan'" subsys=cilium-operator-generic
time=2026-03-08T08:14:32.386847505Z level=info msg="  --tunnel-source-port-range='0-0'" subsys=cilium-operator-generic
time=2026-03-08T08:14:32.386853705Z level=info msg="  --unmanaged-pod-watcher-interval='15s'" subsys=cilium-operator-generic
time=2026-03-08T08:14:32.386860305Z level=info msg="  --validate-network-policy='true'" subsys=cilium-operator-generic
time=2026-03-08T08:14:32.386866455Z level=info msg="  --version='false'" subsys=cilium-operator-generic
time=2026-03-08T08:14:32.386872985Z level=info msg="  --vtep-cidr=''" subsys=cilium-operator-generic
time=2026-03-08T08:14:32.386880755Z level=info msg="  --vtep-endpoint=''" subsys=cilium-operator-generic
time=2026-03-08T08:14:32.386891085Z level=info msg="  --vtep-mac=''" subsys=cilium-operator-generic
time=2026-03-08T08:14:32.386902205Z level=info msg="  --vtep-mask=''" subsys=cilium-operator-generic
time=2026-03-08T08:14:32.386912685Z level=info msg="  --write-cni-conf-when-ready='/host/etc/cni/net.d/05-cilium.conflist'" subsys=cilium-operator-generic
time=2026-03-08T08:14:32.387079355Z level=info msg="Cilium Operator" subsys=cilium-operator-generic version="1.20.0-dev 1f476743 2026-02-09T13:11:27-08:00 go version go1.26.0 linux/amd64"
time=2026-03-08T08:14:32.387821526Z level=debug source=/go/src/github.com/cilium/cilium/vendor/github.com/cilium/hive/cell/invoke.go:59 msg=Invoked duration=602.34µs function="pprof.Cell[...].func1 (pkg/pprof/cell.go:57)"
time=2026-03-08T08:14:32.387844935Z level=debug source=/go/src/github.com/cilium/cilium/vendor/github.com/cilium/hive/cell/invoke.go:38 msg=Invoking function="gops.registerGopsHooks (pkg/gops/cell.go:40)"
time=2026-03-08T08:14:32.388050895Z level=debug source=/go/src/github.com/cilium/cilium/vendor/github.com/cilium/hive/cell/invoke.go:59 msg=Invoked duration=196.58µs function="gops.registerGopsHooks (pkg/gops/cell.go:40)"
time=2026-03-08T08:14:32.388067686Z level=debug source=/go/src/github.com/cilium/cilium/vendor/github.com/cilium/hive/cell/invoke.go:38 msg=Invoking function="kvstore.Config.Validate (pkg/kvstore/cell.go:87)"
time=2026-03-08T08:14:32.388279006Z level=debug source=/go/src/github.com/cilium/cilium/vendor/github.com/cilium/hive/cell/invoke.go:59 msg=Invoked duration=203.609µs function="kvstore.Config.Validate (pkg/kvstore/cell.go:87)"
time=2026-03-08T08:14:32.388297686Z level=debug source=/go/src/github.com/cilium/cilium/vendor/github.com/cilium/hive/cell/invoke.go:38 msg=Invoking function="metrics.initializeMetrics (.../operator/metrics/metrics.go:41)"
time=2026-03-08T08:14:32.389204466Z level=info source=/go/src/github.com/cilium/cilium/pkg/crypto/certloader/cell.go:43 msg="Certloader TLS watcher disabled" module=operator.operator-infra.operator-metrics config=certloader-server-tls
time=2026-03-08T08:14:32.389243346Z level=debug source=/go/src/github.com/cilium/cilium/operator/metrics/certloader.go:77 msg="Operator prometheus TLS disabled" module=operator.operator-infra.operator-metrics
time=2026-03-08T08:14:32.389910166Z level=debug source=/go/src/github.com/cilium/cilium/vendor/github.com/cilium/hive/cell/invoke.go:59 msg=Invoked duration=1.591921ms function="metrics.initializeMetrics (.../operator/metrics/metrics.go:41)"
time=2026-03-08T08:14:32.389933086Z level=debug source=/go/src/github.com/cilium/cilium/vendor/github.com/cilium/hive/cell/invoke.go:38 msg=Invoking function="shell.registerShell (.../hive/shell/server.go:40)"
time=2026-03-08T08:14:32.391219786Z level=debug source=/go/src/github.com/cilium/cilium/vendor/github.com/cilium/hive/cell/invoke.go:59 msg=Invoked duration=1.27659ms function="shell.registerShell (.../hive/shell/server.go:40)"
time=2026-03-08T08:14:32.391275646Z level=debug source=/go/src/github.com/cilium/cilium/vendor/github.com/cilium/hive/cell/invoke.go:38 msg=Invoking function="types.ClusterInfo.InitClusterIDMax (.../clustermesh/types/types.go:41)"
time=2026-03-08T08:14:32.391475436Z level=debug source=/go/src/github.com/cilium/cilium/vendor/github.com/cilium/hive/cell/invoke.go:59 msg=Invoked duration=188.8µs function="types.ClusterInfo.InitClusterIDMax (.../clustermesh/types/types.go:41)"
time=2026-03-08T08:14:32.391493796Z level=debug source=/go/src/github.com/cilium/cilium/vendor/github.com/cilium/hive/cell/invoke.go:38 msg=Invoking function="types.ClusterInfo.Validate (.../clustermesh/types/option.go:50)"
time=2026-03-08T08:14:32.391507916Z level=debug source=/go/src/github.com/cilium/cilium/vendor/github.com/cilium/hive/cell/invoke.go:59 msg=Invoked duration=6.46µs function="types.ClusterInfo.Validate (.../clustermesh/types/option.go:50)"
time=2026-03-08T08:14:32.391516166Z level=debug source=/go/src/github.com/cilium/cilium/vendor/github.com/cilium/hive/cell/invoke.go:38 msg=Invoking function="controller.Init (pkg/controller/cell.go:71)"
time=2026-03-08T08:14:32.391725167Z level=debug source=/go/src/github.com/cilium/cilium/vendor/github.com/cilium/hive/cell/invoke.go:59 msg=Invoked duration=200.95µs function="controller.Init (pkg/controller/cell.go:71)"
time=2026-03-08T08:14:32.391743016Z level=debug source=/go/src/github.com/cilium/cilium/vendor/github.com/cilium/hive/cell/invoke.go:38 msg=Invoking function="api.init.func1 (.../operator/api/cell.go:31)"
time=2026-03-08T08:14:32.40333804Z level=debug source=/go/src/github.com/cilium/cilium/vendor/github.com/cilium/hive/cell/invoke.go:59 msg=Invoked duration=11.582144ms function="api.init.func1 (.../operator/api/cell.go:31)"
time=2026-03-08T08:14:32.403414711Z level=debug source=/go/src/github.com/cilium/cilium/vendor/github.com/cilium/hive/cell/invoke.go:38 msg=Invoking function="apis.createCRDs (.../k8s/apis/cell.go:62)"
time=2026-03-08T08:14:32.404065821Z level=debug source=/go/src/github.com/cilium/cilium/vendor/github.com/cilium/hive/cell/invoke.go:59 msg=Invoked duration=640.001µs function="apis.createCRDs (.../k8s/apis/cell.go:62)"
time=2026-03-08T08:14:32.404086141Z level=debug source=/go/src/github.com/cilium/cilium/vendor/github.com/cilium/hive/cell/invoke.go:38 msg=Invoking function="heartbeat.init.func1 (.../kvstore/heartbeat/cell.go:30)"
time=2026-03-08T08:14:32.404468801Z level=debug source=/go/src/github.com/cilium/cilium/vendor/github.com/cilium/hive/cell/invoke.go:59 msg=Invoked duration=373.88µs function="heartbeat.init.func1 (.../kvstore/heartbeat/cell.go:30)"
time=2026-03-08T08:14:32.404486031Z level=debug source=/go/src/github.com/cilium/cilium/vendor/github.com/cilium/hive/cell/invoke.go:38 msg=Invoking function="clustercfg.RegisterEnforcer (.../clustermesh/clustercfg/enforce.go:24)"
time=2026-03-08T08:14:32.404855881Z level=debug source=/go/src/github.com/cilium/cilium/vendor/github.com/cilium/hive/cell/invoke.go:59 msg=Invoked duration=361.63µs function="clustercfg.RegisterEnforcer (.../clustermesh/clustercfg/enforce.go:24)"
time=2026-03-08T08:14:32.404873601Z level=debug source=/go/src/github.com/cilium/cilium/vendor/github.com/cilium/hive/cell/invoke.go:38 msg=Invoking function="bgp.registerBGPResourceManager (pkg/bgp/manager.go:88)"
time=2026-03-08T08:14:32.405377101Z level=debug source=/go/src/github.com/cilium/cilium/vendor/github.com/cilium/hive/cell/invoke.go:59 msg=Invoked duration=494.33µs function="bgp.registerBGPResourceManager (pkg/bgp/manager.go:88)"
time=2026-03-08T08:14:32.405397301Z level=debug source=/go/src/github.com/cilium/cilium/vendor/github.com/cilium/hive/cell/invoke.go:38 msg=Invoking function="bgp.registerPeerConfigStatusReconciler (pkg/bgp/peer.go:49)"
time=2026-03-08T08:14:32.405481541Z level=debug source=/go/src/github.com/cilium/cilium/vendor/github.com/cilium/hive/cell/invoke.go:59 msg=Invoked duration=75.29µs function="bgp.registerPeerConfigStatusReconciler (pkg/bgp/peer.go:49)"
time=2026-03-08T08:14:32.405498131Z level=debug source=/go/src/github.com/cilium/cilium/vendor/github.com/cilium/hive/cell/invoke.go:38 msg=Invoking function="lbipam.init.func1 (pkg/lbipam/cell.go:32)"
time=2026-03-08T08:14:32.405879041Z level=debug source=/go/src/github.com/cilium/cilium/vendor/github.com/cilium/hive/cell/invoke.go:59 msg=Invoked duration=372.44µs function="lbipam.init.func1 (pkg/lbipam/cell.go:32)"
time=2026-03-08T08:14:32.405897972Z level=debug source=/go/src/github.com/cilium/cilium/vendor/github.com/cilium/hive/cell/invoke.go:38 msg=Invoking function="nodeipam.registerNodeSvcLBReconciler (pkg/nodeipam/cell.go:36)"
time=2026-03-08T08:14:32.406829562Z level=debug source=/go/src/github.com/cilium/cilium/vendor/github.com/cilium/hive/cell/invoke.go:59 msg=Invoked duration=921.581µs function="nodeipam.registerNodeSvcLBReconciler (pkg/nodeipam/cell.go:36)"
time=2026-03-08T08:14:32.406858822Z level=debug source=/go/src/github.com/cilium/cilium/vendor/github.com/cilium/hive/cell/invoke.go:38 msg=Invoking function="auth.registerIdentityWatcher (.../operator/auth/watcher.go:44)"
time=2026-03-08T08:14:32.407307812Z level=debug source=/go/src/github.com/cilium/cilium/vendor/github.com/cilium/hive/cell/invoke.go:59 msg=Invoked duration=436.7µs function="auth.registerIdentityWatcher (.../operator/auth/watcher.go:44)"
time=2026-03-08T08:14:32.407331052Z level=debug source=/go/src/github.com/cilium/cilium/vendor/github.com/cilium/hive/cell/invoke.go:38 msg=Invoking function="endpointslicesync.registerEndpointSliceSync (.../clustermesh/endpointslicesync/endpointslicesync.go:15)"
time=2026-03-08T08:14:32.407665852Z level=debug source=/go/src/github.com/cilium/cilium/vendor/github.com/cilium/hive/cell/invoke.go:59 msg=Invoked duration=325.69µs function="endpointslicesync.registerEndpointSliceSync (.../clustermesh/endpointslicesync/endpointslicesync.go:15)"
time=2026-03-08T08:14:32.407683042Z level=debug source=/go/src/github.com/cilium/cilium/vendor/github.com/cilium/hive/cell/invoke.go:38 msg=Invoking function="mcsapi.registerMCSAPIController (.../clustermesh/mcsapi/cell.go:107)"
time=2026-03-08T08:14:32.408010322Z level=debug source=/go/src/github.com/cilium/cilium/vendor/github.com/cilium/hive/cell/invoke.go:59 msg=Invoked duration=319.52µs function="mcsapi.registerMCSAPIController (.../clustermesh/mcsapi/cell.go:107)"
time=2026-03-08T08:14:32.408028142Z level=debug source=/go/src/github.com/cilium/cilium/vendor/github.com/cilium/hive/cell/invoke.go:38 msg=Invoking function="locksweeper.runLockSweeper (.../kvstore/locksweeper/locksweeper.go:36)"
time=2026-03-08T08:14:32.408273013Z level=debug source=/go/src/github.com/cilium/cilium/vendor/github.com/cilium/hive/cell/invoke.go:59 msg=Invoked duration=237.281µs function="locksweeper.runLockSweeper (.../kvstore/locksweeper/locksweeper.go:36)"
time=2026-03-08T08:14:32.408288573Z level=debug source=/go/src/github.com/cilium/cilium/vendor/github.com/cilium/hive/cell/invoke.go:38 msg=Invoking function="watchers.registerCiliumNodeGC (.../operator/watchers/cilium_node_gc_cell.go:61)"
time=2026-03-08T08:14:32.408592293Z level=debug source=/go/src/github.com/cilium/cilium/vendor/github.com/cilium/hive/cell/invoke.go:59 msg=Invoked duration=295.781µs function="watchers.registerCiliumNodeGC (.../operator/watchers/cilium_node_gc_cell.go:61)"
time=2026-03-08T08:14:32.408611863Z level=debug source=/go/src/github.com/cilium/cilium/vendor/github.com/cilium/hive/cell/invoke.go:38 msg=Invoking function="cmd.registerLegacyOnLeader (cmd/root.go:625)"
time=2026-03-08T08:14:32.408894363Z level=debug source=/go/src/github.com/cilium/cilium/vendor/github.com/cilium/hive/cell/invoke.go:59 msg=Invoked duration=273.52µs function="cmd.registerLegacyOnLeader (cmd/root.go:625)"
time=2026-03-08T08:14:32.408921273Z level=debug source=/go/src/github.com/cilium/cilium/vendor/github.com/cilium/hive/cell/invoke.go:38 msg=Invoking function="identitygc.registerGC (.../operator/identitygc/gc.go:91)"
time=2026-03-08T08:14:32.409371523Z level=debug source=/go/src/github.com/cilium/cilium/vendor/github.com/cilium/hive/cell/invoke.go:59 msg=Invoked duration=436.4µs function="identitygc.registerGC (.../operator/identitygc/gc.go:91)"
time=2026-03-08T08:14:32.409392033Z level=debug source=/go/src/github.com/cilium/cilium/vendor/github.com/cilium/hive/cell/invoke.go:38 msg=Invoking function="ciliumidentity.registerController (pkg/ciliumidentity/controller.go:96)"
time=2026-03-08T08:14:32.409766973Z level=debug source=/go/src/github.com/cilium/cilium/vendor/github.com/cilium/hive/cell/invoke.go:59 msg=Invoked duration=365.85µs function="ciliumidentity.registerController (pkg/ciliumidentity/controller.go:96)"
time=2026-03-08T08:14:32.409785143Z level=debug source=/go/src/github.com/cilium/cilium/vendor/github.com/cilium/hive/cell/invoke.go:38 msg=Invoking function="doublewrite.registerDoubleWriteMetricReporter (.../operator/doublewrite/metricreporter.go:63)"
time=2026-03-08T08:14:32.410052173Z level=debug source=/go/src/github.com/cilium/cilium/vendor/github.com/cilium/hive/cell/invoke.go:59 msg=Invoked duration=258.58µs function="doublewrite.registerDoubleWriteMetricReporter (.../operator/doublewrite/metricreporter.go:63)"
time=2026-03-08T08:14:32.410068493Z level=debug source=/go/src/github.com/cilium/cilium/vendor/github.com/cilium/hive/cell/invoke.go:38 msg=Invoking function="ciliumendpointslice.registerController (pkg/ciliumendpointslice/controller.go:139)"
time=2026-03-08T08:14:32.410895763Z level=debug source=/go/src/github.com/cilium/cilium/vendor/github.com/cilium/hive/cell/invoke.go:59 msg=Invoked duration=817.34µs function="ciliumendpointslice.registerController (pkg/ciliumendpointslice/controller.go:139)"
time=2026-03-08T08:14:32.410922003Z level=debug source=/go/src/github.com/cilium/cilium/vendor/github.com/cilium/hive/cell/invoke.go:38 msg=Invoking function="endpointgc.registerGC (.../operator/endpointgc/gc.go:57)"
time=2026-03-08T08:14:32.411250534Z level=debug source=/go/src/github.com/cilium/cilium/vendor/github.com/cilium/hive/cell/invoke.go:59 msg=Invoked duration=317.721µs function="endpointgc.registerGC (.../operator/endpointgc/gc.go:57)"
time=2026-03-08T08:14:32.411274644Z level=debug source=/go/src/github.com/cilium/cilium/vendor/github.com/cilium/hive/cell/invoke.go:38 msg=Invoking function="unmanagedpods.registerController (.../operator/unmanagedpods/controller.go:45)"
time=2026-03-08T08:14:32.411559124Z level=debug source=/go/src/github.com/cilium/cilium/vendor/github.com/cilium/hive/cell/invoke.go:59 msg=Invoked duration=274.65µs function="unmanagedpods.registerController (.../operator/unmanagedpods/controller.go:45)"
time=2026-03-08T08:14:32.411576344Z level=debug source=/go/src/github.com/cilium/cilium/vendor/github.com/cilium/hive/cell/invoke.go:38 msg=Invoking function="policyderivative.registerWatchers (.../operator/policyderivative/controller.go:28)"
time=2026-03-08T08:14:32.411849214Z level=debug source=/go/src/github.com/cilium/cilium/vendor/github.com/cilium/hive/cell/invoke.go:59 msg=Invoked duration=264.86µs function="policyderivative.registerWatchers (.../operator/policyderivative/controller.go:28)"
time=2026-03-08T08:14:32.411866674Z level=debug source=/go/src/github.com/cilium/cilium/vendor/github.com/cilium/hive/cell/invoke.go:38 msg=Invoking function="endpointslicegc.registerGC (.../operator/endpointslicegc/gc.go:42)"
time=2026-03-08T08:14:32.412110464Z level=debug source=/go/src/github.com/cilium/cilium/vendor/github.com/cilium/hive/cell/invoke.go:59 msg=Invoked duration=234.93µs function="endpointslicegc.registerGC (.../operator/endpointslicegc/gc.go:42)"
time=2026-03-08T08:14:32.412126064Z level=debug source=/go/src/github.com/cilium/cilium/vendor/github.com/cilium/hive/cell/invoke.go:38 msg=Invoking function="gateway-api.initGatewayAPIController (pkg/gateway-api/cell.go:210)"
time=2026-03-08T08:14:32.412487194Z level=info source=/go/src/github.com/cilium/cilium/operator/pkg/gateway-api/cell.go:118 msg="Checking for required and optional GatewayAPI resources" module=operator.operator-controlplane.leader-lifecycle.gateway-api requiredGVK="[gateway.networking.k8s.io/v1, Kind=gatewayclasses gateway.networking.k8s.io/v1, Kind=gateways gateway.networking.k8s.io/v1, Kind=httproutes gateway.networking.k8s.io/v1, Kind=grpcroutes gateway.networking.k8s.io/v1beta1, Kind=referencegrants]" optionalGVK="[gateway.networking.k8s.io/v1alpha2, Kind=tlsroutes multicluster.x-k8s.io/v1alpha1, Kind=serviceimports]"
time=2026-03-08T08:14:32.453740569Z level=debug source=/go/src/github.com/cilium/cilium/operator/pkg/gateway-api/cell.go:393 msg="CRD is not present, will not handle it" module=operator.operator-controlplane.leader-lifecycle.gateway-api optionalGVK="multicluster.x-k8s.io/v1alpha1, Kind=serviceimports"
time=2026-03-08T08:14:32.453911309Z level=debug source=/go/src/github.com/cilium/cilium/pkg/hive/health/provider.go:89 msg="upserting health status" module=health lastLevel=none reporter-id=operator.operator-controlplane.leader-lifecycle.gateway-api. status="operator.operator-controlplane.leader-lifecycle.gateway-api.: [OK] Gateway API CRDs discovered"
time=2026-03-08T08:14:32.462340092Z level=info source=/go/src/github.com/cilium/cilium/operator/pkg/gateway-api/cell.go:431 msg="TLSRoute CRD is installed, TLSRoute support is enabled" module=operator.operator-controlplane.leader-lifecycle.gateway-api
time=2026-03-08T08:14:32.462396192Z level=debug source=/go/src/github.com/cilium/cilium/vendor/github.com/cilium/hive/cell/invoke.go:59 msg=Invoked duration=50.258468ms function="gateway-api.initGatewayAPIController (pkg/gateway-api/cell.go:210)"
time=2026-03-08T08:14:32.462415322Z level=debug source=/go/src/github.com/cilium/cilium/vendor/github.com/cilium/hive/cell/invoke.go:38 msg=Invoking function="ingress.registerReconciler (pkg/ingress/cell.go:109)"
time=2026-03-08T08:14:32.463154972Z level=debug source=/go/src/github.com/cilium/cilium/vendor/github.com/cilium/hive/cell/invoke.go:59 msg=Invoked duration=729.84µs function="ingress.registerReconciler (pkg/ingress/cell.go:109)"
time=2026-03-08T08:14:32.463177222Z level=debug source=/go/src/github.com/cilium/cilium/vendor/github.com/cilium/hive/cell/invoke.go:38 msg=Invoking function="secretsync.initSecretSyncReconciliation (pkg/secretsync/cell.go:69)"
time=2026-03-08T08:14:32.463721662Z level=debug source=/go/src/github.com/cilium/cilium/operator/pkg/secretsync/cell.go:75 msg="Synchronized Secrets and Configmaps will resync" module=operator.operator-controlplane.leader-lifecycle.secret-sync syncInterval=1h0m0s
time=2026-03-08T08:14:32.463749222Z level=info source=/go/src/github.com/cilium/cilium/operator/pkg/secretsync/secretsync.go:106 msg="Setting up Secret synchronization" module=operator.operator-controlplane.leader-lifecycle.secret-sync registrations="[*v2.CiliumNetworkPolicy -> \"cilium-secrets\" *v2.CiliumClusterwideNetworkPolicy -> \"cilium-secrets\" *v1.Gateway -> \"cilium-secrets\"]"
time=2026-03-08T08:14:32.463793352Z level=info source=/go/src/github.com/cilium/cilium/operator/pkg/secretsync/configmapsync.go:92 msg="Setting up ConfigMap synchronization" module=operator.operator-controlplane.leader-lifecycle.secret-sync registrations="[*v1.BackendTLSPolicy -> \"cilium-secrets\"]"
time=2026-03-08T08:14:32.463824502Z level=debug source=/go/src/github.com/cilium/cilium/vendor/github.com/cilium/hive/cell/invoke.go:59 msg=Invoked duration=637.79µs function="secretsync.initSecretSyncReconciliation (pkg/secretsync/cell.go:69)"
time=2026-03-08T08:14:32.463835672Z level=debug source=/go/src/github.com/cilium/cilium/vendor/github.com/cilium/hive/cell/invoke.go:38 msg=Invoking function="watchers.registerServiceSync (.../operator/watchers/service_sync.go:79)"
time=2026-03-08T08:14:32.464311602Z level=debug source=/go/src/github.com/cilium/cilium/vendor/github.com/cilium/hive/cell/invoke.go:59 msg=Invoked duration=466.921µs function="watchers.registerServiceSync (.../operator/watchers/service_sync.go:79)"
time=2026-03-08T08:14:32.464331973Z level=debug source=/go/src/github.com/cilium/cilium/vendor/github.com/cilium/hive/cell/invoke.go:38 msg=Invoking function="mcsapi.registerServiceExportSync (.../clustermesh/mcsapi/serviceexportsync.go:73)"
time=2026-03-08T08:14:32.464652133Z level=debug source=/go/src/github.com/cilium/cilium/vendor/github.com/cilium/hive/cell/invoke.go:59 msg=Invoked duration=310.94µs function="mcsapi.registerServiceExportSync (.../clustermesh/mcsapi/serviceexportsync.go:73)"
time=2026-03-08T08:14:32.464669323Z level=debug source=/go/src/github.com/cilium/cilium/vendor/github.com/cilium/hive/cell/invoke.go:38 msg=Invoking function="ciliumenvoyconfig.registerL7LoadBalancingController (pkg/ciliumenvoyconfig/cell.go:60)"
time=2026-03-08T08:14:32.464941443Z level=debug source=/go/src/github.com/cilium/cilium/vendor/github.com/cilium/hive/cell/invoke.go:59 msg=Invoked duration=263.5µs function="ciliumenvoyconfig.registerL7LoadBalancingController (pkg/ciliumenvoyconfig/cell.go:60)"
time=2026-03-08T08:14:32.464957693Z level=debug source=/go/src/github.com/cilium/cilium/vendor/github.com/cilium/hive/cell/invoke.go:38 msg=Invoking function="networkpolicy.registerPolicyValidator (pkg/networkpolicy/cell.go:78)"
time=2026-03-08T08:14:32.465309903Z level=info source=/go/src/github.com/cilium/cilium/operator/pkg/networkpolicy/cell.go:93 msg="Registering CNP / CCNP validator" module=operator.operator-controlplane.leader-lifecycle.network-policy-validator
time=2026-03-08T08:14:32.465336353Z level=debug source=/go/src/github.com/cilium/cilium/vendor/github.com/cilium/hive/cell/invoke.go:59 msg=Invoked duration=369.93µs function="networkpolicy.registerPolicyValidator (pkg/networkpolicy/cell.go:78)"
time=2026-03-08T08:14:32.465346183Z level=debug source=/go/src/github.com/cilium/cilium/vendor/github.com/cilium/hive/cell/invoke.go:38 msg=Invoking function="operator.updateOperatorConfigMetricOnStart (.../features/operator/features.go:13)"
time=2026-03-08T08:14:32.465635693Z level=debug source=/go/src/github.com/cilium/cilium/vendor/github.com/cilium/hive/cell/invoke.go:59 msg=Invoked duration=281.62µs function="operator.updateOperatorConfigMetricOnStart (.../features/operator/features.go:13)"
time=2026-03-08T08:14:32.465651773Z level=debug source=/go/src/github.com/cilium/cilium/vendor/github.com/cilium/hive/cell/invoke.go:38 msg=Invoking function="nodesgc.init.func1 (.../kvstore/nodesgc/cell.go:18)"
time=2026-03-08T08:14:32.465927403Z level=debug source=/go/src/github.com/cilium/cilium/vendor/github.com/cilium/hive/cell/invoke.go:59 msg=Invoked duration=267.77µs function="nodesgc.init.func1 (.../kvstore/nodesgc/cell.go:18)"
time=2026-03-08T08:14:32.465943193Z level=debug source=/go/src/github.com/cilium/cilium/vendor/github.com/cilium/hive/cell/invoke.go:38 msg=Invoking function="ipam.startClusterPoolAllocator (pkg/ipam/clusterpool.go:43)"
time=2026-03-08T08:14:32.466239583Z level=debug source=/go/src/github.com/cilium/cilium/vendor/github.com/cilium/hive/cell/invoke.go:59 msg=Invoked duration=288.66µs function="ipam.startClusterPoolAllocator (pkg/ipam/clusterpool.go:43)"
time=2026-03-08T08:14:32.466254193Z level=debug source=/go/src/github.com/cilium/cilium/vendor/github.com/cilium/hive/cell/invoke.go:38 msg=Invoking function="ipam.startMultiPoolAllocator (pkg/ipam/multipool.go:71)"
time=2026-03-08T08:14:32.466578574Z level=debug source=/go/src/github.com/cilium/cilium/vendor/github.com/cilium/hive/cell/invoke.go:59 msg=Invoked duration=316.991µs function="ipam.startMultiPoolAllocator (pkg/ipam/multipool.go:71)"
time=2026-03-08T08:14:32.466596774Z level=debug source=/go/src/github.com/cilium/cilium/vendor/github.com/cilium/hive/cell/invoke.go:38 msg=Invoking function="cmd.registerOperatorHooks (cmd/root.go:459)"
time=2026-03-08T08:14:32.466769114Z level=debug source=/go/src/github.com/cilium/cilium/vendor/github.com/cilium/hive/cell/invoke.go:59 msg=Invoked duration=164.891µs function="cmd.registerOperatorHooks (cmd/root.go:459)"
time=2026-03-08T08:14:32.466781894Z level=debug source=/go/src/github.com/cilium/cilium/vendor/github.com/cilium/hive/cell/invoke.go:38 msg=Invoking function="health.metricPublisher (.../hive/health/metrics.go:59)"
time=2026-03-08T08:14:32.466953983Z level=debug source=/go/src/github.com/cilium/cilium/vendor/github.com/cilium/hive/cell/invoke.go:59 msg=Invoked duration=163.431µs function="health.metricPublisher (.../hive/health/metrics.go:59)"
time=2026-03-08T08:14:32.466981683Z level=info source=/go/src/github.com/cilium/cilium/vendor/github.com/cilium/hive/hive.go:385 msg="Starting hive"
time=2026-03-08T08:14:32.467005274Z level=debug source=/go/src/github.com/cilium/cilium/vendor/github.com/cilium/hive/cell/lifecycle.go:139 msg="Executing start hook" function="gops.registerGopsHooks.func1 (pkg/gops/cell.go:47) (operator.operator-infra.gops)"
time=2026-03-08T08:14:32.467020384Z level=info source=/go/src/github.com/cilium/cilium/pkg/gops/cell.go:48 msg="Started gops server" module=operator.operator-infra.gops address=127.0.0.1:9891
time=2026-03-08T08:14:32.474432076Z level=debug source=/go/src/github.com/cilium/cilium/vendor/github.com/cilium/hive/cell/lifecycle.go:149 msg="Start hook executed" function="gops.registerGopsHooks.func1 (pkg/gops/cell.go:47) (operator.operator-infra.gops)" duration=7.403502ms
time=2026-03-08T08:14:32.474507526Z level=debug source=/go/src/github.com/cilium/cilium/vendor/github.com/cilium/hive/cell/lifecycle.go:139 msg="Executing start hook" function="*job.registry.Start (jobs)"
time=2026-03-08T08:14:32.474519716Z level=debug source=/go/src/github.com/cilium/cilium/vendor/github.com/cilium/hive/cell/lifecycle.go:149 msg="Start hook executed" function="*job.registry.Start (jobs)" duration=1.53µs
time=2026-03-08T08:14:32.474542146Z level=debug source=/go/src/github.com/cilium/cilium/vendor/github.com/cilium/hive/cell/lifecycle.go:139 msg="Executing start hook" function="statedb.newHiveDB.func1 (.../cilium/statedb/cell.go:34) (statedb)"
time=2026-03-08T08:14:32.474556026Z level=debug source=/go/src/github.com/cilium/cilium/vendor/github.com/cilium/hive/cell/lifecycle.go:149 msg="Start hook executed" function="statedb.newHiveDB.func1 (.../cilium/statedb/cell.go:34) (statedb)" duration=6.2µs
time=2026-03-08T08:14:32.474568296Z level=debug source=/go/src/github.com/cilium/cilium/vendor/github.com/cilium/hive/cell/lifecycle.go:139 msg="Executing start hook" function="*health.provider.Start (health)"
time=2026-03-08T08:14:32.474576246Z level=debug source=/go/src/github.com/cilium/cilium/vendor/github.com/cilium/hive/cell/lifecycle.go:149 msg="Start hook executed" function="*health.provider.Start (health)" duration=520ns
time=2026-03-08T08:14:32.474596806Z level=debug source=/go/src/github.com/cilium/cilium/vendor/github.com/cilium/hive/cell/lifecycle.go:139 msg="Executing start hook" function="*job.queuedJob.Start (jobs)" detail="operator-prometheus-server (metrics.(*Registry).AddServerRuntimeHooks.func1 (pkg/metrics/registry.go:97))"
time=2026-03-08T08:14:32.474643056Z level=debug source=/go/src/github.com/cilium/cilium/vendor/github.com/cilium/hive/cell/lifecycle.go:149 msg="Start hook executed" function="*job.queuedJob.Start (jobs)" detail="operator-prometheus-server (metrics.(*Registry).AddServerRuntimeHooks.func1 (pkg/metrics/registry.go:97))" duration=34.56µs
time=2026-03-08T08:14:32.474666826Z level=debug source=/go/src/github.com/cilium/cilium/vendor/github.com/cilium/hive/cell/lifecycle.go:139 msg="Executing start hook" function="client.(*compositeClientset).onStart (operator.operator-infra.operator-k8s-client-builder.k8s-client-builder)"
time=2026-03-08T08:14:32.474703526Z level=info source=/go/src/github.com/cilium/cilium/pkg/k8s/client/cell.go:319 msg="Establishing connection to apiserver" module=operator.operator-infra.operator-k8s-client-builder.k8s-client-builder ipAddr=https://10.245.0.1:443
time=2026-03-08T08:14:32.474802416Z level=debug source=/go/src/github.com/cilium/cilium/vendor/github.com/cilium/hive/job/oneshot.go:136 msg="Starting one-shot job" module=operator.operator-infra.operator-metrics.operator-metrics name=operator-prometheus-server func="metrics.(*Registry).AddServerRuntimeHooks.func1 (pkg/metrics/registry.go:97)"
time=2026-03-08T08:14:32.474892436Z level=debug source=/go/src/github.com/cilium/cilium/pkg/hive/health/provider.go:89 msg="upserting health status" module=health lastLevel=none reporter-id=operator.operator-infra.operator-metrics.operator-metrics.job-operator-prometheus-server status="operator.operator-infra.operator-metrics.operator-metrics.job-operator-prometheus-server: [OK] Running"
time=2026-03-08T08:14:32.474967006Z level=info source=/go/src/github.com/cilium/cilium/pkg/metrics/registry.go:99 msg="Serving prometheus metrics" module=operator.operator-infra.operator-metrics.operator-metrics server=operator-prometheus-server address=:9963 tls=false
time=2026-03-08T08:14:32.477119537Z level=info source=/go/src/github.com/cilium/cilium/pkg/k8s/client/cell.go:346 msg="Connected to apiserver" module=operator.operator-infra.operator-k8s-client-builder.k8s-client-builder
time=2026-03-08T08:14:32.477164667Z level=debug source=/go/src/github.com/cilium/cilium/pkg/controller/manager.go:123 msg="Starting new controller" subsys=controller name=k8s-heartbeat uuid=ebb7990b-1f73-4502-82f1-9c0e33a7c507
time=2026-03-08T08:14:32.477322787Z level=debug source=/go/src/github.com/cilium/cilium/pkg/controller/controller.go:338 msg="Controller func executed" subsys=controller name=k8s-heartbeat uuid=ebb7990b-1f73-4502-82f1-9c0e33a7c507 duration=16.89µs
time=2026-03-08T08:14:32.478159187Z level=debug source=/go/src/github.com/cilium/cilium/vendor/github.com/cilium/hive/cell/lifecycle.go:149 msg="Start hook executed" function="client.(*compositeClientset).onStart (operator.operator-infra.operator-k8s-client-builder.k8s-client-builder)" duration=3.479922ms
time=2026-03-08T08:14:32.478198127Z level=debug source=/go/src/github.com/cilium/cilium/vendor/github.com/cilium/hive/cell/lifecycle.go:139 msg="Executing start hook" function="*resource.resource[*github.com/cilium/cilium/pkg/k8s/slim/k8s/api/core/v1.Service].Start (operator.operator-infra)"
time=2026-03-08T08:14:32.478218987Z level=debug source=/go/src/github.com/cilium/cilium/vendor/github.com/cilium/hive/cell/lifecycle.go:149 msg="Start hook executed" function="*resource.resource[*github.com/cilium/cilium/pkg/k8s/slim/k8s/api/core/v1.Service].Start (operator.operator-infra)" duration=10.431µs
time=2026-03-08T08:14:32.478242487Z level=debug source=/go/src/github.com/cilium/cilium/vendor/github.com/cilium/hive/cell/lifecycle.go:139 msg="Executing start hook" function="*job.queuedJob.Start (jobs)" detail="service-reloader-initializer (dial.newResourceServiceResolver.func2 (pkg/dial/resolver.go:70))"
time=2026-03-08T08:14:32.478254578Z level=debug source=/go/src/github.com/cilium/cilium/vendor/github.com/cilium/hive/cell/lifecycle.go:149 msg="Start hook executed" function="*job.queuedJob.Start (jobs)" detail="service-reloader-initializer (dial.newResourceServiceResolver.func2 (pkg/dial/resolver.go:70))" duration=4.271µs
time=2026-03-08T08:14:32.478269587Z level=debug source=/go/src/github.com/cilium/cilium/vendor/github.com/cilium/hive/cell/lifecycle.go:139 msg="Executing start hook" function="*job.queuedJob.Start (jobs)" detail="collect (metrics.(*sampler).collectLoop)"
time=2026-03-08T08:14:32.478278098Z level=debug source=/go/src/github.com/cilium/cilium/vendor/github.com/cilium/hive/cell/lifecycle.go:149 msg="Start hook executed" function="*job.queuedJob.Start (jobs)" detail="collect (metrics.(*sampler).collectLoop)" duration=1.131µs
time=2026-03-08T08:14:32.478299947Z level=debug source=/go/src/github.com/cilium/cilium/vendor/github.com/cilium/hive/cell/lifecycle.go:139 msg="Executing start hook" function="*job.queuedJob.Start (jobs)" detail="cleanup (metrics.(*sampler).cleanup)"
time=2026-03-08T08:14:32.478312647Z level=debug source=/go/src/github.com/cilium/cilium/vendor/github.com/cilium/hive/cell/lifecycle.go:149 msg="Start hook executed" function="*job.queuedJob.Start (jobs)" detail="cleanup (metrics.(*sampler).cleanup)" duration=1.84µs
time=2026-03-08T08:14:32.478310118Z level=debug source=/go/src/github.com/cilium/cilium/vendor/github.com/cilium/hive/job/oneshot.go:136 msg="Starting one-shot job" module=operator.operator-infra.service-resolver name=service-reloader-initializer func="dial.newResourceServiceResolver.func2 (pkg/dial/resolver.go:70)"
time=2026-03-08T08:14:32.478328847Z level=debug source=/go/src/github.com/cilium/cilium/vendor/github.com/cilium/hive/cell/lifecycle.go:139 msg="Executing start hook" function="*job.queuedJob.Start (jobs)" detail="listener (shell.shell.listener)"
time=2026-03-08T08:14:32.478354918Z level=debug source=/go/src/github.com/cilium/cilium/vendor/github.com/cilium/hive/cell/lifecycle.go:149 msg="Start hook executed" function="*job.queuedJob.Start (jobs)" detail="listener (shell.shell.listener)" duration=1.44µs
time=2026-03-08T08:14:32.478371098Z level=debug source=/go/src/github.com/cilium/cilium/vendor/github.com/cilium/hive/cell/lifecycle.go:139 msg="Executing start hook" function="*api.server.Start (operator.operator-controlplane.cilium-operator-api)"
time=2026-03-08T08:14:32.478388427Z level=debug source=/go/src/github.com/cilium/cilium/vendor/github.com/cilium/hive/job/oneshot.go:136 msg="Starting one-shot job" module=operator.operator-infra.operator-metrics.operator-metrics name=collect func=metrics.(*sampler).collectLoop
time=2026-03-08T08:14:32.478376067Z level=debug source=/go/src/github.com/cilium/cilium/pkg/hive/health/provider.go:89 msg="upserting health status" module=health lastLevel=none reporter-id=operator.operator-infra.service-resolver.job-service-reloader-initializer status="operator.operator-infra.service-resolver.job-service-reloader-initializer: [OK] Running"
time=2026-03-08T08:14:32.478448338Z level=debug source=/go/src/github.com/cilium/cilium/pkg/hive/health/provider.go:89 msg="upserting health status" module=health lastLevel=none reporter-id=operator.operator-infra.operator-metrics.operator-metrics.job-collect status="operator.operator-infra.operator-metrics.operator-metrics.job-collect: [OK] Running"
time=2026-03-08T08:14:32.478480418Z level=debug source=/go/src/github.com/cilium/cilium/vendor/github.com/cilium/hive/job/timer.go:175 msg="Starting timer job" module=operator.operator-infra.operator-metrics.operator-metrics name=cleanup func=metrics.(*sampler).cleanup
time=2026-03-08T08:14:32.478509948Z level=debug source=/go/src/github.com/cilium/cilium/vendor/github.com/cilium/hive/job/oneshot.go:136 msg="Starting one-shot job" module=jobs name=listener func=shell.shell.listener
time=2026-03-08T08:14:32.478580078Z level=debug source=/go/src/github.com/cilium/cilium/pkg/hive/health/provider.go:89 msg="upserting health status" module=health lastLevel=none reporter-id=operator.operator-infra.operator-metrics.operator-metrics.timer-job-cleanup status="operator.operator-infra.operator-metrics.operator-metrics.timer-job-cleanup: [OK] Primed"
time=2026-03-08T08:14:32.478694488Z level=debug source=/go/src/github.com/cilium/cilium/pkg/hive/health/provider.go:89 msg="upserting health status" module=health lastLevel=none reporter-id=operator.operator-infra.shell.job-listener status="operator.operator-infra.shell.job-listener: [OK] Running"
time=2026-03-08T08:14:32.478949348Z level=info source=/go/src/github.com/cilium/cilium/vendor/github.com/cilium/hive/shell/server.go:87 msg="Shell listening" module=operator.operator-infra.shell socket=/var/run/cilium/shell.sock
time=2026-03-08T08:14:32.486063831Z level=debug source=/go/src/github.com/cilium/cilium/vendor/github.com/cilium/hive/cell/lifecycle.go:149 msg="Start hook executed" function="*api.server.Start (operator.operator-controlplane.cilium-operator-api)" duration=7.678393ms
time=2026-03-08T08:14:32.486095791Z level=debug source=/go/src/github.com/cilium/cilium/vendor/github.com/cilium/hive/cell/lifecycle.go:139 msg="Executing start hook" function="client.(*compositeClientset).onStart (operator.operator-infra.operator-k8s-client-builder.k8s-client-builder)"
time=2026-03-08T08:14:32.486114351Z level=info source=/go/src/github.com/cilium/cilium/pkg/k8s/client/cell.go:319 msg="Establishing connection to apiserver" module=operator.operator-infra.operator-k8s-client-builder.k8s-client-builder ipAddr=https://10.245.0.1:443
time=2026-03-08T08:14:32.491013012Z level=info source=/go/src/github.com/cilium/cilium/pkg/k8s/client/cell.go:346 msg="Connected to apiserver" module=operator.operator-infra.operator-k8s-client-builder.k8s-client-builder
time=2026-03-08T08:14:32.491056412Z level=debug source=/go/src/github.com/cilium/cilium/pkg/controller/manager.go:123 msg="Starting new controller" subsys=controller name=k8s-heartbeat uuid=255b301a-af15-4be0-ab70-3dc1b6e3bf91
time=2026-03-08T08:14:32.491205762Z level=debug source=/go/src/github.com/cilium/cilium/pkg/controller/controller.go:338 msg="Controller func executed" subsys=controller name=k8s-heartbeat uuid=255b301a-af15-4be0-ab70-3dc1b6e3bf91 duration=9.48µs
time=2026-03-08T08:14:32.491931082Z level=debug source=/go/src/github.com/cilium/cilium/vendor/github.com/cilium/hive/cell/lifecycle.go:149 msg="Start hook executed" function="client.(*compositeClientset).onStart (operator.operator-infra.operator-k8s-client-builder.k8s-client-builder)" duration=5.818341ms
time=2026-03-08T08:14:32.492005772Z level=debug source=/go/src/github.com/cilium/cilium/vendor/github.com/cilium/hive/cell/lifecycle.go:139 msg="Executing start hook" function="cmd.registerOperatorHooks.func1 (cmd/root.go:462) (operator)"
time=2026-03-08T08:14:32.492028483Z level=debug source=/go/src/github.com/cilium/cilium/vendor/github.com/cilium/hive/cell/lifecycle.go:149 msg="Start hook executed" function="cmd.registerOperatorHooks.func1 (cmd/root.go:462) (operator)" duration=10.36µs
time=2026-03-08T08:14:32.492064663Z level=debug source=/go/src/github.com/cilium/cilium/vendor/github.com/cilium/hive/cell/lifecycle.go:139 msg="Executing start hook" function="*job.queuedJob.Start (jobs)" detail="module-status-metrics (health.metricPublisher.func2 (.../hive/health/metrics.go:78))"
time=2026-03-08T08:14:32.492090203Z level=debug source=/go/src/github.com/cilium/cilium/vendor/github.com/cilium/hive/cell/lifecycle.go:149 msg="Start hook executed" function="*job.queuedJob.Start (jobs)" detail="module-status-metrics (health.metricPublisher.func2 (.../hive/health/metrics.go:78))" duration=7.331µs
time=2026-03-08T08:14:32.492105452Z level=info source=/go/src/github.com/cilium/cilium/vendor/github.com/cilium/hive/hive.go:389 msg="Started hive" duration=25.112949ms
time=2026-03-08T08:14:32.492161292Z level=debug source=/go/src/github.com/cilium/cilium/vendor/github.com/cilium/hive/job/oneshot.go:136 msg="Starting one-shot job" module=health name=module-status-metrics func="health.metricPublisher.func2 (.../hive/health/metrics.go:78)"
time=2026-03-08T08:14:32.492206003Z level=debug source=/go/src/github.com/cilium/cilium/pkg/hive/health/provider.go:89 msg="upserting health status" module=health lastLevel=none reporter-id=health.job-module-status-metrics status="health.job-module-status-metrics: [OK] Running"
time=2026-03-08T08:14:32.492614373Z level=info source=/go/src/github.com/cilium/cilium/operator/cmd/root.go:570 msg="Waiting for leader election" module=operator
time=2026-03-08T08:14:32.492711813Z level=info source=/go/src/github.com/cilium/cilium/pkg/logging/klog_bridge.go:175 msg="\"Attempting to acquire leader lease...\" lock=\"kube-system/cilium-operator-resource-lock\"" subsys=klog
time=2026-03-08T08:14:32.498218035Z level=info source=/go/src/github.com/cilium/cilium/pkg/logging/klog_bridge.go:175 msg="\"Successfully acquired lease\" lock=\"kube-system/cilium-operator-resource-lock\"" subsys=klog
time=2026-03-08T08:14:32.498293895Z level=info source=/go/src/github.com/cilium/cilium/operator/cmd/root.go:598 msg="Leading the operator HA deployment" module=operator
time=2026-03-08T08:14:32.498384685Z level=debug source=/go/src/github.com/cilium/cilium/vendor/github.com/cilium/hive/cell/lifecycle.go:139 msg="Executing start hook" module=operator function=*job.registry.Start
time=2026-03-08T08:14:32.498410475Z level=info source=/go/src/github.com/cilium/cilium/vendor/github.com/cilium/hive/cell/lifecycle.go:147 msg="Start hook executed" module=operator function=*job.registry.Start duration=1.8µs
time=2026-03-08T08:14:32.498456185Z level=debug source=/go/src/github.com/cilium/cilium/vendor/github.com/cilium/hive/cell/lifecycle.go:139 msg="Executing start hook" module=operator function="apis.createCRDs.func1 (.../k8s/apis/cell.go:64)"
time=2026-03-08T08:14:32.503103796Z level=info source=/go/src/github.com/cilium/cilium/pkg/k8s/apis/crdhelpers/register.go:45 msg="Creating CRD (CustomResourceDefinition)..." module=operator.operator-controlplane.leader-lifecycle.create-crds name=ciliumidentities.cilium.io
time=2026-03-08T08:14:32.509384959Z level=debug source=/go/src/github.com/cilium/cilium/pkg/k8s/apis/crdhelpers/register.go:105 msg="Checking if CRD (CustomResourceDefinition) needs update..." module=operator.operator-controlplane.leader-lifecycle.create-crds name=ciliumidentities.cilium.io
time=2026-03-08T08:14:32.509433159Z level=debug source=/go/src/github.com/cilium/cilium/pkg/k8s/apis/crdhelpers/register.go:185 msg="Waiting for CRD (CustomResourceDefinition) to be available..." module=operator.operator-controlplane.leader-lifecycle.create-crds name=ciliumidentities.cilium.io
time=2026-03-08T08:14:33.509712197Z level=info source=/go/src/github.com/cilium/cilium/pkg/k8s/apis/crdhelpers/register.go:68 msg="CRD (CustomResourceDefinition) is installed and up-to-date" module=operator.operator-controlplane.leader-lifecycle.create-crds name=ciliumidentities.cilium.io
time=2026-03-08T08:14:33.513990549Z level=info source=/go/src/github.com/cilium/cilium/pkg/k8s/apis/crdhelpers/register.go:45 msg="Creating CRD (CustomResourceDefinition)..." module=operator.operator-controlplane.leader-lifecycle.create-crds name=ciliumpodippools.cilium.io
time=2026-03-08T08:14:33.522135332Z level=debug source=/go/src/github.com/cilium/cilium/pkg/k8s/apis/crdhelpers/register.go:105 msg="Checking if CRD (CustomResourceDefinition) needs update..." module=operator.operator-controlplane.leader-lifecycle.create-crds name=ciliumpodippools.cilium.io
time=2026-03-08T08:14:33.522258262Z level=debug source=/go/src/github.com/cilium/cilium/pkg/k8s/apis/crdhelpers/register.go:185 msg="Waiting for CRD (CustomResourceDefinition) to be available..." module=operator.operator-controlplane.leader-lifecycle.create-crds name=ciliumpodippools.cilium.io
time=2026-03-08T08:14:34.522415519Z level=info source=/go/src/github.com/cilium/cilium/pkg/k8s/apis/crdhelpers/register.go:68 msg="CRD (CustomResourceDefinition) is installed and up-to-date" module=operator.operator-controlplane.leader-lifecycle.create-crds name=ciliumpodippools.cilium.io
time=2026-03-08T08:14:34.527052121Z level=info source=/go/src/github.com/cilium/cilium/pkg/k8s/apis/crdhelpers/register.go:45 msg="Creating CRD (CustomResourceDefinition)..." module=operator.operator-controlplane.leader-lifecycle.create-crds name=ciliumendpoints.cilium.io
time=2026-03-08T08:14:34.536276384Z level=debug source=/go/src/github.com/cilium/cilium/pkg/k8s/apis/crdhelpers/register.go:105 msg="Checking if CRD (CustomResourceDefinition) needs update..." module=operator.operator-controlplane.leader-lifecycle.create-crds name=ciliumendpoints.cilium.io
time=2026-03-08T08:14:34.536332554Z level=debug source=/go/src/github.com/cilium/cilium/pkg/k8s/apis/crdhelpers/register.go:185 msg="Waiting for CRD (CustomResourceDefinition) to be available..." module=operator.operator-controlplane.leader-lifecycle.create-crds name=ciliumendpoints.cilium.io
time=2026-03-08T08:14:35.537462892Z level=info source=/go/src/github.com/cilium/cilium/pkg/k8s/apis/crdhelpers/register.go:68 msg="CRD (CustomResourceDefinition) is installed and up-to-date" module=operator.operator-controlplane.leader-lifecycle.create-crds name=ciliumendpoints.cilium.io
time=2026-03-08T08:14:35.543162503Z level=info source=/go/src/github.com/cilium/cilium/pkg/k8s/apis/crdhelpers/register.go:45 msg="Creating CRD (CustomResourceDefinition)..." module=operator.operator-controlplane.leader-lifecycle.create-crds name=ciliumnodes.cilium.io
time=2026-03-08T08:14:35.58894182Z level=debug source=/go/src/github.com/cilium/cilium/pkg/k8s/apis/crdhelpers/register.go:105 msg="Checking if CRD (CustomResourceDefinition) needs update..." module=operator.operator-controlplane.leader-lifecycle.create-crds name=ciliumnodes.cilium.io
time=2026-03-08T08:14:35.58900055Z level=debug source=/go/src/github.com/cilium/cilium/pkg/k8s/apis/crdhelpers/register.go:185 msg="Waiting for CRD (CustomResourceDefinition) to be available..." module=operator.operator-controlplane.leader-lifecycle.create-crds name=ciliumnodes.cilium.io
time=2026-03-08T08:14:36.589736847Z level=info source=/go/src/github.com/cilium/cilium/pkg/k8s/apis/crdhelpers/register.go:68 msg="CRD (CustomResourceDefinition) is installed and up-to-date" module=operator.operator-controlplane.leader-lifecycle.create-crds name=ciliumnodes.cilium.io
time=2026-03-08T08:14:36.612202025Z level=info source=/go/src/github.com/cilium/cilium/pkg/k8s/apis/crdhelpers/register.go:45 msg="Creating CRD (CustomResourceDefinition)..." module=operator.operator-controlplane.leader-lifecycle.create-crds name=ciliumnetworkpolicies.cilium.io
time=2026-03-08T08:14:36.657070441Z level=info source=/go/src/github.com/cilium/cilium/pkg/logging/klog_bridge.go:175 msg="\"Warning: unrecognized format \\\"idn-hostname\\\"\"" subsys=klog
time=2026-03-08T08:14:36.657984301Z level=debug source=/go/src/github.com/cilium/cilium/pkg/k8s/apis/crdhelpers/register.go:105 msg="Checking if CRD (CustomResourceDefinition) needs update..." module=operator.operator-controlplane.leader-lifecycle.create-crds name=ciliumnetworkpolicies.cilium.io
time=2026-03-08T08:14:36.658018031Z level=debug source=/go/src/github.com/cilium/cilium/pkg/k8s/apis/crdhelpers/register.go:185 msg="Waiting for CRD (CustomResourceDefinition) to be available..." module=operator.operator-controlplane.leader-lifecycle.create-crds name=ciliumnetworkpolicies.cilium.io
time=2026-03-08T08:14:37.658226357Z level=info source=/go/src/github.com/cilium/cilium/pkg/k8s/apis/crdhelpers/register.go:68 msg="CRD (CustomResourceDefinition) is installed and up-to-date" module=operator.operator-controlplane.leader-lifecycle.create-crds name=ciliumnetworkpolicies.cilium.io
time=2026-03-08T08:14:37.684211666Z level=info source=/go/src/github.com/cilium/cilium/pkg/k8s/apis/crdhelpers/register.go:45 msg="Creating CRD (CustomResourceDefinition)..." module=operator.operator-controlplane.leader-lifecycle.create-crds name=ciliumclusterwidenetworkpolicies.cilium.io
time=2026-03-08T08:14:37.735403144Z level=info source=/go/src/github.com/cilium/cilium/pkg/logging/klog_bridge.go:175 msg="\"Warning: unrecognized format \\\"idn-hostname\\\"\"" subsys=klog
time=2026-03-08T08:14:37.737171725Z level=debug source=/go/src/github.com/cilium/cilium/pkg/k8s/apis/crdhelpers/register.go:105 msg="Checking if CRD (CustomResourceDefinition) needs update..." module=operator.operator-controlplane.leader-lifecycle.create-crds name=ciliumclusterwidenetworkpolicies.cilium.io
time=2026-03-08T08:14:37.737294815Z level=debug source=/go/src/github.com/cilium/cilium/pkg/k8s/apis/crdhelpers/register.go:185 msg="Waiting for CRD (CustomResourceDefinition) to be available..." module=operator.operator-controlplane.leader-lifecycle.create-crds name=ciliumclusterwidenetworkpolicies.cilium.io
time=2026-03-08T08:14:38.737673441Z level=info source=/go/src/github.com/cilium/cilium/pkg/k8s/apis/crdhelpers/register.go:68 msg="CRD (CustomResourceDefinition) is installed and up-to-date" module=operator.operator-controlplane.leader-lifecycle.create-crds name=ciliumclusterwidenetworkpolicies.cilium.io
time=2026-03-08T08:14:38.740652162Z level=info source=/go/src/github.com/cilium/cilium/pkg/k8s/apis/crdhelpers/register.go:45 msg="Creating CRD (CustomResourceDefinition)..." module=operator.operator-controlplane.leader-lifecycle.create-crds name=ciliumcidrgroups.cilium.io
time=2026-03-08T08:14:38.747779824Z level=debug source=/go/src/github.com/cilium/cilium/pkg/k8s/apis/crdhelpers/register.go:105 msg="Checking if CRD (CustomResourceDefinition) needs update..." module=operator.operator-controlplane.leader-lifecycle.create-crds name=ciliumcidrgroups.cilium.io
time=2026-03-08T08:14:38.747818744Z level=debug source=/go/src/github.com/cilium/cilium/pkg/k8s/apis/crdhelpers/register.go:185 msg="Waiting for CRD (CustomResourceDefinition) to be available..." module=operator.operator-controlplane.leader-lifecycle.create-crds name=ciliumcidrgroups.cilium.io
time=2026-03-08T08:14:39.74842883Z level=info source=/go/src/github.com/cilium/cilium/pkg/k8s/apis/crdhelpers/register.go:68 msg="CRD (CustomResourceDefinition) is installed and up-to-date" module=operator.operator-controlplane.leader-lifecycle.create-crds name=ciliumcidrgroups.cilium.io
time=2026-03-08T08:14:39.751947211Z level=info source=/go/src/github.com/cilium/cilium/pkg/k8s/apis/crdhelpers/register.go:45 msg="Creating CRD (CustomResourceDefinition)..." module=operator.operator-controlplane.leader-lifecycle.create-crds name=ciliumclusterwideenvoyconfigs.cilium.io
time=2026-03-08T08:14:39.759768894Z level=debug source=/go/src/github.com/cilium/cilium/pkg/k8s/apis/crdhelpers/register.go:105 msg="Checking if CRD (CustomResourceDefinition) needs update..." module=operator.operator-controlplane.leader-lifecycle.create-crds name=ciliumclusterwideenvoyconfigs.cilium.io
time=2026-03-08T08:14:39.759807743Z level=debug source=/go/src/github.com/cilium/cilium/pkg/k8s/apis/crdhelpers/register.go:185 msg="Waiting for CRD (CustomResourceDefinition) to be available..." module=operator.operator-controlplane.leader-lifecycle.create-crds name=ciliumclusterwideenvoyconfigs.cilium.io
time=2026-03-08T08:14:40.760352668Z level=info source=/go/src/github.com/cilium/cilium/pkg/k8s/apis/crdhelpers/register.go:68 msg="CRD (CustomResourceDefinition) is installed and up-to-date" module=operator.operator-controlplane.leader-lifecycle.create-crds name=ciliumclusterwideenvoyconfigs.cilium.io
time=2026-03-08T08:14:40.763887969Z level=info source=/go/src/github.com/cilium/cilium/pkg/k8s/apis/crdhelpers/register.go:45 msg="Creating CRD (CustomResourceDefinition)..." module=operator.operator-controlplane.leader-lifecycle.create-crds name=ciliumenvoyconfigs.cilium.io
time=2026-03-08T08:14:40.772122532Z level=debug source=/go/src/github.com/cilium/cilium/pkg/k8s/apis/crdhelpers/register.go:105 msg="Checking if CRD (CustomResourceDefinition) needs update..." module=operator.operator-controlplane.leader-lifecycle.create-crds name=ciliumenvoyconfigs.cilium.io
time=2026-03-08T08:14:40.772158992Z level=debug source=/go/src/github.com/cilium/cilium/pkg/k8s/apis/crdhelpers/register.go:185 msg="Waiting for CRD (CustomResourceDefinition) to be available..." module=operator.operator-controlplane.leader-lifecycle.create-crds name=ciliumenvoyconfigs.cilium.io
time=2026-03-08T08:14:41.772254296Z level=info source=/go/src/github.com/cilium/cilium/pkg/k8s/apis/crdhelpers/register.go:68 msg="CRD (CustomResourceDefinition) is installed and up-to-date" module=operator.operator-controlplane.leader-lifecycle.create-crds name=ciliumenvoyconfigs.cilium.io
time=2026-03-08T08:14:41.775993287Z level=info source=/go/src/github.com/cilium/cilium/pkg/k8s/apis/crdhelpers/register.go:45 msg="Creating CRD (CustomResourceDefinition)..." module=operator.operator-controlplane.leader-lifecycle.create-crds name=ciliumloadbalancerippools.cilium.io
time=2026-03-08T08:14:41.78426703Z level=debug source=/go/src/github.com/cilium/cilium/pkg/k8s/apis/crdhelpers/register.go:105 msg="Checking if CRD (CustomResourceDefinition) needs update..." module=operator.operator-controlplane.leader-lifecycle.create-crds name=ciliumloadbalancerippools.cilium.io
time=2026-03-08T08:14:41.78432184Z level=debug source=/go/src/github.com/cilium/cilium/pkg/k8s/apis/crdhelpers/register.go:185 msg="Waiting for CRD (CustomResourceDefinition) to be available..." module=operator.operator-controlplane.leader-lifecycle.create-crds name=ciliumloadbalancerippools.cilium.io
time=2026-03-08T08:14:42.785121824Z level=info source=/go/src/github.com/cilium/cilium/pkg/k8s/apis/crdhelpers/register.go:68 msg="CRD (CustomResourceDefinition) is installed and up-to-date" module=operator.operator-controlplane.leader-lifecycle.create-crds name=ciliumloadbalancerippools.cilium.io
time=2026-03-08T08:14:42.788384165Z level=info source=/go/src/github.com/cilium/cilium/pkg/k8s/apis/crdhelpers/register.go:45 msg="Creating CRD (CustomResourceDefinition)..." module=operator.operator-controlplane.leader-lifecycle.create-crds name=ciliuml2announcementpolicies.cilium.io
time=2026-03-08T08:14:42.794549947Z level=debug source=/go/src/github.com/cilium/cilium/pkg/k8s/apis/crdhelpers/register.go:105 msg="Checking if CRD (CustomResourceDefinition) needs update..." module=operator.operator-controlplane.leader-lifecycle.create-crds name=ciliuml2announcementpolicies.cilium.io
time=2026-03-08T08:14:42.794587777Z level=debug source=/go/src/github.com/cilium/cilium/pkg/k8s/apis/crdhelpers/register.go:185 msg="Waiting for CRD (CustomResourceDefinition) to be available..." module=operator.operator-controlplane.leader-lifecycle.create-crds name=ciliuml2announcementpolicies.cilium.io
time=2026-03-08T08:14:43.79474089Z level=info source=/go/src/github.com/cilium/cilium/pkg/k8s/apis/crdhelpers/register.go:68 msg="CRD (CustomResourceDefinition) is installed and up-to-date" module=operator.operator-controlplane.leader-lifecycle.create-crds name=ciliuml2announcementpolicies.cilium.io
time=2026-03-08T08:14:43.798241801Z level=info source=/go/src/github.com/cilium/cilium/pkg/k8s/apis/crdhelpers/register.go:45 msg="Creating CRD (CustomResourceDefinition)..." module=operator.operator-controlplane.leader-lifecycle.create-crds name=ciliumgatewayclassconfigs.cilium.io
time=2026-03-08T08:14:43.805681644Z level=debug source=/go/src/github.com/cilium/cilium/pkg/k8s/apis/crdhelpers/register.go:105 msg="Checking if CRD (CustomResourceDefinition) needs update..." module=operator.operator-controlplane.leader-lifecycle.create-crds name=ciliumgatewayclassconfigs.cilium.io
time=2026-03-08T08:14:43.805739733Z level=debug source=/go/src/github.com/cilium/cilium/pkg/k8s/apis/crdhelpers/register.go:185 msg="Waiting for CRD (CustomResourceDefinition) to be available..." module=operator.operator-controlplane.leader-lifecycle.create-crds name=ciliumgatewayclassconfigs.cilium.io
time=2026-03-08T08:14:44.805937906Z level=info source=/go/src/github.com/cilium/cilium/pkg/k8s/apis/crdhelpers/register.go:68 msg="CRD (CustomResourceDefinition) is installed and up-to-date" module=operator.operator-controlplane.leader-lifecycle.create-crds name=ciliumgatewayclassconfigs.cilium.io
time=2026-03-08T08:14:44.808452407Z level=info source=/go/src/github.com/cilium/cilium/pkg/k8s/apis/crdhelpers/register.go:45 msg="Creating CRD (CustomResourceDefinition)..." module=operator.operator-controlplane.leader-lifecycle.create-crds name=ciliumnodeconfigs.cilium.io
time=2026-03-08T08:14:44.813689508Z level=debug source=/go/src/github.com/cilium/cilium/pkg/k8s/apis/crdhelpers/register.go:105 msg="Checking if CRD (CustomResourceDefinition) needs update..." module=operator.operator-controlplane.leader-lifecycle.create-crds name=ciliumnodeconfigs.cilium.io
time=2026-03-08T08:14:44.813721828Z level=debug source=/go/src/github.com/cilium/cilium/pkg/k8s/apis/crdhelpers/register.go:185 msg="Waiting for CRD (CustomResourceDefinition) to be available..." module=operator.operator-controlplane.leader-lifecycle.create-crds name=ciliumnodeconfigs.cilium.io
time=2026-03-08T08:14:45.814933981Z level=info source=/go/src/github.com/cilium/cilium/pkg/k8s/apis/crdhelpers/register.go:68 msg="CRD (CustomResourceDefinition) is installed and up-to-date" module=operator.operator-controlplane.leader-lifecycle.create-crds name=ciliumnodeconfigs.cilium.io
time=2026-03-08T08:14:45.815218821Z level=info source=/go/src/github.com/cilium/cilium/vendor/github.com/cilium/hive/cell/lifecycle.go:147 msg="Start hook executed" module=operator function="apis.createCRDs.func1 (.../k8s/apis/cell.go:64)" duration=13.316737116s
time=2026-03-08T08:14:45.815796611Z level=debug source=/go/src/github.com/cilium/cilium/vendor/github.com/cilium/hive/cell/lifecycle.go:139 msg="Executing start hook" module=operator function=*resource.resource[*github.com/cilium/cilium/pkg/k8s/apis/cilium.io/v2.CiliumBGPClusterConfig].Start
time=2026-03-08T08:14:45.815878561Z level=info source=/go/src/github.com/cilium/cilium/vendor/github.com/cilium/hive/cell/lifecycle.go:147 msg="Start hook executed" module=operator function=*resource.resource[*github.com/cilium/cilium/pkg/k8s/apis/cilium.io/v2.CiliumBGPClusterConfig].Start duration=20.38µs
time=2026-03-08T08:14:45.815968361Z level=debug source=/go/src/github.com/cilium/cilium/vendor/github.com/cilium/hive/cell/lifecycle.go:139 msg="Executing start hook" module=operator function=*resource.resource[*github.com/cilium/cilium/pkg/k8s/apis/cilium.io/v2.CiliumBGPNodeConfigOverride].Start
time=2026-03-08T08:14:45.816018291Z level=info source=/go/src/github.com/cilium/cilium/vendor/github.com/cilium/hive/cell/lifecycle.go:147 msg="Start hook executed" module=operator function=*resource.resource[*github.com/cilium/cilium/pkg/k8s/apis/cilium.io/v2.CiliumBGPNodeConfigOverride].Start duration=4.41µs
time=2026-03-08T08:14:45.816069471Z level=debug source=/go/src/github.com/cilium/cilium/vendor/github.com/cilium/hive/cell/lifecycle.go:139 msg="Executing start hook" module=operator function=*resource.resource[*github.com/cilium/cilium/pkg/k8s/apis/cilium.io/v2.CiliumBGPNodeConfig].Start
time=2026-03-08T08:14:45.816149111Z level=info source=/go/src/github.com/cilium/cilium/vendor/github.com/cilium/hive/cell/lifecycle.go:147 msg="Start hook executed" module=operator function=*resource.resource[*github.com/cilium/cilium/pkg/k8s/apis/cilium.io/v2.CiliumBGPNodeConfig].Start duration=11.38µs
time=2026-03-08T08:14:45.816213021Z level=debug source=/go/src/github.com/cilium/cilium/vendor/github.com/cilium/hive/cell/lifecycle.go:139 msg="Executing start hook" module=operator function=*resource.resource[*github.com/cilium/cilium/pkg/k8s/apis/cilium.io/v2.CiliumBGPPeerConfig].Start
time=2026-03-08T08:14:45.816253661Z level=info source=/go/src/github.com/cilium/cilium/vendor/github.com/cilium/hive/cell/lifecycle.go:147 msg="Start hook executed" module=operator function=*resource.resource[*github.com/cilium/cilium/pkg/k8s/apis/cilium.io/v2.CiliumBGPPeerConfig].Start duration=4.31µs
time=2026-03-08T08:14:45.816332591Z level=debug source=/go/src/github.com/cilium/cilium/vendor/github.com/cilium/hive/cell/lifecycle.go:139 msg="Executing start hook" module=operator function=*resource.resource[*github.com/cilium/cilium/pkg/k8s/apis/cilium.io/v2.CiliumNode].Start
time=2026-03-08T08:14:45.816385041Z level=info source=/go/src/github.com/cilium/cilium/vendor/github.com/cilium/hive/cell/lifecycle.go:147 msg="Start hook executed" module=operator function=*resource.resource[*github.com/cilium/cilium/pkg/k8s/apis/cilium.io/v2.CiliumNode].Start duration=4.85µs
time=2026-03-08T08:14:45.816429391Z level=debug source=/go/src/github.com/cilium/cilium/vendor/github.com/cilium/hive/cell/lifecycle.go:139 msg="Executing start hook" module=operator function=*resource.resource[*github.com/cilium/cilium/pkg/k8s/apis/cilium.io/v2.CiliumLoadBalancerIPPool].Start
time=2026-03-08T08:14:45.816505981Z level=info source=/go/src/github.com/cilium/cilium/vendor/github.com/cilium/hive/cell/lifecycle.go:147 msg="Start hook executed" module=operator function=*resource.resource[*github.com/cilium/cilium/pkg/k8s/apis/cilium.io/v2.CiliumLoadBalancerIPPool].Start duration=1.73µs
time=2026-03-08T08:14:45.816577821Z level=debug source=/go/src/github.com/cilium/cilium/vendor/github.com/cilium/hive/cell/lifecycle.go:139 msg="Executing start hook" module=operator function=*job.queuedJob.Start detail="lbipam-main (lbipam.newLBIPAMCell.func1 (pkg/lbipam/cell.go:90))"
time=2026-03-08T08:14:45.816632001Z level=info source=/go/src/github.com/cilium/cilium/vendor/github.com/cilium/hive/cell/lifecycle.go:147 msg="Start hook executed" module=operator function=*job.queuedJob.Start detail="lbipam-main (lbipam.newLBIPAMCell.func1 (pkg/lbipam/cell.go:90))" duration=10.96µs
time=2026-03-08T08:14:45.816716801Z level=debug source=/go/src/github.com/cilium/cilium/vendor/github.com/cilium/hive/cell/lifecycle.go:139 msg="Executing start hook" module=operator function=*job.queuedJob.Start detail="manager (controller-runtime.newManager.func2 (pkg/controller-runtime/cell.go:85))"
time=2026-03-08T08:14:45.816769961Z level=info source=/go/src/github.com/cilium/cilium/vendor/github.com/cilium/hive/cell/lifecycle.go:147 msg="Start hook executed" module=operator function=*job.queuedJob.Start detail="manager (controller-runtime.newManager.func2 (pkg/controller-runtime/cell.go:85))" duration=5.43µs
time=2026-03-08T08:14:45.816816241Z level=debug source=/go/src/github.com/cilium/cilium/vendor/github.com/cilium/hive/cell/lifecycle.go:139 msg="Executing start hook" module=operator function=*resource.resource[*github.com/cilium/cilium/pkg/k8s/apis/cilium.io/v2.CiliumIdentity].Start
time=2026-03-08T08:14:45.816880311Z level=info source=/go/src/github.com/cilium/cilium/vendor/github.com/cilium/hive/cell/lifecycle.go:147 msg="Start hook executed" module=operator function=*resource.resource[*github.com/cilium/cilium/pkg/k8s/apis/cilium.io/v2.CiliumIdentity].Start duration=2.87µs
time=2026-03-08T08:14:45.816924201Z level=debug source=/go/src/github.com/cilium/cilium/vendor/github.com/cilium/hive/cell/lifecycle.go:139 msg="Executing start hook" module=operator function=watchers.(*ciliumNodeGC).start
time=2026-03-08T08:14:45.817141341Z level=debug source=/go/src/github.com/cilium/cilium/vendor/github.com/cilium/hive/job/oneshot.go:136 msg="Starting one-shot job" module=operator.operator-controlplane.leader-lifecycle.lbipam name=lbipam-main func="lbipam.newLBIPAMCell.func1 (pkg/lbipam/cell.go:90)"
time=2026-03-08T08:14:45.817307201Z level=debug source=/go/src/github.com/cilium/cilium/pkg/hive/health/provider.go:89 msg="upserting health status" module=health lastLevel=none reporter-id=operator.operator-controlplane.leader-lifecycle.lbipam.job-lbipam-main status="operator.operator-controlplane.leader-lifecycle.lbipam.job-lbipam-main: [OK] Running"
time=2026-03-08T08:14:45.817524021Z level=info source=/go/src/github.com/cilium/cilium/operator/pkg/lbipam/lbipam.go:142 msg="LB-IPAM initializing" module=operator.operator-controlplane.leader-lifecycle.lbipam
time=2026-03-08T08:14:45.817545512Z level=debug source=/go/src/github.com/cilium/cilium/vendor/github.com/cilium/hive/job/oneshot.go:136 msg="Starting one-shot job" module=operator.operator-controlplane.leader-lifecycle.controller-runtime name=manager func="controller-runtime.newManager.func2 (pkg/controller-runtime/cell.go:85)"
time=2026-03-08T08:14:45.817680721Z level=debug source=/go/src/github.com/cilium/cilium/pkg/hive/health/provider.go:89 msg="upserting health status" module=health lastLevel=none reporter-id=operator.operator-controlplane.leader-lifecycle.controller-runtime.job-manager status="operator.operator-controlplane.leader-lifecycle.controller-runtime.job-manager: [OK] Running"
time=2026-03-08T08:14:45.818047212Z level=debug+1 source=/go/src/github.com/cilium/cilium/vendor/github.com/go-logr/logr/logr.go:280 msg="Starting reflector" module=operator.operator-controlplane.leader-lifecycle.controller-runtime logger=controller-runtime/cache type=*v1.BackendTLSPolicy resyncPeriod=10h42m21.022338631s reflector=sigs.k8s.io/controller-runtime/pkg/cache/internal/informers.go:114
time=2026-03-08T08:14:45.818091612Z level=debug+1 source=/go/src/github.com/cilium/cilium/vendor/github.com/go-logr/logr/logr.go:280 msg="Listing and watching" module=operator.operator-controlplane.leader-lifecycle.controller-runtime logger=controller-runtime/cache type=*v1.BackendTLSPolicy reflector=sigs.k8s.io/controller-runtime/pkg/cache/internal/informers.go:114
time=2026-03-08T08:14:45.818221502Z level=debug+1 source=/go/src/github.com/cilium/cilium/vendor/github.com/go-logr/logr/logr.go:280 msg="Starting reflector" module=operator.operator-controlplane.leader-lifecycle.controller-runtime logger=controller-runtime/cache type=*v1.HTTPRoute resyncPeriod=9h24m21.953639344s reflector=sigs.k8s.io/controller-runtime/pkg/cache/internal/informers.go:114
time=2026-03-08T08:14:45.818231592Z level=debug+1 source=/go/src/github.com/cilium/cilium/vendor/github.com/go-logr/logr/logr.go:280 msg="Starting reflector" module=operator.operator-controlplane.leader-lifecycle.controller-runtime logger=controller-runtime/cache type=*v1.GRPCRoute resyncPeriod=9h27m43.08095619s reflector=sigs.k8s.io/controller-runtime/pkg/cache/internal/informers.go:114
time=2026-03-08T08:14:45.818322892Z level=debug+1 source=/go/src/github.com/cilium/cilium/vendor/github.com/go-logr/logr/logr.go:280 msg="Listing and watching" module=operator.operator-controlplane.leader-lifecycle.controller-runtime logger=controller-runtime/cache type=*v1.GRPCRoute reflector=sigs.k8s.io/controller-runtime/pkg/cache/internal/informers.go:114
time=2026-03-08T08:14:45.818343782Z level=debug+1 source=/go/src/github.com/cilium/cilium/vendor/github.com/go-logr/logr/logr.go:280 msg="Starting reflector" module=operator.operator-controlplane.leader-lifecycle.controller-runtime logger=controller-runtime/cache type=*v1.GatewayClass resyncPeriod=10h37m1.124824484s reflector=sigs.k8s.io/controller-runtime/pkg/cache/internal/informers.go:114
time=2026-03-08T08:14:45.818292222Z level=debug+1 source=/go/src/github.com/cilium/cilium/vendor/github.com/go-logr/logr/logr.go:280 msg="Starting reflector" module=operator.operator-controlplane.leader-lifecycle.controller-runtime logger=controller-runtime/cache type=*v1alpha2.TLSRoute resyncPeriod=9h29m43.239442523s reflector=sigs.k8s.io/controller-runtime/pkg/cache/internal/informers.go:114
time=2026-03-08T08:14:45.818410232Z level=debug+1 source=/go/src/github.com/cilium/cilium/vendor/github.com/go-logr/logr/logr.go:280 msg="Listing and watching" module=operator.operator-controlplane.leader-lifecycle.controller-runtime logger=controller-runtime/cache type=*v1alpha2.TLSRoute reflector=sigs.k8s.io/controller-runtime/pkg/cache/internal/informers.go:114
time=2026-03-08T08:14:45.818292242Z level=debug+1 source=/go/src/github.com/cilium/cilium/vendor/github.com/go-logr/logr/logr.go:280 msg="Listing and watching" module=operator.operator-controlplane.leader-lifecycle.controller-runtime logger=controller-runtime/cache type=*v1.HTTPRoute reflector=sigs.k8s.io/controller-runtime/pkg/cache/internal/informers.go:114
time=2026-03-08T08:14:45.818517432Z level=debug+1 source=/go/src/github.com/cilium/cilium/vendor/github.com/go-logr/logr/logr.go:280 msg="Starting reflector" module=operator.operator-controlplane.leader-lifecycle.controller-runtime logger=controller-runtime/cache type=*v1.Gateway resyncPeriod=9h51m16.391943552s reflector=sigs.k8s.io/controller-runtime/pkg/cache/internal/informers.go:114
time=2026-03-08T08:14:45.818552722Z level=debug+1 source=/go/src/github.com/cilium/cilium/vendor/github.com/go-logr/logr/logr.go:280 msg="Listing and watching" module=operator.operator-controlplane.leader-lifecycle.controller-runtime logger=controller-runtime/cache type=*v1.Gateway reflector=sigs.k8s.io/controller-runtime/pkg/cache/internal/informers.go:114
time=2026-03-08T08:14:45.818379922Z level=debug+1 source=/go/src/github.com/cilium/cilium/vendor/github.com/go-logr/logr/logr.go:280 msg="Listing and watching" module=operator.operator-controlplane.leader-lifecycle.controller-runtime logger=controller-runtime/cache type=*v1.GatewayClass reflector=sigs.k8s.io/controller-runtime/pkg/cache/internal/informers.go:114
time=2026-03-08T08:14:45.824472164Z level=debug source=/go/src/github.com/cilium/cilium/vendor/github.com/go-logr/logr/logr.go:280 msg="Exiting watch because received the bookmark that marks the end of initial events stream" module=operator.operator-controlplane.leader-lifecycle.controller-runtime logger=controller-runtime/cache reflector=sigs.k8s.io/controller-runtime/pkg/cache/internal/informers.go:114 totalItems=1 duration=6.344112ms
time=2026-03-08T08:14:45.824598384Z level=debug+2 source=/go/src/github.com/cilium/cilium/vendor/github.com/go-logr/logr/logr.go:280 msg="Caches populated" module=operator.operator-controlplane.leader-lifecycle.controller-runtime logger=controller-runtime/cache type=*v1.BackendTLSPolicy reflector=sigs.k8s.io/controller-runtime/pkg/cache/internal/informers.go:114
time=2026-03-08T08:14:45.824591414Z level=debug source=/go/src/github.com/cilium/cilium/vendor/github.com/go-logr/logr/logr.go:280 msg="Exiting watch because received the bookmark that marks the end of initial events stream" module=operator.operator-controlplane.leader-lifecycle.controller-runtime logger=controller-runtime/cache reflector=sigs.k8s.io/controller-runtime/pkg/cache/internal/informers.go:114 totalItems=1 duration=6.241652ms
time=2026-03-08T08:14:45.824598854Z level=debug source=/go/src/github.com/cilium/cilium/vendor/github.com/go-logr/logr/logr.go:280 msg="Exiting watch because received the bookmark that marks the end of initial events stream" module=operator.operator-controlplane.leader-lifecycle.controller-runtime logger=controller-runtime/cache reflector=sigs.k8s.io/controller-runtime/pkg/cache/internal/informers.go:114 totalItems=2 duration=5.977892ms
time=2026-03-08T08:14:45.824673394Z level=debug+2 source=/go/src/github.com/cilium/cilium/vendor/github.com/go-logr/logr/logr.go:280 msg="Caches populated" module=operator.operator-controlplane.leader-lifecycle.controller-runtime logger=controller-runtime/cache type=*v1.GatewayClass reflector=sigs.k8s.io/controller-runtime/pkg/cache/internal/informers.go:114
time=2026-03-08T08:14:45.824647564Z level=debug+2 source=/go/src/github.com/cilium/cilium/vendor/github.com/go-logr/logr/logr.go:280 msg="Caches populated" module=operator.operator-controlplane.leader-lifecycle.controller-runtime logger=controller-runtime/cache type=*v1.GRPCRoute reflector=sigs.k8s.io/controller-runtime/pkg/cache/internal/informers.go:114
time=2026-03-08T08:14:45.824770604Z level=debug source=/go/src/github.com/cilium/cilium/vendor/github.com/go-logr/logr/logr.go:280 msg="Exiting watch because received the bookmark that marks the end of initial events stream" module=operator.operator-controlplane.leader-lifecycle.controller-runtime logger=controller-runtime/cache reflector=sigs.k8s.io/controller-runtime/pkg/cache/internal/informers.go:114 totalItems=1 duration=6.190542ms
time=2026-03-08T08:14:45.824865324Z level=debug+2 source=/go/src/github.com/cilium/cilium/vendor/github.com/go-logr/logr/logr.go:280 msg="Caches populated" module=operator.operator-controlplane.leader-lifecycle.controller-runtime logger=controller-runtime/cache type=*v1.Gateway reflector=sigs.k8s.io/controller-runtime/pkg/cache/internal/informers.go:114
time=2026-03-08T08:14:45.825044494Z level=debug source=/go/src/github.com/cilium/cilium/vendor/github.com/go-logr/logr/logr.go:280 msg="Exiting watch because received the bookmark that marks the end of initial events stream" module=operator.operator-controlplane.leader-lifecycle.controller-runtime logger=controller-runtime/cache reflector=sigs.k8s.io/controller-runtime/pkg/cache/internal/informers.go:114 totalItems=1 duration=6.603572ms
time=2026-03-08T08:14:45.825092204Z level=debug+2 source=/go/src/github.com/cilium/cilium/vendor/github.com/go-logr/logr/logr.go:280 msg="Caches populated" module=operator.operator-controlplane.leader-lifecycle.controller-runtime logger=controller-runtime/cache type=*v1alpha2.TLSRoute reflector=sigs.k8s.io/controller-runtime/pkg/cache/internal/informers.go:114
time=2026-03-08T08:14:45.825280964Z level=debug source=/go/src/github.com/cilium/cilium/vendor/github.com/go-logr/logr/logr.go:280 msg="Exiting watch because received the bookmark that marks the end of initial events stream" module=operator.operator-controlplane.leader-lifecycle.controller-runtime logger=controller-runtime/cache reflector=sigs.k8s.io/controller-runtime/pkg/cache/internal/informers.go:114 totalItems=1 duration=6.751662ms
time=2026-03-08T08:14:45.825339664Z level=debug+2 source=/go/src/github.com/cilium/cilium/vendor/github.com/go-logr/logr/logr.go:280 msg="Caches populated" module=operator.operator-controlplane.leader-lifecycle.controller-runtime logger=controller-runtime/cache type=*v1.HTTPRoute reflector=sigs.k8s.io/controller-runtime/pkg/cache/internal/informers.go:114
time=2026-03-08T08:14:45.918053377Z level=debug source=/go/src/github.com/cilium/cilium/operator/pkg/lbipam/lbipam.go:1840 msg="Settling pool conflicts" module=operator.operator-controlplane.leader-lifecycle.lbipam
time=2026-03-08T08:14:45.918088637Z level=info source=/go/src/github.com/cilium/cilium/operator/watchers/cilium_node_gc_cell.go:130 msg="Starting to garbage collect stale CiliumNode custom resources" module=operator.operator-controlplane.leader-lifecycle.cilium-node-gc
time=2026-03-08T08:14:45.918496867Z level=info source=/go/src/github.com/cilium/cilium/vendor/sigs.k8s.io/controller-runtime/pkg/internal/controller/controller.go:353 msg="Starting EventSource" module=operator.operator-controlplane.leader-lifecycle.controller-runtime controller=secret controllerGroup="" controllerKind=Secret source="kind source: *v1.Gateway"
time=2026-03-08T08:14:45.918532077Z level=info source=/go/src/github.com/cilium/cilium/vendor/sigs.k8s.io/controller-runtime/pkg/internal/controller/controller.go:353 msg="Starting EventSource" module=operator.operator-controlplane.leader-lifecycle.controller-runtime controller=secret controllerGroup="" controllerKind=Secret source="kind source: *v1.Secret"
time=2026-03-08T08:14:45.918515037Z level=info source=/go/src/github.com/cilium/cilium/vendor/sigs.k8s.io/controller-runtime/pkg/internal/controller/controller.go:353 msg="Starting EventSource" module=operator.operator-controlplane.leader-lifecycle.controller-runtime controller=secret controllerGroup="" controllerKind=Secret source="kind source: *v1.Secret"
time=2026-03-08T08:14:45.918604487Z level=info source=/go/src/github.com/cilium/cilium/vendor/sigs.k8s.io/controller-runtime/pkg/internal/controller/controller.go:353 msg="Starting EventSource" module=operator.operator-controlplane.leader-lifecycle.controller-runtime controller=secret controllerGroup="" controllerKind=Secret source="kind source: *v2.CiliumNetworkPolicy"
time=2026-03-08T08:14:45.918579847Z level=info source=/go/src/github.com/cilium/cilium/vendor/sigs.k8s.io/controller-runtime/pkg/internal/controller/controller.go:353 msg="Starting EventSource" module=operator.operator-controlplane.leader-lifecycle.controller-runtime controller=secret controllerGroup="" controllerKind=Secret source="kind source: *v2.CiliumClusterwideNetworkPolicy"
time=2026-03-08T08:14:45.918652537Z level=info source=/go/src/github.com/cilium/cilium/vendor/sigs.k8s.io/controller-runtime/pkg/internal/controller/controller.go:353 msg="Starting EventSource" module=operator.operator-controlplane.leader-lifecycle.controller-runtime controller=gammaService controllerGroup="" controllerKind=Service source="kind source: *v1.HTTPRoute"
time=2026-03-08T08:14:45.918652417Z level=info source=/go/src/github.com/cilium/cilium/vendor/sigs.k8s.io/controller-runtime/pkg/internal/controller/controller.go:353 msg="Starting EventSource" module=operator.operator-controlplane.leader-lifecycle.controller-runtime controller=gammaService controllerGroup="" controllerKind=Service source="kind source: *v1beta1.ReferenceGrant"
time=2026-03-08T08:14:45.918710837Z level=info source=/go/src/github.com/cilium/cilium/vendor/sigs.k8s.io/controller-runtime/pkg/internal/controller/controller.go:353 msg="Starting EventSource" module=operator.operator-controlplane.leader-lifecycle.controller-runtime controller=gammaService controllerGroup="" controllerKind=Service source="kind source: *v2.CiliumEnvoyConfig"
time=2026-03-08T08:14:45.918650837Z level=info source=/go/src/github.com/cilium/cilium/vendor/sigs.k8s.io/controller-runtime/pkg/internal/controller/controller.go:353 msg="Starting EventSource" module=operator.operator-controlplane.leader-lifecycle.controller-runtime controller=gammaService controllerGroup="" controllerKind=Service source="kind source: *v1.Service"
time=2026-03-08T08:14:45.918710497Z level=info source=/go/src/github.com/cilium/cilium/vendor/sigs.k8s.io/controller-runtime/pkg/internal/controller/controller.go:353 msg="Starting EventSource" module=operator.operator-controlplane.leader-lifecycle.controller-runtime controller=gammaService controllerGroup="" controllerKind=Service source="kind source: *v1.GRPCRoute"
time=2026-03-08T08:14:45.918741327Z level=debug+1 source=/go/src/github.com/cilium/cilium/vendor/github.com/go-logr/logr/logr.go:280 msg="Starting reflector" module=operator.operator-controlplane.leader-lifecycle.controller-runtime logger=controller-runtime/cache type=*v1.Secret resyncPeriod=10h36m15.944903852s reflector=sigs.k8s.io/controller-runtime/pkg/cache/internal/informers.go:114
time=2026-03-08T08:14:45.918841867Z level=debug+1 source=/go/src/github.com/cilium/cilium/vendor/github.com/go-logr/logr/logr.go:280 msg="Listing and watching" module=operator.operator-controlplane.leader-lifecycle.controller-runtime logger=controller-runtime/cache type=*v1.Secret reflector=sigs.k8s.io/controller-runtime/pkg/cache/internal/informers.go:114
time=2026-03-08T08:14:45.918869447Z level=info source=/go/src/github.com/cilium/cilium/vendor/sigs.k8s.io/controller-runtime/pkg/internal/controller/controller.go:353 msg="Starting EventSource" module=operator.operator-controlplane.leader-lifecycle.controller-runtime controller=gatewayclass controllerGroup=gateway.networking.k8s.io controllerKind=GatewayClass source="kind source: *v1.GatewayClass"
time=2026-03-08T08:14:45.918858887Z level=info source=/go/src/github.com/cilium/cilium/vendor/sigs.k8s.io/controller-runtime/pkg/internal/controller/controller.go:353 msg="Starting EventSource" module=operator.operator-controlplane.leader-lifecycle.controller-runtime controller=gatewayclass controllerGroup=gateway.networking.k8s.io controllerKind=GatewayClass source="kind source: *v2alpha1.CiliumGatewayClassConfig"
time=2026-03-08T08:14:45.918917327Z level=info source=/go/src/github.com/cilium/cilium/vendor/sigs.k8s.io/controller-runtime/pkg/internal/controller/controller.go:353 msg="Starting EventSource" module=operator.operator-controlplane.leader-lifecycle.controller-runtime controller=gateway controllerGroup=gateway.networking.k8s.io controllerKind=Gateway source="kind source: *v1.Gateway"
time=2026-03-08T08:14:45.918922217Z level=info source=/go/src/github.com/cilium/cilium/vendor/sigs.k8s.io/controller-runtime/pkg/internal/controller/controller.go:353 msg="Starting EventSource" module=operator.operator-controlplane.leader-lifecycle.controller-runtime controller=gateway controllerGroup=gateway.networking.k8s.io controllerKind=Gateway source="kind source: *v1.Service"
time=2026-03-08T08:14:45.918931717Z level=info source=/go/src/github.com/cilium/cilium/vendor/sigs.k8s.io/controller-runtime/pkg/internal/controller/controller.go:353 msg="Starting EventSource" module=operator.operator-controlplane.leader-lifecycle.controller-runtime controller=configmap controllerGroup="" controllerKind=ConfigMap source="kind source: *v1.BackendTLSPolicy"
time=2026-03-08T08:14:45.918970877Z level=info source=/go/src/github.com/cilium/cilium/vendor/sigs.k8s.io/controller-runtime/pkg/internal/controller/controller.go:353 msg="Starting EventSource" module=operator.operator-controlplane.leader-lifecycle.controller-runtime controller=gateway controllerGroup=gateway.networking.k8s.io controllerKind=Gateway source="kind source: *v1.Service"
time=2026-03-08T08:14:45.918981897Z level=info source=/go/src/github.com/cilium/cilium/vendor/sigs.k8s.io/controller-runtime/pkg/internal/controller/controller.go:353 msg="Starting EventSource" module=operator.operator-controlplane.leader-lifecycle.controller-runtime controller=gateway controllerGroup=gateway.networking.k8s.io controllerKind=Gateway source="kind source: *v1beta1.ReferenceGrant"
time=2026-03-08T08:14:45.918984207Z level=info source=/go/src/github.com/cilium/cilium/vendor/sigs.k8s.io/controller-runtime/pkg/internal/controller/controller.go:353 msg="Starting EventSource" module=operator.operator-controlplane.leader-lifecycle.controller-runtime controller=gateway controllerGroup=gateway.networking.k8s.io controllerKind=Gateway source="kind source: *v1.GRPCRoute"
time=2026-03-08T08:14:45.918921617Z level=info source=/go/src/github.com/cilium/cilium/vendor/sigs.k8s.io/controller-runtime/pkg/internal/controller/controller.go:353 msg="Starting EventSource" module=operator.operator-controlplane.leader-lifecycle.controller-runtime controller=gateway controllerGroup=gateway.networking.k8s.io controllerKind=Gateway source="kind source: *v2.CiliumEnvoyConfig"
time=2026-03-08T08:14:45.919001247Z level=info source=/go/src/github.com/cilium/cilium/vendor/sigs.k8s.io/controller-runtime/pkg/internal/controller/controller.go:353 msg="Starting EventSource" module=operator.operator-controlplane.leader-lifecycle.controller-runtime controller=configmap controllerGroup="" controllerKind=ConfigMap source="kind source: *v1.ConfigMap"
time=2026-03-08T08:14:45.919008287Z level=info source=/go/src/github.com/cilium/cilium/vendor/sigs.k8s.io/controller-runtime/pkg/internal/controller/controller.go:353 msg="Starting EventSource" module=operator.operator-controlplane.leader-lifecycle.controller-runtime controller=configmap controllerGroup="" controllerKind=ConfigMap source="kind source: *v1.Secret"
time=2026-03-08T08:14:45.919050107Z level=info source=/go/src/github.com/cilium/cilium/vendor/sigs.k8s.io/controller-runtime/pkg/internal/controller/controller.go:353 msg="Starting EventSource" module=operator.operator-controlplane.leader-lifecycle.controller-runtime controller=gateway controllerGroup=gateway.networking.k8s.io controllerKind=Gateway source="kind source: *v1.Namespace"
time=2026-03-08T08:14:45.919017747Z level=info source=/go/src/github.com/cilium/cilium/vendor/sigs.k8s.io/controller-runtime/pkg/internal/controller/controller.go:353 msg="Starting EventSource" module=operator.operator-controlplane.leader-lifecycle.controller-runtime controller=gateway controllerGroup=gateway.networking.k8s.io controllerKind=Gateway source="kind source: *v1.Secret"
time=2026-03-08T08:14:45.918976377Z level=info source=/go/src/github.com/cilium/cilium/vendor/sigs.k8s.io/controller-runtime/pkg/internal/controller/controller.go:353 msg="Starting EventSource" module=operator.operator-controlplane.leader-lifecycle.controller-runtime controller=gateway controllerGroup=gateway.networking.k8s.io controllerKind=Gateway source="kind source: *v1.ConfigMap"
time=2026-03-08T08:14:45.918998097Z level=info source=/go/src/github.com/cilium/cilium/vendor/sigs.k8s.io/controller-runtime/pkg/internal/controller/controller.go:353 msg="Starting EventSource" module=operator.operator-controlplane.leader-lifecycle.controller-runtime controller=gateway controllerGroup=gateway.networking.k8s.io controllerKind=Gateway source="kind source: *v1alpha2.TLSRoute"
time=2026-03-08T08:14:45.919018257Z level=info source=/go/src/github.com/cilium/cilium/vendor/sigs.k8s.io/controller-runtime/pkg/internal/controller/controller.go:353 msg="Starting EventSource" module=operator.operator-controlplane.leader-lifecycle.controller-runtime controller=gateway controllerGroup=gateway.networking.k8s.io controllerKind=Gateway source="kind source: *v1.BackendTLSPolicy"
time=2026-03-08T08:14:45.919018957Z level=info source=/go/src/github.com/cilium/cilium/vendor/sigs.k8s.io/controller-runtime/pkg/internal/controller/controller.go:353 msg="Starting EventSource" module=operator.operator-controlplane.leader-lifecycle.controller-runtime controller=ciliumgatewayclassconfig controllerGroup=cilium.io controllerKind=CiliumGatewayClassConfig source="kind source: *v2alpha1.CiliumGatewayClassConfig"
time=2026-03-08T08:14:45.919027847Z level=info source=/go/src/github.com/cilium/cilium/vendor/sigs.k8s.io/controller-runtime/pkg/internal/controller/controller.go:353 msg="Starting EventSource" module=operator.operator-controlplane.leader-lifecycle.controller-runtime controller=gateway controllerGroup=gateway.networking.k8s.io controllerKind=Gateway source="kind source: *v1.HTTPRoute"
time=2026-03-08T08:14:45.918970977Z level=info source=/go/src/github.com/cilium/cilium/vendor/sigs.k8s.io/controller-runtime/pkg/internal/controller/controller.go:353 msg="Starting EventSource" module=operator.operator-controlplane.leader-lifecycle.controller-runtime controller=gateway controllerGroup=gateway.networking.k8s.io controllerKind=Gateway source="kind source: *v1.GatewayClass"
time=2026-03-08T08:14:45.921250238Z level=debug+1 source=/go/src/github.com/cilium/cilium/vendor/github.com/go-logr/logr/logr.go:280 msg="Starting reflector" module=operator.operator-controlplane.leader-lifecycle.controller-runtime logger=controller-runtime/cache type=*v2.CiliumClusterwideNetworkPolicy resyncPeriod=9h5m50.457080194s reflector=sigs.k8s.io/controller-runtime/pkg/cache/internal/informers.go:114
time=2026-03-08T08:14:45.921307388Z level=debug+1 source=/go/src/github.com/cilium/cilium/vendor/github.com/go-logr/logr/logr.go:280 msg="Listing and watching" module=operator.operator-controlplane.leader-lifecycle.controller-runtime logger=controller-runtime/cache type=*v2.CiliumClusterwideNetworkPolicy reflector=sigs.k8s.io/controller-runtime/pkg/cache/internal/informers.go:114
time=2026-03-08T08:14:45.921590638Z level=debug+1 source=/go/src/github.com/cilium/cilium/vendor/github.com/go-logr/logr/logr.go:280 msg="Starting reflector" module=operator.operator-controlplane.leader-lifecycle.controller-runtime logger=controller-runtime/cache type=*v1beta1.ReferenceGrant resyncPeriod=9h36m31.46717271s reflector=sigs.k8s.io/controller-runtime/pkg/cache/internal/informers.go:114
time=2026-03-08T08:14:45.921633708Z level=debug+1 source=/go/src/github.com/cilium/cilium/vendor/github.com/go-logr/logr/logr.go:280 msg="Listing and watching" module=operator.operator-controlplane.leader-lifecycle.controller-runtime logger=controller-runtime/cache type=*v1beta1.ReferenceGrant reflector=sigs.k8s.io/controller-runtime/pkg/cache/internal/informers.go:114
time=2026-03-08T08:14:45.921779198Z level=debug+1 source=/go/src/github.com/cilium/cilium/vendor/github.com/go-logr/logr/logr.go:280 msg="Starting reflector" module=operator.operator-controlplane.leader-lifecycle.controller-runtime logger=controller-runtime/cache type=*v1.Namespace resyncPeriod=10h39m13.895615287s reflector=sigs.k8s.io/controller-runtime/pkg/cache/internal/informers.go:114
time=2026-03-08T08:14:45.921839358Z level=debug+1 source=/go/src/github.com/cilium/cilium/vendor/github.com/go-logr/logr/logr.go:280 msg="Listing and watching" module=operator.operator-controlplane.leader-lifecycle.controller-runtime logger=controller-runtime/cache type=*v1.Namespace reflector=sigs.k8s.io/controller-runtime/pkg/cache/internal/informers.go:114
time=2026-03-08T08:14:45.921890028Z level=debug+1 source=/go/src/github.com/cilium/cilium/vendor/github.com/go-logr/logr/logr.go:280 msg="Starting reflector" module=operator.operator-controlplane.leader-lifecycle.controller-runtime logger=controller-runtime/cache type=*v1.ConfigMap resyncPeriod=10h52m26.468581401s reflector=sigs.k8s.io/controller-runtime/pkg/cache/internal/informers.go:114
time=2026-03-08T08:14:45.921932168Z level=debug+1 source=/go/src/github.com/cilium/cilium/vendor/github.com/go-logr/logr/logr.go:280 msg="Listing and watching" module=operator.operator-controlplane.leader-lifecycle.controller-runtime logger=controller-runtime/cache type=*v1.ConfigMap reflector=sigs.k8s.io/controller-runtime/pkg/cache/internal/informers.go:114
time=2026-03-08T08:14:45.922145568Z level=debug+1 source=/go/src/github.com/cilium/cilium/vendor/github.com/go-logr/logr/logr.go:280 msg="Starting reflector" module=operator.operator-controlplane.leader-lifecycle.controller-runtime logger=controller-runtime/cache type=*v2.CiliumEnvoyConfig resyncPeriod=10h43m13.626368474s reflector=sigs.k8s.io/controller-runtime/pkg/cache/internal/informers.go:114
time=2026-03-08T08:14:45.922202838Z level=debug+1 source=/go/src/github.com/cilium/cilium/vendor/github.com/go-logr/logr/logr.go:280 msg="Listing and watching" module=operator.operator-controlplane.leader-lifecycle.controller-runtime logger=controller-runtime/cache type=*v2.CiliumEnvoyConfig reflector=sigs.k8s.io/controller-runtime/pkg/cache/internal/informers.go:114
time=2026-03-08T08:14:45.922129438Z level=debug+1 source=/go/src/github.com/cilium/cilium/vendor/github.com/go-logr/logr/logr.go:280 msg="Starting reflector" module=operator.operator-controlplane.leader-lifecycle.controller-runtime logger=controller-runtime/cache type=*v1.Service resyncPeriod=9h33m10.909559415s reflector=sigs.k8s.io/controller-runtime/pkg/cache/internal/informers.go:114
time=2026-03-08T08:14:45.922346098Z level=debug+1 source=/go/src/github.com/cilium/cilium/vendor/github.com/go-logr/logr/logr.go:280 msg="Listing and watching" module=operator.operator-controlplane.leader-lifecycle.controller-runtime logger=controller-runtime/cache type=*v1.Service reflector=sigs.k8s.io/controller-runtime/pkg/cache/internal/informers.go:114
time=2026-03-08T08:14:45.924326599Z level=debug source=/go/src/github.com/cilium/cilium/vendor/github.com/go-logr/logr/logr.go:280 msg="Exiting watch because received the bookmark that marks the end of initial events stream" module=operator.operator-controlplane.leader-lifecycle.controller-runtime logger=controller-runtime/cache reflector=sigs.k8s.io/controller-runtime/pkg/cache/internal/informers.go:114 totalItems=1 duration=2.673711ms
time=2026-03-08T08:14:45.924372329Z level=debug source=/go/src/github.com/cilium/cilium/vendor/github.com/go-logr/logr/logr.go:280 msg="Exiting watch because received the bookmark that marks the end of initial events stream" module=operator.operator-controlplane.leader-lifecycle.controller-runtime logger=controller-runtime/cache reflector=sigs.k8s.io/controller-runtime/pkg/cache/internal/informers.go:114 totalItems=1 duration=3.042431ms
time=2026-03-08T08:14:45.924406449Z level=debug+1 source=/go/src/github.com/cilium/cilium/vendor/github.com/go-logr/logr/logr.go:280 msg="Starting reflector" module=operator.operator-controlplane.leader-lifecycle.controller-runtime logger=controller-runtime/cache type=*v2alpha1.CiliumGatewayClassConfig resyncPeriod=9h5m56.20279291s reflector=sigs.k8s.io/controller-runtime/pkg/cache/internal/informers.go:114
time=2026-03-08T08:14:45.924435759Z level=debug+1 source=/go/src/github.com/cilium/cilium/vendor/github.com/go-logr/logr/logr.go:280 msg="Listing and watching" module=operator.operator-controlplane.leader-lifecycle.controller-runtime logger=controller-runtime/cache type=*v2alpha1.CiliumGatewayClassConfig reflector=sigs.k8s.io/controller-runtime/pkg/cache/internal/informers.go:114
time=2026-03-08T08:14:45.924420489Z level=debug+2 source=/go/src/github.com/cilium/cilium/vendor/github.com/go-logr/logr/logr.go:280 msg="Caches populated" module=operator.operator-controlplane.leader-lifecycle.controller-runtime logger=controller-runtime/cache type=*v2.CiliumClusterwideNetworkPolicy reflector=sigs.k8s.io/controller-runtime/pkg/cache/internal/informers.go:114
time=2026-03-08T08:14:45.924400489Z level=debug+2 source=/go/src/github.com/cilium/cilium/vendor/github.com/go-logr/logr/logr.go:280 msg="Caches populated" module=operator.operator-controlplane.leader-lifecycle.controller-runtime logger=controller-runtime/cache type=*v1beta1.ReferenceGrant reflector=sigs.k8s.io/controller-runtime/pkg/cache/internal/informers.go:114
time=2026-03-08T08:14:45.924662479Z level=debug source=/go/src/github.com/cilium/cilium/vendor/github.com/go-logr/logr/logr.go:280 msg="Exiting watch because received the bookmark that marks the end of initial events stream" module=operator.operator-controlplane.leader-lifecycle.controller-runtime logger=controller-runtime/cache reflector=sigs.k8s.io/controller-runtime/pkg/cache/internal/informers.go:114 totalItems=1 duration=2.439501ms
time=2026-03-08T08:14:45.924681629Z level=debug+1 source=/go/src/github.com/cilium/cilium/vendor/github.com/go-logr/logr/logr.go:280 msg="Starting reflector" module=operator.operator-controlplane.leader-lifecycle.controller-runtime logger=controller-runtime/cache type=*v2.CiliumNetworkPolicy resyncPeriod=9h24m14.626996608s reflector=sigs.k8s.io/controller-runtime/pkg/cache/internal/informers.go:114
time=2026-03-08T08:14:45.924758219Z level=debug+1 source=/go/src/github.com/cilium/cilium/vendor/github.com/go-logr/logr/logr.go:280 msg="Listing and watching" module=operator.operator-controlplane.leader-lifecycle.controller-runtime logger=controller-runtime/cache type=*v2.CiliumNetworkPolicy reflector=sigs.k8s.io/controller-runtime/pkg/cache/internal/informers.go:114
time=2026-03-08T08:14:45.924737059Z level=debug+2 source=/go/src/github.com/cilium/cilium/vendor/github.com/go-logr/logr/logr.go:280 msg="Caches populated" module=operator.operator-controlplane.leader-lifecycle.controller-runtime logger=controller-runtime/cache type=*v2.CiliumEnvoyConfig reflector=sigs.k8s.io/controller-runtime/pkg/cache/internal/informers.go:114
time=2026-03-08T08:14:45.925139999Z level=debug source=/go/src/github.com/cilium/cilium/vendor/github.com/go-logr/logr/logr.go:280 msg="Exiting watch because received the bookmark that marks the end of initial events stream" module=operator.operator-controlplane.leader-lifecycle.controller-runtime logger=controller-runtime/cache reflector=sigs.k8s.io/controller-runtime/pkg/cache/internal/informers.go:114 totalItems=7 duration=3.271291ms
time=2026-03-08T08:14:45.925243769Z level=debug+2 source=/go/src/github.com/cilium/cilium/vendor/github.com/go-logr/logr/logr.go:280 msg="Caches populated" module=operator.operator-controlplane.leader-lifecycle.controller-runtime logger=controller-runtime/cache type=*v1.Namespace reflector=sigs.k8s.io/controller-runtime/pkg/cache/internal/informers.go:114
time=2026-03-08T08:14:45.9268305Z level=debug source=/go/src/github.com/cilium/cilium/vendor/github.com/go-logr/logr/logr.go:280 msg="Exiting watch because received the bookmark that marks the end of initial events stream" module=operator.operator-controlplane.leader-lifecycle.controller-runtime logger=controller-runtime/cache reflector=sigs.k8s.io/controller-runtime/pkg/cache/internal/informers.go:114 totalItems=5 duration=4.452471ms
time=2026-03-08T08:14:45.92766469Z level=debug+2 source=/go/src/github.com/cilium/cilium/vendor/github.com/go-logr/logr/logr.go:280 msg="Caches populated" module=operator.operator-controlplane.leader-lifecycle.controller-runtime logger=controller-runtime/cache type=*v1.Service reflector=sigs.k8s.io/controller-runtime/pkg/cache/internal/informers.go:114
time=2026-03-08T08:14:45.92812101Z level=debug source=/go/src/github.com/cilium/cilium/vendor/github.com/go-logr/logr/logr.go:280 msg="Exiting watch because received the bookmark that marks the end of initial events stream" module=operator.operator-controlplane.leader-lifecycle.controller-runtime logger=controller-runtime/cache reflector=sigs.k8s.io/controller-runtime/pkg/cache/internal/informers.go:114 totalItems=5 duration=9.237903ms
time=2026-03-08T08:14:45.9284336Z level=debug source=/go/src/github.com/cilium/cilium/vendor/github.com/go-logr/logr/logr.go:280 msg="Exiting watch because received the bookmark that marks the end of initial events stream" module=operator.operator-controlplane.leader-lifecycle.controller-runtime logger=controller-runtime/cache reflector=sigs.k8s.io/controller-runtime/pkg/cache/internal/informers.go:114 totalItems=1 duration=3.647331ms
time=2026-03-08T08:14:45.92853824Z level=debug+2 source=/go/src/github.com/cilium/cilium/vendor/github.com/go-logr/logr/logr.go:280 msg="Caches populated" module=operator.operator-controlplane.leader-lifecycle.controller-runtime logger=controller-runtime/cache type=*v2.CiliumNetworkPolicy reflector=sigs.k8s.io/controller-runtime/pkg/cache/internal/informers.go:114
time=2026-03-08T08:14:45.92849995Z level=debug+2 source=/go/src/github.com/cilium/cilium/vendor/github.com/go-logr/logr/logr.go:280 msg="Caches populated" module=operator.operator-controlplane.leader-lifecycle.controller-runtime logger=controller-runtime/cache type=*v1.Secret reflector=sigs.k8s.io/controller-runtime/pkg/cache/internal/informers.go:114
time=2026-03-08T08:14:45.92854629Z level=debug source=/go/src/github.com/cilium/cilium/vendor/github.com/go-logr/logr/logr.go:280 msg="Exiting watch because received the bookmark that marks the end of initial events stream" module=operator.operator-controlplane.leader-lifecycle.controller-runtime logger=controller-runtime/cache reflector=sigs.k8s.io/controller-runtime/pkg/cache/internal/informers.go:114 totalItems=17 duration=6.590932ms
time=2026-03-08T08:14:45.92868551Z level=debug+2 source=/go/src/github.com/cilium/cilium/vendor/github.com/go-logr/logr/logr.go:280 msg="Caches populated" module=operator.operator-controlplane.leader-lifecycle.controller-runtime logger=controller-runtime/cache type=*v1.ConfigMap reflector=sigs.k8s.io/controller-runtime/pkg/cache/internal/informers.go:114
time=2026-03-08T08:14:46.019120822Z level=debug source=/go/src/github.com/cilium/cilium/pkg/controller/manager.go:123 msg="Starting new controller" subsys=controller name=cilium-node-gc uuid=459e0641-1f4c-4494-9d83-813e97c37697
time=2026-03-08T08:14:46.019196532Z level=info source=/go/src/github.com/cilium/cilium/vendor/github.com/cilium/hive/cell/lifecycle.go:147 msg="Start hook executed" module=operator function=watchers.(*ciliumNodeGC).start duration=202.233371ms
time=2026-03-08T08:14:46.019223392Z level=debug source=/go/src/github.com/cilium/cilium/vendor/github.com/cilium/hive/cell/lifecycle.go:139 msg="Executing start hook" module=operator function=cmd.(*legacyOnLeader).onStart
time=2026-03-08T08:14:46.019336812Z level=info source=/go/src/github.com/cilium/cilium/operator/cmd/root.go:665 msg="Managing Cilium Node Taints or Setting Cilium Is Up Condition for Kubernetes Nodes" module=operator.operator-controlplane.leader-lifecycle.legacy-cell k8sNamespace=kube-system label-selector="k8s-app=cilium" remove-cilium-node-taints=true set-cilium-node-taints=true set-cilium-is-up-condition=true
time=2026-03-08T08:14:46.019439623Z level=debug source=/go/src/github.com/cilium/cilium/operator/watchers/cilium_node_gc.go:100 msg="CiliumNode is valid, no garbage collection required" module=operator.operator-controlplane.leader-lifecycle.cilium-node-gc nodeName=chart-testing-control-plane
time=2026-03-08T08:14:46.019525623Z level=debug source=/go/src/github.com/cilium/cilium/pkg/controller/controller.go:338 msg="Controller func executed" subsys=controller name=cilium-node-gc uuid=459e0641-1f4c-4494-9d83-813e97c37697 duration=175.8µs
time=2026-03-08T08:14:46.120115267Z level=info source=/go/src/github.com/cilium/cilium/pkg/labelsfilter/filter.go:118 msg="Parsing base label prefixes from default label list" module=operator.operator-controlplane.leader-lifecycle.legacy-cell
time=2026-03-08T08:14:46.120163047Z level=info source=/go/src/github.com/cilium/cilium/operator/watchers/node_taint.go:132 msg="Cilium pod scheduled but not running for node; setting taint" module=operator.operator-controlplane.leader-lifecycle.legacy-cell subsys=watchers nodeName=chart-testing-control-plane
time=2026-03-08T08:14:46.120241438Z level=debug source=/go/src/github.com/cilium/cilium/operator/watchers/node_taint.go:432 msg="Setting Node Taint" module=operator.operator-controlplane.leader-lifecycle.legacy-cell subsys=watchers nodeName=chart-testing-control-plane taint=node.cilium.io/agent-not-ready
time=2026-03-08T08:14:46.120189838Z level=info source=/go/src/github.com/cilium/cilium/operator/watchers/node_taint.go:132 msg="Cilium pod scheduled but not running for node; setting taint" module=operator.operator-controlplane.leader-lifecycle.legacy-cell subsys=watchers nodeName=chart-testing-worker
time=2026-03-08T08:14:46.120370347Z level=debug source=/go/src/github.com/cilium/cilium/operator/watchers/node_taint.go:432 msg="Setting Node Taint" module=operator.operator-controlplane.leader-lifecycle.legacy-cell subsys=watchers nodeName=chart-testing-worker taint=node.cilium.io/agent-not-ready
time=2026-03-08T08:14:46.120402887Z level=info source=/go/src/github.com/cilium/cilium/pkg/labelsfilter/filter.go:135 msg="Parsing node label prefixes from user inputs" module=operator.operator-controlplane.leader-lifecycle.legacy-cell prefix=[]
time=2026-03-08T08:14:46.120428258Z level=info source=/go/src/github.com/cilium/cilium/pkg/labelsfilter/filter.go:155 msg="Parsing additional label prefixes from user inputs" module=operator.operator-controlplane.leader-lifecycle.legacy-cell prefix=[]
time=2026-03-08T08:14:46.120439818Z level=info source=/go/src/github.com/cilium/cilium/pkg/labelsfilter/filter.go:195 msg="Final label prefixes to be used for identity evaluation:" module=operator.operator-controlplane.leader-lifecycle.legacy-cell
time=2026-03-08T08:14:46.120486258Z level=info source=/go/src/github.com/cilium/cilium/pkg/labelsfilter/filter.go:197 msg=" - reserved:.*" module=operator.operator-controlplane.leader-lifecycle.legacy-cell
time=2026-03-08T08:14:46.120500498Z level=info source=/go/src/github.com/cilium/cilium/pkg/labelsfilter/filter.go:197 msg=" - :io\\.kubernetes\\.pod\\.namespace" module=operator.operator-controlplane.leader-lifecycle.legacy-cell
time=2026-03-08T08:14:46.120508038Z level=info source=/go/src/github.com/cilium/cilium/pkg/labelsfilter/filter.go:197 msg=" - :io\\.cilium\\.k8s\\.namespace\\.labels" module=operator.operator-controlplane.leader-lifecycle.legacy-cell
time=2026-03-08T08:14:46.120515488Z level=info source=/go/src/github.com/cilium/cilium/pkg/labelsfilter/filter.go:197 msg=" - :app\\.kubernetes\\.io" module=operator.operator-controlplane.leader-lifecycle.legacy-cell
time=2026-03-08T08:14:46.120523008Z level=info source=/go/src/github.com/cilium/cilium/pkg/labelsfilter/filter.go:197 msg=" - :io\\.cilium\\.k8s\\.policy\\.cluster" module=operator.operator-controlplane.leader-lifecycle.legacy-cell
time=2026-03-08T08:14:46.120529978Z level=info source=/go/src/github.com/cilium/cilium/pkg/labelsfilter/filter.go:197 msg=" - :io\\.cilium\\.k8s\\.policy\\.serviceaccount" module=operator.operator-controlplane.leader-lifecycle.legacy-cell
time=2026-03-08T08:14:46.120536968Z level=info source=/go/src/github.com/cilium/cilium/pkg/labelsfilter/filter.go:197 msg=" - !:io\\.kubernetes" module=operator.operator-controlplane.leader-lifecycle.legacy-cell
time=2026-03-08T08:14:46.120543768Z level=info source=/go/src/github.com/cilium/cilium/pkg/labelsfilter/filter.go:197 msg=" - !:kubernetes\\.io" module=operator.operator-controlplane.leader-lifecycle.legacy-cell
time=2026-03-08T08:14:46.120550238Z level=info source=/go/src/github.com/cilium/cilium/pkg/labelsfilter/filter.go:197 msg=" - !:statefulset\\.kubernetes\\.io/pod-name" module=operator.operator-controlplane.leader-lifecycle.legacy-cell
time=2026-03-08T08:14:46.120556928Z level=info source=/go/src/github.com/cilium/cilium/pkg/labelsfilter/filter.go:197 msg=" - !:apps\\.kubernetes\\.io/pod-index" module=operator.operator-controlplane.leader-lifecycle.legacy-cell
time=2026-03-08T08:14:46.120565918Z level=info source=/go/src/github.com/cilium/cilium/pkg/labelsfilter/filter.go:197 msg=" - !:batch\\.kubernetes\\.io/job-completion-index" module=operator.operator-controlplane.leader-lifecycle.legacy-cell
time=2026-03-08T08:14:46.120572918Z level=info source=/go/src/github.com/cilium/cilium/pkg/labelsfilter/filter.go:197 msg=" - !:batch\\.kubernetes\\.io/controller-uid" module=operator.operator-controlplane.leader-lifecycle.legacy-cell
time=2026-03-08T08:14:46.120580108Z level=info source=/go/src/github.com/cilium/cilium/pkg/labelsfilter/filter.go:197 msg=" - !:.*beta\\.kubernetes\\.io" module=operator.operator-controlplane.leader-lifecycle.legacy-cell
time=2026-03-08T08:14:46.120586668Z level=info source=/go/src/github.com/cilium/cilium/pkg/labelsfilter/filter.go:197 msg=" - !:k8s\\.io" module=operator.operator-controlplane.leader-lifecycle.legacy-cell
time=2026-03-08T08:14:46.120593298Z level=info source=/go/src/github.com/cilium/cilium/pkg/labelsfilter/filter.go:197 msg=" - !:pod-template-generation" module=operator.operator-controlplane.leader-lifecycle.legacy-cell
time=2026-03-08T08:14:46.120600348Z level=info source=/go/src/github.com/cilium/cilium/pkg/labelsfilter/filter.go:197 msg=" - !:pod-template-hash" module=operator.operator-controlplane.leader-lifecycle.legacy-cell
time=2026-03-08T08:14:46.120606968Z level=info source=/go/src/github.com/cilium/cilium/pkg/labelsfilter/filter.go:197 msg=" - !:controller-revision-hash" module=operator.operator-controlplane.leader-lifecycle.legacy-cell
time=2026-03-08T08:14:46.120614418Z level=info source=/go/src/github.com/cilium/cilium/pkg/labelsfilter/filter.go:197 msg=" - !:controller-uid" module=operator.operator-controlplane.leader-lifecycle.legacy-cell
time=2026-03-08T08:14:46.120621488Z level=info source=/go/src/github.com/cilium/cilium/pkg/labelsfilter/filter.go:197 msg=" - !:annotation.*" module=operator.operator-controlplane.leader-lifecycle.legacy-cell
time=2026-03-08T08:14:46.120628408Z level=info source=/go/src/github.com/cilium/cilium/pkg/labelsfilter/filter.go:197 msg=" - !:etcd_node" module=operator.operator-controlplane.leader-lifecycle.legacy-cell
time=2026-03-08T08:14:46.120634558Z level=info source=/go/src/github.com/cilium/cilium/pkg/labelsfilter/filter.go:197 msg=" - !:topology\\.kubernetes\\.io" module=operator.operator-controlplane.leader-lifecycle.legacy-cell
time=2026-03-08T08:14:46.120641178Z level=info source=/go/src/github.com/cilium/cilium/pkg/labelsfilter/filter.go:200 msg="Final node label prefixes to be used for identity evaluation:" module=operator.operator-controlplane.leader-lifecycle.legacy-cell
time=2026-03-08T08:14:46.120651728Z level=info source=/go/src/github.com/cilium/cilium/operator/cmd/root.go:695 msg="Initialization complete" module=operator.operator-controlplane.leader-lifecycle.legacy-cell
time=2026-03-08T08:14:46.120665138Z level=info source=/go/src/github.com/cilium/cilium/vendor/github.com/cilium/hive/cell/lifecycle.go:147 msg="Start hook executed" module=operator function=cmd.(*legacyOnLeader).onStart duration=101.340955ms
time=2026-03-08T08:14:46.120692408Z level=debug source=/go/src/github.com/cilium/cilium/vendor/github.com/cilium/hive/cell/lifecycle.go:139 msg="Executing start hook" module=operator function=*resource.resource[*github.com/cilium/cilium/pkg/k8s/apis/cilium.io/v2.CiliumEndpoint].Start
time=2026-03-08T08:14:46.120705468Z level=info source=/go/src/github.com/cilium/cilium/vendor/github.com/cilium/hive/cell/lifecycle.go:147 msg="Start hook executed" module=operator function=*resource.resource[*github.com/cilium/cilium/pkg/k8s/apis/cilium.io/v2.CiliumEndpoint].Start duration=4.38µs
time=2026-03-08T08:14:46.120721058Z level=debug source=/go/src/github.com/cilium/cilium/vendor/github.com/cilium/hive/cell/lifecycle.go:139 msg="Executing start hook" module=operator function=*resource.resource[*github.com/cilium/cilium/pkg/k8s/apis/cilium.io/v2alpha1.CiliumEndpointSlice].Start
time=2026-03-08T08:14:46.120731348Z level=info source=/go/src/github.com/cilium/cilium/vendor/github.com/cilium/hive/cell/lifecycle.go:147 msg="Start hook executed" module=operator function=*resource.resource[*github.com/cilium/cilium/pkg/k8s/apis/cilium.io/v2alpha1.CiliumEndpointSlice].Start duration=2.66µs
time=2026-03-08T08:14:46.120753558Z level=debug source=/go/src/github.com/cilium/cilium/vendor/github.com/cilium/hive/cell/lifecycle.go:139 msg="Executing start hook" module=operator function="identitygc.registerGC.func1 (.../operator/identitygc/gc.go:122)"
time=2026-03-08T08:14:46.120775908Z level=info source=/go/src/github.com/cilium/cilium/operator/identitygc/crd_gc.go:42 msg="Starting CRD identity garbage collector" module=operator.operator-controlplane.leader-lifecycle.k8s-identities-gc interval=15m0s
time=2026-03-08T08:14:46.120799488Z level=debug source=/go/src/github.com/cilium/cilium/pkg/controller/manager.go:123 msg="Starting new controller" subsys=controller name=crd-identity-gc uuid=07fd2e48-64d7-4e73-9663-7c294dfce546
time=2026-03-08T08:14:46.120822308Z level=debug source=/go/src/github.com/cilium/cilium/operator/identitygc/crd_gc.go:80 msg="Running CRD identity garbage collector" module=operator.operator-controlplane.leader-lifecycle.k8s-identities-gc
time=2026-03-08T08:14:46.120908188Z level=info source=/go/src/github.com/cilium/cilium/vendor/github.com/cilium/hive/cell/lifecycle.go:147 msg="Start hook executed" module=operator function="identitygc.registerGC.func1 (.../operator/identitygc/gc.go:122)" duration=124.56µs
time=2026-03-08T08:14:46.120996678Z level=debug source=/go/src/github.com/cilium/cilium/vendor/github.com/cilium/hive/cell/lifecycle.go:139 msg="Executing start hook" module=operator function=*resource.resource[*github.com/cilium/cilium/pkg/k8s/slim/k8s/api/core/v1.Namespace].Start
time=2026-03-08T08:14:46.121014258Z level=info source=/go/src/github.com/cilium/cilium/vendor/github.com/cilium/hive/cell/lifecycle.go:147 msg="Start hook executed" module=operator function=*resource.resource[*github.com/cilium/cilium/pkg/k8s/slim/k8s/api/core/v1.Namespace].Start duration=5.1µs
time=2026-03-08T08:14:46.121029138Z level=debug source=/go/src/github.com/cilium/cilium/vendor/github.com/cilium/hive/cell/lifecycle.go:139 msg="Executing start hook" module=operator function=*resource.resource[*github.com/cilium/cilium/pkg/k8s/slim/k8s/api/core/v1.Pod].Start
time=2026-03-08T08:14:46.121037958Z level=info source=/go/src/github.com/cilium/cilium/vendor/github.com/cilium/hive/cell/lifecycle.go:147 msg="Start hook executed" module=operator function=*resource.resource[*github.com/cilium/cilium/pkg/k8s/slim/k8s/api/core/v1.Pod].Start duration=1.4µs
time=2026-03-08T08:14:46.121051388Z level=debug source=/go/src/github.com/cilium/cilium/vendor/github.com/cilium/hive/cell/lifecycle.go:139 msg="Executing start hook" module=operator function=*endpointgc.GC.Start
time=2026-03-08T08:14:46.121076488Z level=info source=/go/src/github.com/cilium/cilium/operator/endpointgc/gc.go:85 msg="Starting to garbage collect stale CiliumEndpoint custom resources" module=operator.operator-controlplane.leader-lifecycle.k8s-endpoints-gc
time=2026-03-08T08:14:46.121109678Z level=debug source=/go/src/github.com/cilium/cilium/pkg/controller/manager.go:123 msg="Starting new controller" subsys=controller name=to-k8s-ciliumendpoint-gc uuid=099e92a9-a461-43f4-bc0c-8742bb436891
time=2026-03-08T08:14:46.121130818Z level=info source=/go/src/github.com/cilium/cilium/vendor/github.com/cilium/hive/cell/lifecycle.go:147 msg="Start hook executed" module=operator function=*endpointgc.GC.Start duration=70.79µs
time=2026-03-08T08:14:46.121146358Z level=debug source=/go/src/github.com/cilium/cilium/vendor/github.com/cilium/hive/cell/lifecycle.go:139 msg="Executing start hook" module=operator function=unmanagedpods.(*unmanagedPodsController).onStart
time=2026-03-08T08:14:46.121156908Z level=info source=/go/src/github.com/cilium/cilium/vendor/github.com/cilium/hive/cell/lifecycle.go:147 msg="Start hook executed" module=operator function=unmanagedpods.(*unmanagedPodsController).onStart duration=2.58µs
time=2026-03-08T08:14:46.121188708Z level=debug source=/go/src/github.com/cilium/cilium/vendor/github.com/cilium/hive/cell/lifecycle.go:139 msg="Executing start hook" module=operator function=policyderivative.(*policyDerivativeController).onStart
time=2026-03-08T08:14:46.121200628Z level=info source=/go/src/github.com/cilium/cilium/vendor/github.com/cilium/hive/cell/lifecycle.go:147 msg="Start hook executed" module=operator function=policyderivative.(*policyDerivativeController).onStart duration=3.59µs
time=2026-03-08T08:14:46.121219498Z level=debug source=/go/src/github.com/cilium/cilium/vendor/github.com/cilium/hive/cell/lifecycle.go:139 msg="Executing start hook" module=operator function=*job.queuedJob.Start detail="to-k8s-ciliumendpointslice-gc (endpointslicegc.(*GC).doGC)"
time=2026-03-08T08:14:46.121220988Z level=info source=/go/src/github.com/cilium/cilium/operator/policyderivative/cnp_watcher.go:33 msg="Starting CNP derivative handler" module=operator.operator-controlplane.leader-lifecycle.policy-derivative
time=2026-03-08T08:14:46.121276708Z level=debug source=/go/src/github.com/cilium/cilium/pkg/controller/manager.go:123 msg="Starting new controller" subsys=controller name=cnp-to-groups uuid=f573bffa-08d5-4223-b353-bd7f3d876db6
time=2026-03-08T08:14:46.121336628Z level=debug source=/go/src/github.com/cilium/cilium/pkg/controller/controller.go:338 msg="Controller func executed" subsys=controller name=cnp-to-groups uuid=f573bffa-08d5-4223-b353-bd7f3d876db6 duration=10.7µs
time=2026-03-08T08:14:46.121268648Z level=debug source=/go/src/github.com/cilium/cilium/vendor/github.com/cilium/hive/job/oneshot.go:136 msg="Starting one-shot job" module=operator.operator-controlplane.leader-lifecycle.k8s-endpointslice-gc name=to-k8s-ciliumendpointslice-gc func=endpointslicegc.(*GC).doGC
time=2026-03-08T08:14:46.121422838Z level=debug source=/go/src/github.com/cilium/cilium/pkg/hive/health/provider.go:89 msg="upserting health status" module=health lastLevel=none reporter-id=operator.operator-controlplane.leader-lifecycle.k8s-endpointslice-gc.job-to-k8s-ciliumendpointslice-gc status="operator.operator-controlplane.leader-lifecycle.k8s-endpointslice-gc.job-to-k8s-ciliumendpointslice-gc: [OK] Running"
time=2026-03-08T08:14:46.121238678Z level=info source=/go/src/github.com/cilium/cilium/vendor/github.com/cilium/hive/cell/lifecycle.go:147 msg="Start hook executed" module=operator function=*job.queuedJob.Start detail="to-k8s-ciliumendpointslice-gc (endpointslicegc.(*GC).doGC)" duration=7.4µs
time=2026-03-08T08:14:46.121565568Z level=debug source=/go/src/github.com/cilium/cilium/vendor/github.com/cilium/hive/cell/lifecycle.go:139 msg="Executing start hook" module=operator function=*resource.resource[*github.com/cilium/cilium/pkg/k8s.Endpoints].Start
time=2026-03-08T08:14:46.121587748Z level=info source=/go/src/github.com/cilium/cilium/vendor/github.com/cilium/hive/cell/lifecycle.go:147 msg="Start hook executed" module=operator function=*resource.resource[*github.com/cilium/cilium/pkg/k8s.Endpoints].Start duration=3.61µs
time=2026-03-08T08:14:46.121609578Z level=debug source=/go/src/github.com/cilium/cilium/vendor/github.com/cilium/hive/cell/lifecycle.go:139 msg="Executing start hook" module=operator function="namespace.newManager.func1 (.../clustermesh/namespace/namespace.go:46)"
time=2026-03-08T08:14:46.121296558Z level=info source=/go/src/github.com/cilium/cilium/operator/policyderivative/ccnp_watcher.go:33 msg="Starting CCNP derivative handler" module=operator.operator-controlplane.leader-lifecycle.policy-derivative
time=2026-03-08T08:14:46.121690168Z level=debug source=/go/src/github.com/cilium/cilium/pkg/controller/manager.go:123 msg="Starting new controller" subsys=controller name=ccnp-to-groups uuid=3d095bb3-082b-47b1-be35-cf20145e7135
time=2026-03-08T08:14:46.121722228Z level=debug source=/go/src/github.com/cilium/cilium/pkg/controller/controller.go:338 msg="Controller func executed" subsys=controller name=ccnp-to-groups uuid=3d095bb3-082b-47b1-be35-cf20145e7135 duration=9.74µs
time=2026-03-08T08:14:46.122820628Z level=info source=/go/src/github.com/cilium/cilium/operator/endpointslicegc/gc.go:77 msg="CiliumEndpointSlice CRD cannot be found, skipping garbage collection" module=operator.operator-controlplane.leader-lifecycle.k8s-endpointslice-gc error="customresourcedefinitions.apiextensions.k8s.io \"ciliumendpointslices.cilium.io\" not found"
time=2026-03-08T08:14:46.122991139Z level=debug source=/go/src/github.com/cilium/cilium/pkg/hive/health/provider.go:144 msg="stopping health reporter" module=health reporter-id=operator.operator-controlplane.leader-lifecycle.k8s-endpointslice-gc.job-to-k8s-ciliumendpointslice-gc
time=2026-03-08T08:14:46.221633813Z level=debug source=/go/src/github.com/cilium/cilium/pkg/controller/controller.go:338 msg="Controller func executed" subsys=controller name=crd-identity-gc uuid=07fd2e48-64d7-4e73-9663-7c294dfce546 duration=100.811435ms
time=2026-03-08T08:14:46.321694539Z level=debug source=/go/src/github.com/cilium/cilium/pkg/controller/manager.go:123 msg="Starting new controller" subsys=controller name=restart-unmanaged-pods uuid=8cc2caa3-4793-45bb-9c41-0b26af76c62b
time=2026-03-08T08:14:46.321766069Z level=debug source=/go/src/github.com/cilium/cilium/pkg/controller/controller.go:338 msg="Controller func executed" subsys=controller name=restart-unmanaged-pods uuid=8cc2caa3-4793-45bb-9c41-0b26af76c62b duration=8.24µs
time=2026-03-08T08:14:46.321773919Z level=debug source=/go/src/github.com/cilium/cilium/pkg/controller/controller.go:338 msg="Controller func executed" subsys=controller name=to-k8s-ciliumendpoint-gc uuid=099e92a9-a461-43f4-bc0c-8742bb436891 duration=200.588201ms
time=2026-03-08T08:14:46.321858129Z level=info source=/go/src/github.com/cilium/cilium/vendor/github.com/cilium/hive/cell/lifecycle.go:147 msg="Start hook executed" module=operator function="namespace.newManager.func1 (.../clustermesh/namespace/namespace.go:46)" duration=200.225191ms
time=2026-03-08T08:14:46.321941769Z level=debug source=/go/src/github.com/cilium/cilium/vendor/github.com/cilium/hive/cell/lifecycle.go:139 msg="Executing start hook" module=operator function=*resource.resource[*sigs.k8s.io/mcs-api/pkg/apis/v1alpha1.ServiceExport].Start
time=2026-03-08T08:14:46.321970929Z level=info source=/go/src/github.com/cilium/cilium/vendor/github.com/cilium/hive/cell/lifecycle.go:147 msg="Start hook executed" module=operator function=*resource.resource[*sigs.k8s.io/mcs-api/pkg/apis/v1alpha1.ServiceExport].Start duration=5.64µs
time=2026-03-08T08:14:46.321989899Z level=debug source=/go/src/github.com/cilium/cilium/vendor/github.com/cilium/hive/cell/lifecycle.go:139 msg="Executing start hook" module=operator function=*resource.resource[*github.com/cilium/cilium/pkg/k8s/apis/cilium.io/v2.CiliumNetworkPolicy].Start
time=2026-03-08T08:14:46.322002369Z level=info source=/go/src/github.com/cilium/cilium/vendor/github.com/cilium/hive/cell/lifecycle.go:147 msg="Start hook executed" module=operator function=*resource.resource[*github.com/cilium/cilium/pkg/k8s/apis/cilium.io/v2.CiliumNetworkPolicy].Start duration=2.15µs
time=2026-03-08T08:14:46.322024199Z level=debug source=/go/src/github.com/cilium/cilium/vendor/github.com/cilium/hive/cell/lifecycle.go:139 msg="Executing start hook" module=operator function=*resource.resource[*github.com/cilium/cilium/pkg/k8s/apis/cilium.io/v2.CiliumClusterwideNetworkPolicy].Start
time=2026-03-08T08:14:46.322035009Z level=info source=/go/src/github.com/cilium/cilium/vendor/github.com/cilium/hive/cell/lifecycle.go:147 msg="Start hook executed" module=operator function=*resource.resource[*github.com/cilium/cilium/pkg/k8s/apis/cilium.io/v2.CiliumClusterwideNetworkPolicy].Start duration=1.23µs
time=2026-03-08T08:14:46.322057949Z level=debug source=/go/src/github.com/cilium/cilium/vendor/github.com/cilium/hive/cell/lifecycle.go:139 msg="Executing start hook" module=operator function=*job.queuedJob.Start detail="cnp-validation (networkpolicy.(*policyValidator).handleCNPEvent)"
time=2026-03-08T08:14:46.322083679Z level=info source=/go/src/github.com/cilium/cilium/vendor/github.com/cilium/hive/cell/lifecycle.go:147 msg="Start hook executed" module=operator function=*job.queuedJob.Start detail="cnp-validation (networkpolicy.(*policyValidator).handleCNPEvent)" duration=9.7µs
time=2026-03-08T08:14:46.322099969Z level=debug source=/go/src/github.com/cilium/cilium/vendor/github.com/cilium/hive/cell/lifecycle.go:139 msg="Executing start hook" module=operator function=*job.queuedJob.Start detail="ccnp-validation (networkpolicy.(*policyValidator).handleCCNPEvent)"
time=2026-03-08T08:14:46.322115249Z level=info source=/go/src/github.com/cilium/cilium/vendor/github.com/cilium/hive/cell/lifecycle.go:147 msg="Start hook executed" module=operator function=*job.queuedJob.Start detail="ccnp-validation (networkpolicy.(*policyValidator).handleCCNPEvent)" duration=3.39µs
time=2026-03-08T08:14:46.322142659Z level=debug source=/go/src/github.com/cilium/cilium/vendor/github.com/cilium/hive/cell/lifecycle.go:139 msg="Executing start hook" module=operator function=*job.queuedJob.Start detail="update-config-metric (operator.updateOperatorConfigMetricOnStart.func1 (.../features/operator/features.go:14))"
time=2026-03-08T08:14:46.322157319Z level=info source=/go/src/github.com/cilium/cilium/vendor/github.com/cilium/hive/cell/lifecycle.go:147 msg="Start hook executed" module=operator function=*job.queuedJob.Start detail="update-config-metric (operator.updateOperatorConfigMetricOnStart.func1 (.../features/operator/features.go:14))" duration=1.56µs
time=2026-03-08T08:14:46.322170619Z level=debug source=/go/src/github.com/cilium/cilium/vendor/github.com/cilium/hive/cell/lifecycle.go:139 msg="Executing start hook" module=operator function=*resource.resource[*github.com/cilium/cilium/pkg/k8s/apis/cilium.io/v2alpha1.CiliumPodIPPool].Start
time=2026-03-08T08:14:46.322181719Z level=info source=/go/src/github.com/cilium/cilium/vendor/github.com/cilium/hive/cell/lifecycle.go:147 msg="Start hook executed" module=operator function=*resource.resource[*github.com/cilium/cilium/pkg/k8s/apis/cilium.io/v2alpha1.CiliumPodIPPool].Start duration=1.27µs
time=2026-03-08T08:14:46.322252479Z level=debug source=/go/src/github.com/cilium/cilium/vendor/github.com/cilium/hive/job/observer.go:75 msg="Observer job started" module=operator.operator-controlplane.leader-lifecycle.network-policy-validator name=ccnp-validation func=networkpolicy.(*policyValidator).handleCCNPEvent
time=2026-03-08T08:14:46.322272289Z level=debug source=/go/src/github.com/cilium/cilium/vendor/github.com/cilium/hive/job/oneshot.go:136 msg="Starting one-shot job" module=operator.operator-controlplane.leader-lifecycle.enabled-features name=update-config-metric func="operator.updateOperatorConfigMetricOnStart.func1 (.../features/operator/features.go:14)"
time=2026-03-08T08:14:46.322270879Z level=debug source=/go/src/github.com/cilium/cilium/vendor/github.com/cilium/hive/job/observer.go:75 msg="Observer job started" module=operator.operator-controlplane.leader-lifecycle.network-policy-validator name=cnp-validation func=networkpolicy.(*policyValidator).handleCNPEvent
time=2026-03-08T08:14:46.322358019Z level=debug source=/go/src/github.com/cilium/cilium/pkg/hive/health/provider.go:89 msg="upserting health status" module=health lastLevel=none reporter-id=operator.operator-controlplane.leader-lifecycle.network-policy-validator.observer-job-ccnp-validation status="operator.operator-controlplane.leader-lifecycle.network-policy-validator.observer-job-ccnp-validation: [OK] Primed"
time=2026-03-08T08:14:46.322537039Z level=debug source=/go/src/github.com/cilium/cilium/pkg/hive/health/provider.go:89 msg="upserting health status" module=health lastLevel=none reporter-id=operator.operator-controlplane.leader-lifecycle.enabled-features.job-update-config-metric status="operator.operator-controlplane.leader-lifecycle.enabled-features.job-update-config-metric: [OK] Running"
time=2026-03-08T08:14:46.322688239Z level=debug source=/go/src/github.com/cilium/cilium/pkg/hive/health/provider.go:144 msg="stopping health reporter" module=health reporter-id=operator.operator-controlplane.leader-lifecycle.enabled-features.job-update-config-metric
time=2026-03-08T08:14:46.322721759Z level=debug source=/go/src/github.com/cilium/cilium/pkg/hive/health/provider.go:89 msg="upserting health status" module=health lastLevel=none reporter-id=operator.operator-controlplane.leader-lifecycle.network-policy-validator.observer-job-cnp-validation status="operator.operator-controlplane.leader-lifecycle.network-policy-validator.observer-job-cnp-validation: [OK] Primed"
time=2026-03-08T08:14:46.797763525Z level=info source=/go/src/github.com/cilium/cilium/operator/watchers/node_taint.go:127 msg="Cilium pod running for node; marking accordingly" module=operator.operator-controlplane.leader-lifecycle.legacy-cell subsys=watchers nodeName=chart-testing-control-plane
time=2026-03-08T08:14:46.797830225Z level=debug source=/go/src/github.com/cilium/cilium/operator/watchers/node_taint.go:372 msg="Removing Node Taint" module=operator.operator-controlplane.leader-lifecycle.legacy-cell subsys=watchers nodeName=chart-testing-control-plane taint=node.cilium.io/agent-not-ready
time=2026-03-08T08:14:46.936840305Z level=debug source=/go/src/github.com/cilium/cilium/vendor/github.com/go-logr/logr/logr.go:280 msg="Got a Retry-After response" module=operator.operator-controlplane.leader-lifecycle.controller-runtime logger=controller-runtime/cache delay=1s attempt=1 url="https://10.245.0.1:443/apis/cilium.io/v2alpha1/ciliumgatewayclassconfigs?allowWatchBookmarks=true&resourceVersionMatch=NotOlderThan&sendInitialEvents=true&timeoutSeconds=542&watch=true"
time=2026-03-08T08:14:46.940245856Z level=debug source=/go/src/github.com/cilium/cilium/vendor/github.com/go-logr/logr/logr.go:280 msg="Exiting watch because received the bookmark that marks the end of initial events stream" module=operator.operator-controlplane.leader-lifecycle.controller-runtime logger=controller-runtime/cache reflector=sigs.k8s.io/controller-runtime/pkg/cache/internal/informers.go:114 totalItems=1 duration=1.015777777s
time=2026-03-08T08:14:46.940318176Z level=debug+2 source=/go/src/github.com/cilium/cilium/vendor/github.com/go-logr/logr/logr.go:280 msg="Caches populated" module=operator.operator-controlplane.leader-lifecycle.controller-runtime logger=controller-runtime/cache type=*v2alpha1.CiliumGatewayClassConfig reflector=sigs.k8s.io/controller-runtime/pkg/cache/internal/informers.go:114
time=2026-03-08T08:14:46.978424059Z level=debug source=/go/src/github.com/cilium/cilium/operator/identitygc/heartbeat.go:37 msg="Marking identity alive" module=operator.operator-controlplane.leader-lifecycle.k8s-identities-gc subsys=identity-heartbeat identity=17437
time=2026-03-08T08:14:46.983599631Z level=debug source=/go/src/github.com/cilium/cilium/operator/identitygc/heartbeat.go:37 msg="Marking identity alive" module=operator.operator-controlplane.leader-lifecycle.k8s-identities-gc subsys=identity-heartbeat identity=36203
time=2026-03-08T08:14:47.023319655Z level=info source=/go/src/github.com/cilium/cilium/vendor/sigs.k8s.io/controller-runtime/pkg/internal/controller/controller.go:286 msg="Starting Controller" module=operator.operator-controlplane.leader-lifecycle.controller-runtime controller=gammaService controllerGroup="" controllerKind=Service
time=2026-03-08T08:14:47.023398955Z level=info source=/go/src/github.com/cilium/cilium/vendor/sigs.k8s.io/controller-runtime/pkg/internal/controller/controller.go:289 msg="Starting workers" module=operator.operator-controlplane.leader-lifecycle.controller-runtime controller=gammaService controllerGroup="" controllerKind=Service "worker count"=1
time=2026-03-08T08:14:47.023591315Z level=info source=/go/src/github.com/cilium/cilium/operator/pkg/gateway-api/gamma_reconcile.go:46 msg="Reconciling GAMMA service" module=operator.operator-controlplane.leader-lifecycle.gateway-api controller=gamma resource=kube-system/hubble-peer
time=2026-03-08T08:14:47.023899075Z level=debug+1 source=/go/src/github.com/cilium/cilium/vendor/github.com/go-logr/logr/logr.go:280 msg="Starting reflector" module=operator.operator-controlplane.leader-lifecycle.controller-runtime logger=controller-runtime/cache type=*v1.EndpointSlice resyncPeriod=9h42m39.364829644s reflector=sigs.k8s.io/controller-runtime/pkg/cache/internal/informers.go:114
time=2026-03-08T08:14:47.023940825Z level=debug+1 source=/go/src/github.com/cilium/cilium/vendor/github.com/go-logr/logr/logr.go:280 msg="Listing and watching" module=operator.operator-controlplane.leader-lifecycle.controller-runtime logger=controller-runtime/cache type=*v1.EndpointSlice reflector=sigs.k8s.io/controller-runtime/pkg/cache/internal/informers.go:114
time=2026-03-08T08:14:47.024697015Z level=info source=/go/src/github.com/cilium/cilium/vendor/sigs.k8s.io/controller-runtime/pkg/internal/controller/controller.go:286 msg="Starting Controller" module=operator.operator-controlplane.leader-lifecycle.controller-runtime controller=gateway controllerGroup=gateway.networking.k8s.io controllerKind=Gateway
time=2026-03-08T08:14:47.024731135Z level=info source=/go/src/github.com/cilium/cilium/vendor/sigs.k8s.io/controller-runtime/pkg/internal/controller/controller.go:289 msg="Starting workers" module=operator.operator-controlplane.leader-lifecycle.controller-runtime controller=gateway controllerGroup=gateway.networking.k8s.io controllerKind=Gateway "worker count"=1
time=2026-03-08T08:14:47.024766705Z level=info source=/go/src/github.com/cilium/cilium/vendor/sigs.k8s.io/controller-runtime/pkg/internal/controller/controller.go:286 msg="Starting Controller" module=operator.operator-controlplane.leader-lifecycle.controller-runtime controller=secret controllerGroup="" controllerKind=Secret
time=2026-03-08T08:14:47.024750055Z level=info source=/go/src/github.com/cilium/cilium/vendor/sigs.k8s.io/controller-runtime/pkg/internal/controller/controller.go:286 msg="Starting Controller" module=operator.operator-controlplane.leader-lifecycle.controller-runtime controller=configmap controllerGroup="" controllerKind=ConfigMap
time=2026-03-08T08:14:47.024801965Z level=info source=/go/src/github.com/cilium/cilium/vendor/sigs.k8s.io/controller-runtime/pkg/internal/controller/controller.go:289 msg="Starting workers" module=operator.operator-controlplane.leader-lifecycle.controller-runtime controller=configmap controllerGroup="" controllerKind=ConfigMap "worker count"=1
time=2026-03-08T08:14:47.024784745Z level=info source=/go/src/github.com/cilium/cilium/vendor/sigs.k8s.io/controller-runtime/pkg/internal/controller/controller.go:289 msg="Starting workers" module=operator.operator-controlplane.leader-lifecycle.controller-runtime controller=secret controllerGroup="" controllerKind=Secret "worker count"=1
time=2026-03-08T08:14:47.024931605Z level=debug source=/go/src/github.com/cilium/cilium/operator/pkg/secretsync/secretsync_reconcile.go:32 msg="Reconciling secret" module=operator.operator-controlplane.leader-lifecycle.secret-sync resource=kube-system/bootstrap-token-abcdef
time=2026-03-08T08:14:47.025042125Z level=debug source=/go/src/github.com/cilium/cilium/operator/pkg/secretsync/secretsync_reconcile.go:100 msg="Successfully reconciled Secret" module=operator.operator-controlplane.leader-lifecycle.secret-sync resource=kube-system/bootstrap-token-abcdef action=ignored
time=2026-03-08T08:14:47.025118235Z level=debug source=/go/src/github.com/cilium/cilium/operator/pkg/secretsync/secretsync_reconcile.go:32 msg="Reconciling secret" module=operator.operator-controlplane.leader-lifecycle.secret-sync resource=kube-system/cilium-ca
time=2026-03-08T08:14:47.024942385Z level=debug source=/go/src/github.com/cilium/cilium/operator/pkg/secretsync/configmapsync_reconcile.go:32 msg="Reconciling ConfigMap" module=operator.operator-controlplane.leader-lifecycle.secret-sync resource=kube-node-lease/kube-root-ca.crt
time=2026-03-08T08:14:47.025248576Z level=debug source=/go/src/github.com/cilium/cilium/operator/pkg/secretsync/configmapsync_reconcile.go:102 msg="Successfully reconciled ConfigMap" module=operator.operator-controlplane.leader-lifecycle.secret-sync resource=kube-node-lease/kube-root-ca.crt action=ignored
time=2026-03-08T08:14:47.025173065Z level=debug source=/go/src/github.com/cilium/cilium/operator/pkg/secretsync/secretsync_reconcile.go:100 msg="Successfully reconciled Secret" module=operator.operator-controlplane.leader-lifecycle.secret-sync resource=kube-system/cilium-ca action=ignored
time=2026-03-08T08:14:47.025329545Z level=debug source=/go/src/github.com/cilium/cilium/operator/pkg/secretsync/configmapsync_reconcile.go:32 msg="Reconciling ConfigMap" module=operator.operator-controlplane.leader-lifecycle.secret-sync resource=kube-system/kube-apiserver-legacy-service-account-token-tracking
time=2026-03-08T08:14:47.025336756Z level=debug source=/go/src/github.com/cilium/cilium/operator/pkg/secretsync/secretsync_reconcile.go:32 msg="Reconciling secret" module=operator.operator-controlplane.leader-lifecycle.secret-sync resource=kube-system/hubble-server-certs
time=2026-03-08T08:14:47.025360896Z level=debug source=/go/src/github.com/cilium/cilium/operator/pkg/secretsync/configmapsync_reconcile.go:102 msg="Successfully reconciled ConfigMap" module=operator.operator-controlplane.leader-lifecycle.secret-sync resource=kube-system/kube-apiserver-legacy-service-account-token-tracking action=ignored
time=2026-03-08T08:14:47.025385756Z level=debug source=/go/src/github.com/cilium/cilium/operator/pkg/secretsync/configmapsync_reconcile.go:32 msg="Reconciling ConfigMap" module=operator.operator-controlplane.leader-lifecycle.secret-sync resource=kube-public/kube-root-ca.crt
time=2026-03-08T08:14:47.025408196Z level=debug source=/go/src/github.com/cilium/cilium/operator/pkg/secretsync/configmapsync_reconcile.go:102 msg="Successfully reconciled ConfigMap" module=operator.operator-controlplane.leader-lifecycle.secret-sync resource=kube-public/kube-root-ca.crt action=ignored
time=2026-03-08T08:14:47.025419376Z level=debug source=/go/src/github.com/cilium/cilium/operator/pkg/secretsync/secretsync_reconcile.go:100 msg="Successfully reconciled Secret" module=operator.operator-controlplane.leader-lifecycle.secret-sync resource=kube-system/hubble-server-certs action=ignored
time=2026-03-08T08:14:47.025481536Z level=debug source=/go/src/github.com/cilium/cilium/operator/pkg/secretsync/secretsync_reconcile.go:32 msg="Reconciling secret" module=operator.operator-controlplane.leader-lifecycle.secret-sync resource=kube-system/sh.helm.release.v1.cilium.v1
time=2026-03-08T08:14:47.025431616Z level=debug source=/go/src/github.com/cilium/cilium/operator/pkg/secretsync/configmapsync_reconcile.go:32 msg="Reconciling ConfigMap" module=operator.operator-controlplane.leader-lifecycle.secret-sync resource=kube-system/extension-apiserver-authentication
time=2026-03-08T08:14:47.025579696Z level=debug source=/go/src/github.com/cilium/cilium/operator/pkg/secretsync/configmapsync_reconcile.go:102 msg="Successfully reconciled ConfigMap" module=operator.operator-controlplane.leader-lifecycle.secret-sync resource=kube-system/extension-apiserver-authentication action=ignored
time=2026-03-08T08:14:47.025618036Z level=debug source=/go/src/github.com/cilium/cilium/operator/pkg/secretsync/configmapsync_reconcile.go:32 msg="Reconciling ConfigMap" module=operator.operator-controlplane.leader-lifecycle.secret-sync resource=kube-system/kubelet-config
time=2026-03-08T08:14:47.025626645Z level=debug source=/go/src/github.com/cilium/cilium/operator/pkg/secretsync/secretsync_reconcile.go:100 msg="Successfully reconciled Secret" module=operator.operator-controlplane.leader-lifecycle.secret-sync resource=kube-system/sh.helm.release.v1.cilium.v1 action=ignored
time=2026-03-08T08:14:47.025646956Z level=debug source=/go/src/github.com/cilium/cilium/operator/pkg/secretsync/configmapsync_reconcile.go:102 msg="Successfully reconciled ConfigMap" module=operator.operator-controlplane.leader-lifecycle.secret-sync resource=kube-system/kubelet-config action=ignored
time=2026-03-08T08:14:47.025670105Z level=debug source=/go/src/github.com/cilium/cilium/operator/pkg/secretsync/configmapsync_reconcile.go:32 msg="Reconciling ConfigMap" module=operator.operator-controlplane.leader-lifecycle.secret-sync resource=kube-system/kube-proxy
time=2026-03-08T08:14:47.025691065Z level=debug source=/go/src/github.com/cilium/cilium/operator/pkg/secretsync/configmapsync_reconcile.go:102 msg="Successfully reconciled ConfigMap" module=operator.operator-controlplane.leader-lifecycle.secret-sync resource=kube-system/kube-proxy action=ignored
time=2026-03-08T08:14:47.025716716Z level=debug source=/go/src/github.com/cilium/cilium/operator/pkg/secretsync/configmapsync_reconcile.go:32 msg="Reconciling ConfigMap" module=operator.operator-controlplane.leader-lifecycle.secret-sync resource=local-path-storage/local-path-config
time=2026-03-08T08:14:47.025738836Z level=debug source=/go/src/github.com/cilium/cilium/operator/pkg/secretsync/configmapsync_reconcile.go:102 msg="Successfully reconciled ConfigMap" module=operator.operator-controlplane.leader-lifecycle.secret-sync resource=local-path-storage/local-path-config action=ignored
time=2026-03-08T08:14:47.025759176Z level=debug source=/go/src/github.com/cilium/cilium/operator/pkg/secretsync/configmapsync_reconcile.go:32 msg="Reconciling ConfigMap" module=operator.operator-controlplane.leader-lifecycle.secret-sync resource=kube-system/coredns
time=2026-03-08T08:14:47.025777576Z level=debug source=/go/src/github.com/cilium/cilium/operator/pkg/secretsync/configmapsync_reconcile.go:102 msg="Successfully reconciled ConfigMap" module=operator.operator-controlplane.leader-lifecycle.secret-sync resource=kube-system/coredns action=ignored
time=2026-03-08T08:14:47.025799565Z level=debug source=/go/src/github.com/cilium/cilium/operator/pkg/secretsync/configmapsync_reconcile.go:32 msg="Reconciling ConfigMap" module=operator.operator-controlplane.leader-lifecycle.secret-sync resource=default/kube-root-ca.crt
time=2026-03-08T08:14:47.025819796Z level=debug source=/go/src/github.com/cilium/cilium/operator/pkg/secretsync/configmapsync_reconcile.go:102 msg="Successfully reconciled ConfigMap" module=operator.operator-controlplane.leader-lifecycle.secret-sync resource=default/kube-root-ca.crt action=ignored
time=2026-03-08T08:14:47.025840925Z level=debug source=/go/src/github.com/cilium/cilium/operator/pkg/secretsync/configmapsync_reconcile.go:32 msg="Reconciling ConfigMap" module=operator.operator-controlplane.leader-lifecycle.secret-sync resource=kube-system/cilium-envoy-config
time=2026-03-08T08:14:47.025862185Z level=debug source=/go/src/github.com/cilium/cilium/operator/pkg/secretsync/configmapsync_reconcile.go:102 msg="Successfully reconciled ConfigMap" module=operator.operator-controlplane.leader-lifecycle.secret-sync resource=kube-system/cilium-envoy-config action=ignored
time=2026-03-08T08:14:47.025886996Z level=debug source=/go/src/github.com/cilium/cilium/operator/pkg/secretsync/configmapsync_reconcile.go:32 msg="Reconciling ConfigMap" module=operator.operator-controlplane.leader-lifecycle.secret-sync resource=kube-system/kube-root-ca.crt
time=2026-03-08T08:14:47.025905656Z level=debug source=/go/src/github.com/cilium/cilium/operator/pkg/secretsync/configmapsync_reconcile.go:102 msg="Successfully reconciled ConfigMap" module=operator.operator-controlplane.leader-lifecycle.secret-sync resource=kube-system/kube-root-ca.crt action=ignored
time=2026-03-08T08:14:47.025923845Z level=debug source=/go/src/github.com/cilium/cilium/operator/pkg/secretsync/configmapsync_reconcile.go:32 msg="Reconciling ConfigMap" module=operator.operator-controlplane.leader-lifecycle.secret-sync resource=kube-system/kubeadm-config
time=2026-03-08T08:14:47.025941056Z level=debug source=/go/src/github.com/cilium/cilium/operator/pkg/secretsync/configmapsync_reconcile.go:102 msg="Successfully reconciled ConfigMap" module=operator.operator-controlplane.leader-lifecycle.secret-sync resource=kube-system/kubeadm-config action=ignored
time=2026-03-08T08:14:47.025961316Z level=debug source=/go/src/github.com/cilium/cilium/operator/pkg/secretsync/configmapsync_reconcile.go:32 msg="Reconciling ConfigMap" module=operator.operator-controlplane.leader-lifecycle.secret-sync resource=local-path-storage/kube-root-ca.crt
time=2026-03-08T08:14:47.025977576Z level=debug source=/go/src/github.com/cilium/cilium/operator/pkg/secretsync/configmapsync_reconcile.go:102 msg="Successfully reconciled ConfigMap" module=operator.operator-controlplane.leader-lifecycle.secret-sync resource=local-path-storage/kube-root-ca.crt action=ignored
time=2026-03-08T08:14:47.025994416Z level=debug source=/go/src/github.com/cilium/cilium/operator/pkg/secretsync/configmapsync_reconcile.go:32 msg="Reconciling ConfigMap" module=operator.operator-controlplane.leader-lifecycle.secret-sync resource=kube-public/cluster-info
time=2026-03-08T08:14:47.026009706Z level=debug source=/go/src/github.com/cilium/cilium/operator/pkg/secretsync/configmapsync_reconcile.go:102 msg="Successfully reconciled ConfigMap" module=operator.operator-controlplane.leader-lifecycle.secret-sync resource=kube-public/cluster-info action=ignored
time=2026-03-08T08:14:47.026028566Z level=debug source=/go/src/github.com/cilium/cilium/operator/pkg/secretsync/configmapsync_reconcile.go:32 msg="Reconciling ConfigMap" module=operator.operator-controlplane.leader-lifecycle.secret-sync resource=kube-system/cilium-config
time=2026-03-08T08:14:47.026068226Z level=debug source=/go/src/github.com/cilium/cilium/operator/pkg/secretsync/configmapsync_reconcile.go:102 msg="Successfully reconciled ConfigMap" module=operator.operator-controlplane.leader-lifecycle.secret-sync resource=kube-system/cilium-config action=ignored
time=2026-03-08T08:14:47.026088336Z level=debug source=/go/src/github.com/cilium/cilium/operator/pkg/secretsync/configmapsync_reconcile.go:32 msg="Reconciling ConfigMap" module=operator.operator-controlplane.leader-lifecycle.secret-sync resource=cilium-secrets/kube-root-ca.crt
time=2026-03-08T08:14:47.026107986Z level=debug source=/go/src/github.com/cilium/cilium/operator/pkg/secretsync/configmapsync_reconcile.go:102 msg="Successfully reconciled ConfigMap" module=operator.operator-controlplane.leader-lifecycle.secret-sync resource=cilium-secrets/kube-root-ca.crt action=ignored
time=2026-03-08T08:14:47.027839866Z level=debug source=/go/src/github.com/cilium/cilium/vendor/github.com/go-logr/logr/logr.go:280 msg="Exiting watch because received the bookmark that marks the end of initial events stream" module=operator.operator-controlplane.leader-lifecycle.controller-runtime logger=controller-runtime/cache reflector=sigs.k8s.io/controller-runtime/pkg/cache/internal/informers.go:114 totalItems=5 duration=3.857501ms
time=2026-03-08T08:14:47.027986616Z level=debug+2 source=/go/src/github.com/cilium/cilium/vendor/github.com/go-logr/logr/logr.go:280 msg="Caches populated" module=operator.operator-controlplane.leader-lifecycle.controller-runtime logger=controller-runtime/cache type=*v1.EndpointSlice reflector=sigs.k8s.io/controller-runtime/pkg/cache/internal/informers.go:114
time=2026-03-08T08:14:47.12494253Z level=info source=/go/src/github.com/cilium/cilium/vendor/sigs.k8s.io/controller-runtime/pkg/internal/controller/controller.go:286 msg="Starting Controller" module=operator.operator-controlplane.leader-lifecycle.controller-runtime controller=ciliumgatewayclassconfig controllerGroup=cilium.io controllerKind=CiliumGatewayClassConfig
time=2026-03-08T08:14:47.12502679Z level=info source=/go/src/github.com/cilium/cilium/vendor/sigs.k8s.io/controller-runtime/pkg/internal/controller/controller.go:289 msg="Starting workers" module=operator.operator-controlplane.leader-lifecycle.controller-runtime controller=ciliumgatewayclassconfig controllerGroup=cilium.io controllerKind=CiliumGatewayClassConfig "worker count"=1
time=2026-03-08T08:14:47.12502438Z level=info source=/go/src/github.com/cilium/cilium/vendor/sigs.k8s.io/controller-runtime/pkg/internal/controller/controller.go:286 msg="Starting Controller" module=operator.operator-controlplane.leader-lifecycle.controller-runtime controller=gatewayclass controllerGroup=gateway.networking.k8s.io controllerKind=GatewayClass
time=2026-03-08T08:14:47.12505182Z level=info source=/go/src/github.com/cilium/cilium/vendor/sigs.k8s.io/controller-runtime/pkg/internal/controller/controller.go:289 msg="Starting workers" module=operator.operator-controlplane.leader-lifecycle.controller-runtime controller=gatewayclass controllerGroup=gateway.networking.k8s.io controllerKind=GatewayClass "worker count"=1
time=2026-03-08T08:14:47.12519262Z level=info source=/go/src/github.com/cilium/cilium/operator/pkg/gateway-api/gamma_reconcile.go:46 msg="Reconciling GAMMA service" module=operator.operator-controlplane.leader-lifecycle.gateway-api controller=gamma resource=kube-system/kube-dns
time=2026-03-08T08:14:47.12527496Z level=info source=/go/src/github.com/cilium/cilium/operator/pkg/gateway-api/gamma_reconcile.go:46 msg="Reconciling GAMMA service" module=operator.operator-controlplane.leader-lifecycle.gateway-api controller=gamma resource=default/kubernetes
time=2026-03-08T08:14:47.125328991Z level=info source=/go/src/github.com/cilium/cilium/operator/pkg/gateway-api/gamma_reconcile.go:46 msg="Reconciling GAMMA service" module=operator.operator-controlplane.leader-lifecycle.gateway-api controller=gamma resource=kube-system/cilium-envoy
time=2026-03-08T08:14:47.12519534Z level=info source=/go/src/github.com/cilium/cilium/operator/pkg/gateway-api/gatewayclass_reconcile.go:36 msg="Reconciling GatewayClass" module=operator.operator-controlplane.leader-lifecycle.gateway-api resource=/cilium
time=2026-03-08T08:14:47.134937114Z level=info source=/go/src/github.com/cilium/cilium/operator/pkg/gateway-api/gatewayclass_reconcile.go:106 msg="Successfully reconciled GatewayClass" module=operator.operator-controlplane.leader-lifecycle.gateway-api resource=/cilium
time=2026-03-08T08:14:47.134998814Z level=info source=/go/src/github.com/cilium/cilium/operator/pkg/gateway-api/gatewayclass_reconcile.go:36 msg="Reconciling GatewayClass" module=operator.operator-controlplane.leader-lifecycle.gateway-api resource=/cilium
time=2026-03-08T08:14:47.143711746Z level=info source=/go/src/github.com/cilium/cilium/operator/pkg/gateway-api/gatewayclass_reconcile.go:106 msg="Successfully reconciled GatewayClass" module=operator.operator-controlplane.leader-lifecycle.gateway-api resource=/cilium
time=2026-03-08T08:14:48.815568803Z level=info source=/go/src/github.com/cilium/cilium/operator/watchers/node_taint.go:127 msg="Cilium pod running for node; marking accordingly" module=operator.operator-controlplane.leader-lifecycle.legacy-cell subsys=watchers nodeName=chart-testing-worker
time=2026-03-08T08:14:48.815633312Z level=debug source=/go/src/github.com/cilium/cilium/operator/watchers/node_taint.go:372 msg="Removing Node Taint" module=operator.operator-controlplane.leader-lifecycle.legacy-cell subsys=watchers nodeName=chart-testing-worker taint=node.cilium.io/agent-not-ready
time=2026-03-08T08:15:00.933000732Z level=debug source=/go/src/github.com/cilium/cilium/operator/pkg/lbipam/lbipam.go:1840 msg="Settling pool conflicts" module=operator.operator-controlplane.leader-lifecycle.lbipam
time=2026-03-08T08:15:00.933059132Z level=debug source=/go/src/github.com/cilium/cilium/operator/pkg/lbipam/lbipam.go:1646 msg="Updating pool counts" module=operator.operator-controlplane.leader-lifecycle.lbipam
time=2026-03-08T08:15:00.933106792Z level=debug source=/go/src/github.com/cilium/cilium/operator/pkg/lbipam/lbipam.go:1649 msg="Pool counts of 'pool' changed, patching" module=operator.operator-controlplane.leader-lifecycle.lbipam
time=2026-03-08T08:15:01.039339878Z level=debug source=/go/src/github.com/cilium/cilium/operator/pkg/lbipam/lbipam.go:1646 msg="Updating pool counts" module=operator.operator-controlplane.leader-lifecycle.lbipam
time=2026-03-08T08:15:01.039448878Z level=info source=/go/src/github.com/cilium/cilium/operator/pkg/lbipam/lbipam.go:152 msg="LB-IPAM done initializing" module=operator.operator-controlplane.leader-lifecycle.lbipam
time=2026-03-08T08:15:01.322386725Z level=debug source=/go/src/github.com/cilium/cilium/operator/unmanagedpods/controller.go:154 msg="Found managed pod due to presence of a CEP" module=operator.operator-controlplane.leader-lifecycle.unmanaged-pods-gc error=<nil> k8sPodName=kube-system/coredns-7d764666f9-wljzk identity=0
time=2026-03-08T08:15:01.322452475Z level=debug source=/go/src/github.com/cilium/cilium/operator/unmanagedpods/controller.go:154 msg="Found managed pod due to presence of a CEP" module=operator.operator-controlplane.leader-lifecycle.unmanaged-pods-gc error=<nil> k8sPodName=kube-system/coredns-7d764666f9-th7sn identity=0
time=2026-03-08T08:15:01.322467255Z level=debug source=/go/src/github.com/cilium/cilium/pkg/controller/controller.go:338 msg="Controller func executed" subsys=controller name=restart-unmanaged-pods uuid=8cc2caa3-4793-45bb-9c41-0b26af76c62b duration=108.09µs
time=2026-03-08T08:15:02.478385042Z level=debug source=/go/src/github.com/cilium/cilium/pkg/controller/controller.go:338 msg="Controller func executed" subsys=controller name=k8s-heartbeat uuid=ebb7990b-1f73-4502-82f1-9c0e33a7c507 duration=2.53µs
time=2026-03-08T08:15:02.491632446Z level=debug source=/go/src/github.com/cilium/cilium/pkg/controller/controller.go:338 msg="Controller func executed" subsys=controller name=k8s-heartbeat uuid=255b301a-af15-4be0-ab70-3dc1b6e3bf91 duration=2.15µs
time=2026-03-08T08:15:05.916977727Z level=debug source=/go/src/github.com/cilium/cilium/operator/pkg/secretsync/configmapsync_reconcile.go:32 msg="Reconciling ConfigMap" module=operator.operator-controlplane.leader-lifecycle.secret-sync resource=gateway-conformance-infra/kube-root-ca.crt
time=2026-03-08T08:15:05.917063767Z level=debug source=/go/src/github.com/cilium/cilium/operator/pkg/secretsync/configmapsync_reconcile.go:102 msg="Successfully reconciled ConfigMap" module=operator.operator-controlplane.leader-lifecycle.secret-sync resource=gateway-conformance-infra/kube-root-ca.crt action=ignored
time=2026-03-08T08:15:05.919752838Z level=info source=/go/src/github.com/cilium/cilium/operator/pkg/gateway-api/gateway_reconcile.go:55 msg="Reconciling Gateway" module=operator.operator-controlplane.leader-lifecycle.gateway-api controller=gateway resource=gateway-conformance-infra/same-namespace
time=2026-03-08T08:15:05.919999008Z level=debug source=/go/src/github.com/cilium/cilium/operator/pkg/gateway-api/gateway_reconcile.go:870 msg="Updating HTTPRoute statuses for Gateway" module=operator.operator-controlplane.leader-lifecycle.gateway-api controller=gateway resource=gateway-conformance-infra/same-namespace numRoutes=0
time=2026-03-08T08:15:05.920030688Z level=debug source=/go/src/github.com/cilium/cilium/operator/pkg/gateway-api/gateway_reconcile.go:909 msg="Updating TLSRoute statuses for Gateway" module=operator.operator-controlplane.leader-lifecycle.gateway-api controller=gateway resource=gateway-conformance-infra/same-namespace numRoutes=0
time=2026-03-08T08:15:05.920043848Z level=debug source=/go/src/github.com/cilium/cilium/operator/pkg/gateway-api/gateway_reconcile.go:943 msg="Updating GRPCRoute statuses for Gateway" module=operator.operator-controlplane.leader-lifecycle.gateway-api controller=gateway resource=gateway-conformance-infra/same-namespace numRoutes=0
time=2026-03-08T08:15:05.920059308Z level=debug source=/go/src/github.com/cilium/cilium/operator/pkg/gateway-api/gateway_reconcile.go:982 msg="Updating BackendTLSPolicy statuses for Gateway" module=operator.operator-controlplane.leader-lifecycle.gateway-api controller=gateway resource=gateway-conformance-infra/same-namespace policies=0
time=2026-03-08T08:15:05.928540861Z level=debug source=/go/src/github.com/cilium/cilium/operator/pkg/gateway-api/secretsync.go:53 msg="Enqueued secret for gateway" module=operator.operator-controlplane.leader-lifecycle.gateway-api resource=same-namespace-with-https-listener secret=gateway-conformance-infra/tls-validity-checks-certificate
time=2026-03-08T08:15:05.928591211Z level=debug source=/go/src/github.com/cilium/cilium/operator/pkg/gateway-api/secretsync.go:53 msg="Enqueued secret for gateway" module=operator.operator-controlplane.leader-lifecycle.gateway-api resource=same-namespace-with-https-listener secret=gateway-conformance-infra/tls-validity-checks-certificate
time=2026-03-08T08:15:05.928670961Z level=debug source=/go/src/github.com/cilium/cilium/operator/pkg/secretsync/secretsync_reconcile.go:32 msg="Reconciling secret" module=operator.operator-controlplane.leader-lifecycle.secret-sync resource=gateway-conformance-infra/tls-validity-checks-certificate
time=2026-03-08T08:15:05.928696581Z level=debug source=/go/src/github.com/cilium/cilium/operator/pkg/secretsync/secretsync_reconcile.go:37 msg="Unable to get Secret - either deleted or not yet available" module=operator.operator-controlplane.leader-lifecycle.secret-sync resource=gateway-conformance-infra/tls-validity-checks-certificate error="Secret \"tls-validity-checks-certificate\" not found"
time=2026-03-08T08:15:05.928721301Z level=debug source=/go/src/github.com/cilium/cilium/operator/pkg/secretsync/secretsync_reconcile.go:51 msg="Successfully reconciled Secret" module=operator.operator-controlplane.leader-lifecycle.secret-sync resource=gateway-conformance-infra/tls-validity-checks-certificate action=ignored
time=2026-03-08T08:15:05.936418014Z level=info source=/go/src/github.com/cilium/cilium/operator/pkg/lbipam/lbipam.go:902 msg="Assigning Ingress IP" module=operator.operator-controlplane.leader-lifecycle.lbipam serviceName=gateway-conformance-infra/cilium-gateway-same-namespace ipAddr=192.168.8.240
time=2026-03-08T08:15:05.936626964Z level=info source=/go/src/github.com/cilium/cilium/operator/pkg/gateway-api/gamma_reconcile.go:46 msg="Reconciling GAMMA service" module=operator.operator-controlplane.leader-lifecycle.gateway-api controller=gamma resource=gateway-conformance-infra/cilium-gateway-same-namespace
time=2026-03-08T08:15:05.941714656Z level=info source=/go/src/github.com/cilium/cilium/operator/pkg/gateway-api/gamma_reconcile.go:46 msg="Reconciling GAMMA service" module=operator.operator-controlplane.leader-lifecycle.gateway-api controller=gamma resource=gateway-conformance-infra/cilium-gateway-same-namespace
time=2026-03-08T08:15:05.941828385Z level=debug source=/go/src/github.com/cilium/cilium/operator/pkg/lbipam/lbipam.go:1646 msg="Updating pool counts" module=operator.operator-controlplane.leader-lifecycle.lbipam
time=2026-03-08T08:15:05.941886836Z level=debug source=/go/src/github.com/cilium/cilium/operator/pkg/lbipam/lbipam.go:1649 msg="Pool counts of 'pool' changed, patching" module=operator.operator-controlplane.leader-lifecycle.lbipam
time=2026-03-08T08:15:05.944934777Z level=debug source=/go/src/github.com/cilium/cilium/pkg/k8s/apis/cilium.io/v2/cec_types.go:193 msg="CEC unmarshaled XDS Resource" resource="[type.googleapis.com/envoy.config.listener.v3.Listener]:  {\n  name:  \"listener\"\n  filter_chains:  {\n    filter_chain_match:  {\n      transport_protocol:  \"raw_buffer\"\n    }\n    filters:  {\n      name:  \"envoy.filters.network.http_connection_manager\"\n      typed_config:  {\n        [type.googleapis.com/envoy.extensions.filters.network.http_connection_manager.v3.HttpConnectionManager]:  {\n          stat_prefix:  \"listener-insecure\"\n          rds:  {\n            route_config_name:  \"listener-insecure\"\n          }\n          http_filters:  {\n            name:  \"envoy.filters.http.grpc_web\"\n            typed_config:  {\n              [type.googleapis.com/envoy.extensions.filters.http.grpc_web.v3.GrpcWeb]:  {}\n            }\n          }\n          http_filters:  {\n            name:  \"envoy.filters.http.grpc_stats\"\n            typed_config:  {\n              [type.googleapis.com/envoy.extensions.filters.http.grpc_stats.v3.FilterConfig]:  {\n                emit_filter_state:  true\n                enable_upstream_stats:  true\n              }\n            }\n          }\n          http_filters:  {\n            name:  \"envoy.filters.http.router\"\n            typed_config:  {\n              [type.googleapis.com/envoy.extensions.filters.http.router.v3.Router]:  {}\n            }\n          }\n          common_http_protocol_options:  {\n            max_stream_duration:  {}\n          }\n          stream_idle_timeout:  {\n            seconds:  300\n          }\n          use_remote_address:  {\n            value:  true\n          }\n          internal_address_config:  {\n            cidr_ranges:  {\n              address_prefix:  \"10.0.0.0\"\n              prefix_len:  {\n                value:  8\n              }\n            }\n            cidr_ranges:  {\n              address_prefix:  \"172.16.0.0\"\n              prefix_len:  {\n                value:  12\n              }\n            }\n            cidr_ranges:  {\n              address_prefix:  \"192.168.0.0\"\n              prefix_len:  {\n                value:  16\n              }\n            }\n            cidr_ranges:  {\n              address_prefix:  \"127.0.0.1\"\n              prefix_len:  {\n                value:  32\n              }\n            }\n          }\n          upgrade_configs:  {\n            upgrade_type:  \"websocket\"\n          }\n        }\n      }\n    }\n  }\n  listener_filters:  {\n    name:  \"envoy.filters.listener.tls_inspector\"\n    typed_config:  {\n      [type.googleapis.com/envoy.extensions.filters.listener.tls_inspector.v3.TlsInspector]:  {}\n    }\n  }\n  socket_options:  {\n    description:  \"Enable TCP keep-alive (default to enabled)\"\n    level:  1\n    name:  9\n    int_value:  1\n  }\n  socket_options:  {\n    description:  \"TCP keep-alive idle time (in seconds) (defaults to 10s)\"\n    level:  6\n    name:  4\n    int_value:  10\n  }\n  socket_options:  {\n    description:  \"TCP keep-alive probe intervals (in seconds) (defaults to 5s)\"\n    level:  6\n    name:  5\n    int_value:  5\n  }\n  socket_options:  {\n    description:  \"TCP keep-alive probe max failures.\"\n    level:  6\n    name:  6\n    int_value:  10\n  }\n}\n"
time=2026-03-08T08:15:05.945066206Z level=debug source=/go/src/github.com/cilium/cilium/pkg/k8s/apis/cilium.io/v2/cec_types.go:193 msg="CEC unmarshaled XDS Resource" resource="[type.googleapis.com/envoy.config.route.v3.RouteConfiguration]:  {\n  name:  \"listener-insecure\"\n}\n"
time=2026-03-08T08:15:05.945204577Z level=debug source=/go/src/github.com/cilium/cilium/pkg/k8s/apis/cilium.io/v2/cec_types.go:193 msg="CEC unmarshaled XDS Resource" resource="[type.googleapis.com/envoy.config.listener.v3.Listener]:  {\n  name:  \"listener\"\n  filter_chains:  {\n    filter_chain_match:  {\n      transport_protocol:  \"raw_buffer\"\n    }\n    filters:  {\n      name:  \"envoy.filters.network.http_connection_manager\"\n      typed_config:  {\n        [type.googleapis.com/envoy.extensions.filters.network.http_connection_manager.v3.HttpConnectionManager]:  {\n          stat_prefix:  \"listener-insecure\"\n          rds:  {\n            route_config_name:  \"listener-insecure\"\n          }\n          http_filters:  {\n            name:  \"envoy.filters.http.grpc_web\"\n            typed_config:  {\n              [type.googleapis.com/envoy.extensions.filters.http.grpc_web.v3.GrpcWeb]:  {}\n            }\n          }\n          http_filters:  {\n            name:  \"envoy.filters.http.grpc_stats\"\n            typed_config:  {\n              [type.googleapis.com/envoy.extensions.filters.http.grpc_stats.v3.FilterConfig]:  {\n                emit_filter_state:  true\n                enable_upstream_stats:  true\n              }\n            }\n          }\n          http_filters:  {\n            name:  \"envoy.filters.http.router\"\n            typed_config:  {\n              [type.googleapis.com/envoy.extensions.filters.http.router.v3.Router]:  {}\n            }\n          }\n          common_http_protocol_options:  {\n            max_stream_duration:  {}\n          }\n          stream_idle_timeout:  {\n            seconds:  300\n          }\n          use_remote_address:  {\n            value:  true\n          }\n          internal_address_config:  {\n            cidr_ranges:  {\n              address_prefix:  \"10.0.0.0\"\n              prefix_len:  {\n                value:  8\n              }\n            }\n            cidr_ranges:  {\n              address_prefix:  \"172.16.0.0\"\n              prefix_len:  {\n                value:  12\n              }\n            }\n            cidr_ranges:  {\n              address_prefix:  \"192.168.0.0\"\n              prefix_len:  {\n                value:  16\n              }\n            }\n            cidr_ranges:  {\n              address_prefix:  \"127.0.0.1\"\n              prefix_len:  {\n                value:  32\n              }\n            }\n          }\n          upgrade_configs:  {\n            upgrade_type:  \"websocket\"\n          }\n        }\n      }\n    }\n  }\n  listener_filters:  {\n    name:  \"envoy.filters.listener.tls_inspector\"\n    typed_config:  {\n      [type.googleapis.com/envoy.extensions.filters.listener.tls_inspector.v3.TlsInspector]:  {}\n    }\n  }\n  socket_options:  {\n    description:  \"Enable TCP keep-alive (default to enabled)\"\n    level:  1\n    name:  9\n    int_value:  1\n  }\n  socket_options:  {\n    description:  \"TCP keep-alive idle time (in seconds) (defaults to 10s)\"\n    level:  6\n    name:  4\n    int_value:  10\n  }\n  socket_options:  {\n    description:  \"TCP keep-alive probe intervals (in seconds) (defaults to 5s)\"\n    level:  6\n    name:  5\n    int_value:  5\n  }\n  socket_options:  {\n    description:  \"TCP keep-alive probe max failures.\"\n    level:  6\n    name:  6\n    int_value:  10\n  }\n}\n"
time=2026-03-08T08:15:05.945339317Z level=debug source=/go/src/github.com/cilium/cilium/pkg/k8s/apis/cilium.io/v2/cec_types.go:193 msg="CEC unmarshaled XDS Resource" resource="[type.googleapis.com/envoy.config.route.v3.RouteConfiguration]:  {\n  name:  \"listener-insecure\"\n}\n"
time=2026-03-08T08:15:05.945381237Z level=info source=/go/src/github.com/cilium/cilium/operator/pkg/gateway-api/gateway_reconcile.go:458 msg="Checking address status for Gateway" module=operator.operator-controlplane.leader-lifecycle.gateway-api controller=gateway resource=gateway-conformance-infra/same-namespace
time=2026-03-08T08:15:05.945454937Z level=info source=/go/src/github.com/cilium/cilium/operator/pkg/gateway-api/gateway_reconcile.go:494 msg="At least one valid address, marking gateway programmed" module=operator.operator-controlplane.leader-lifecycle.gateway-api controller=gateway resource=gateway-conformance-infra/same-namespace
time=2026-03-08T08:15:05.949342258Z level=debug source=/go/src/github.com/cilium/cilium/operator/pkg/lbipam/lbipam.go:1646 msg="Updating pool counts" module=operator.operator-controlplane.leader-lifecycle.lbipam
time=2026-03-08T08:15:05.95354528Z level=info source=/go/src/github.com/cilium/cilium/operator/pkg/gateway-api/gateway_reconcile.go:262 msg="Successfully reconciled Gateway" module=operator.operator-controlplane.leader-lifecycle.gateway-api controller=gateway resource=gateway-conformance-infra/same-namespace
time=2026-03-08T08:15:05.953670249Z level=info source=/go/src/github.com/cilium/cilium/operator/pkg/gateway-api/gateway_reconcile.go:55 msg="Reconciling Gateway" module=operator.operator-controlplane.leader-lifecycle.gateway-api controller=gateway resource=gateway-conformance-infra/same-namespace-with-https-listener
time=2026-03-08T08:15:05.95383305Z level=debug source=/go/src/github.com/cilium/cilium/operator/pkg/gateway-api/gateway_reconcile.go:870 msg="Updating HTTPRoute statuses for Gateway" module=operator.operator-controlplane.leader-lifecycle.gateway-api controller=gateway resource=gateway-conformance-infra/same-namespace-with-https-listener numRoutes=0
time=2026-03-08T08:15:05.95385711Z level=debug source=/go/src/github.com/cilium/cilium/operator/pkg/gateway-api/gateway_reconcile.go:909 msg="Updating TLSRoute statuses for Gateway" module=operator.operator-controlplane.leader-lifecycle.gateway-api controller=gateway resource=gateway-conformance-infra/same-namespace-with-https-listener numRoutes=0
time=2026-03-08T08:15:05.95386683Z level=debug source=/go/src/github.com/cilium/cilium/operator/pkg/gateway-api/gateway_reconcile.go:943 msg="Updating GRPCRoute statuses for Gateway" module=operator.operator-controlplane.leader-lifecycle.gateway-api controller=gateway resource=gateway-conformance-infra/same-namespace-with-https-listener numRoutes=0
time=2026-03-08T08:15:05.95387626Z level=debug source=/go/src/github.com/cilium/cilium/operator/pkg/gateway-api/gateway_reconcile.go:982 msg="Updating BackendTLSPolicy statuses for Gateway" module=operator.operator-controlplane.leader-lifecycle.gateway-api controller=gateway resource=gateway-conformance-infra/same-namespace-with-https-listener policies=0
time=2026-03-08T08:15:05.95390387Z level=info source=/go/src/github.com/cilium/cilium/operator/pkg/gateway-api/gateway_reconcile.go:634 msg="Found an invalid TLS Secret" module=operator.operator-controlplane.leader-lifecycle.gateway-api controller=gateway error="Secret \"tls-validity-checks-certificate\" not found" resource=gateway-conformance-infra/same-namespace-with-https-listener
time=2026-03-08T08:15:05.95392133Z level=info source=/go/src/github.com/cilium/cilium/operator/pkg/gateway-api/gateway_reconcile.go:634 msg="Found an invalid TLS Secret" module=operator.operator-controlplane.leader-lifecycle.gateway-api controller=gateway error="Secret \"tls-validity-checks-certificate\" not found" resource=gateway-conformance-infra/same-namespace-with-https-listener
time=2026-03-08T08:15:05.95393658Z level=error source=/go/src/github.com/cilium/cilium/operator/pkg/gateway-api/gateway_reconcile.go:208 msg="No Accepted Listeners for Gateway" module=operator.operator-controlplane.leader-lifecycle.gateway-api controller=gateway resource=gateway-conformance-infra/same-namespace-with-https-listener error="No Accepted Listeners for Gateway"
time=2026-03-08T08:15:05.9556344Z level=debug source=/go/src/github.com/cilium/cilium/operator/pkg/lbipam/lbipam.go:1646 msg="Updating pool counts" module=operator.operator-controlplane.leader-lifecycle.lbipam
time=2026-03-08T08:15:05.9559336Z level=info source=/go/src/github.com/cilium/cilium/operator/pkg/gateway-api/gamma_reconcile.go:46 msg="Reconciling GAMMA service" module=operator.operator-controlplane.leader-lifecycle.gateway-api controller=gamma resource=gateway-conformance-infra/infra-backend-v1
time=2026-03-08T08:15:05.964509473Z level=error source=/go/src/github.com/cilium/cilium/vendor/github.com/go-logr/logr/logr.go:301 msg="Reconciler error" module=operator.operator-controlplane.leader-lifecycle.controller-runtime controller=gateway controllerGroup=gateway.networking.k8s.io controllerKind=Gateway Gateway.name=same-namespace-with-https-listener Gateway.namespace=gateway-conformance-infra namespace=gateway-conformance-infra name=same-namespace-with-https-listener reconcileID=fef1ddff-eebc-48cf-b28d-c8a857f42f96 error="No Accepted Listeners for Gateway"
time=2026-03-08T08:15:05.964590713Z level=info source=/go/src/github.com/cilium/cilium/operator/pkg/gateway-api/gateway_reconcile.go:55 msg="Reconciling Gateway" module=operator.operator-controlplane.leader-lifecycle.gateway-api controller=gateway resource=gateway-conformance-infra/all-namespaces
time=2026-03-08T08:15:05.964753053Z level=debug source=/go/src/github.com/cilium/cilium/operator/pkg/gateway-api/gateway_reconcile.go:870 msg="Updating HTTPRoute statuses for Gateway" module=operator.operator-controlplane.leader-lifecycle.gateway-api controller=gateway resource=gateway-conformance-infra/all-namespaces numRoutes=0
time=2026-03-08T08:15:05.964780603Z level=debug source=/go/src/github.com/cilium/cilium/operator/pkg/gateway-api/gateway_reconcile.go:909 msg="Updating TLSRoute statuses for Gateway" module=operator.operator-controlplane.leader-lifecycle.gateway-api controller=gateway resource=gateway-conformance-infra/all-namespaces numRoutes=0
time=2026-03-08T08:15:05.964798053Z level=debug source=/go/src/github.com/cilium/cilium/operator/pkg/gateway-api/gateway_reconcile.go:943 msg="Updating GRPCRoute statuses for Gateway" module=operator.operator-controlplane.leader-lifecycle.gateway-api controller=gateway resource=gateway-conformance-infra/all-namespaces numRoutes=0
time=2026-03-08T08:15:05.964813943Z level=debug source=/go/src/github.com/cilium/cilium/operator/pkg/gateway-api/gateway_reconcile.go:982 msg="Updating BackendTLSPolicy statuses for Gateway" module=operator.operator-controlplane.leader-lifecycle.gateway-api controller=gateway resource=gateway-conformance-infra/all-namespaces policies=0
time=2026-03-08T08:15:05.965000483Z level=debug source=/go/src/github.com/cilium/cilium/operator/pkg/gateway-api/secretsync.go:53 msg="Enqueued secret for gateway" module=operator.operator-controlplane.leader-lifecycle.gateway-api resource=same-namespace-with-https-listener secret=gateway-conformance-infra/tls-validity-checks-certificate
time=2026-03-08T08:15:05.965050333Z level=debug source=/go/src/github.com/cilium/cilium/operator/pkg/gateway-api/secretsync.go:53 msg="Enqueued secret for gateway" module=operator.operator-controlplane.leader-lifecycle.gateway-api resource=same-namespace-with-https-listener secret=gateway-conformance-infra/tls-validity-checks-certificate
time=2026-03-08T08:15:05.965089633Z level=debug source=/go/src/github.com/cilium/cilium/operator/pkg/gateway-api/secretsync.go:53 msg="Enqueued secret for gateway" module=operator.operator-controlplane.leader-lifecycle.gateway-api resource=same-namespace-with-https-listener secret=gateway-conformance-infra/tls-validity-checks-certificate
time=2026-03-08T08:15:05.965100483Z level=debug source=/go/src/github.com/cilium/cilium/operator/pkg/gateway-api/secretsync.go:53 msg="Enqueued secret for gateway" module=operator.operator-controlplane.leader-lifecycle.gateway-api resource=same-namespace-with-https-listener secret=gateway-conformance-infra/tls-validity-checks-certificate
time=2026-03-08T08:15:05.965189343Z level=debug source=/go/src/github.com/cilium/cilium/operator/pkg/secretsync/secretsync_reconcile.go:32 msg="Reconciling secret" module=operator.operator-controlplane.leader-lifecycle.secret-sync resource=gateway-conformance-infra/tls-validity-checks-certificate
time=2026-03-08T08:15:05.965250573Z level=debug source=/go/src/github.com/cilium/cilium/operator/pkg/secretsync/secretsync_reconcile.go:37 msg="Unable to get Secret - either deleted or not yet available" module=operator.operator-controlplane.leader-lifecycle.secret-sync resource=gateway-conformance-infra/tls-validity-checks-certificate error="Secret \"tls-validity-checks-certificate\" not found"
time=2026-03-08T08:15:05.965287673Z level=debug source=/go/src/github.com/cilium/cilium/operator/pkg/secretsync/secretsync_reconcile.go:51 msg="Successfully reconciled Secret" module=operator.operator-controlplane.leader-lifecycle.secret-sync resource=gateway-conformance-infra/tls-validity-checks-certificate action=ignored
time=2026-03-08T08:15:05.975526857Z level=info source=/go/src/github.com/cilium/cilium/operator/pkg/gateway-api/gamma_reconcile.go:46 msg="Reconciling GAMMA service" module=operator.operator-controlplane.leader-lifecycle.gateway-api controller=gamma resource=gateway-conformance-infra/cilium-gateway-all-namespaces
time=2026-03-08T08:15:05.975679517Z level=info source=/go/src/github.com/cilium/cilium/operator/pkg/gateway-api/gamma_reconcile.go:46 msg="Reconciling GAMMA service" module=operator.operator-controlplane.leader-lifecycle.gateway-api controller=gamma resource=gateway-conformance-infra/infra-backend-v2
time=2026-03-08T08:15:05.975668867Z level=info source=/go/src/github.com/cilium/cilium/operator/pkg/lbipam/lbipam.go:902 msg="Assigning Ingress IP" module=operator.operator-controlplane.leader-lifecycle.lbipam serviceName=gateway-conformance-infra/cilium-gateway-all-namespaces ipAddr=192.168.8.241
time=2026-03-08T08:15:05.982425639Z level=debug source=/go/src/github.com/cilium/cilium/operator/pkg/lbipam/lbipam.go:1646 msg="Updating pool counts" module=operator.operator-controlplane.leader-lifecycle.lbipam
time=2026-03-08T08:15:05.982490329Z level=debug source=/go/src/github.com/cilium/cilium/operator/pkg/lbipam/lbipam.go:1649 msg="Pool counts of 'pool' changed, patching" module=operator.operator-controlplane.leader-lifecycle.lbipam
time=2026-03-08T08:15:05.982507829Z level=info source=/go/src/github.com/cilium/cilium/operator/pkg/gateway-api/gamma_reconcile.go:46 msg="Reconciling GAMMA service" module=operator.operator-controlplane.leader-lifecycle.gateway-api controller=gamma resource=gateway-conformance-infra/cilium-gateway-all-namespaces
time=2026-03-08T08:15:05.98333194Z level=debug source=/go/src/github.com/cilium/cilium/pkg/k8s/apis/cilium.io/v2/cec_types.go:193 msg="CEC unmarshaled XDS Resource" resource="[type.googleapis.com/envoy.config.listener.v3.Listener]:  {\n  name:  \"listener\"\n  filter_chains:  {\n    filter_chain_match:  {\n      transport_protocol:  \"raw_buffer\"\n    }\n    filters:  {\n      name:  \"envoy.filters.network.http_connection_manager\"\n      typed_config:  {\n        [type.googleapis.com/envoy.extensions.filters.network.http_connection_manager.v3.HttpConnectionManager]:  {\n          stat_prefix:  \"listener-insecure\"\n          rds:  {\n            route_config_name:  \"listener-insecure\"\n          }\n          http_filters:  {\n            name:  \"envoy.filters.http.grpc_web\"\n            typed_config:  {\n              [type.googleapis.com/envoy.extensions.filters.http.grpc_web.v3.GrpcWeb]:  {}\n            }\n          }\n          http_filters:  {\n            name:  \"envoy.filters.http.grpc_stats\"\n            typed_config:  {\n              [type.googleapis.com/envoy.extensions.filters.http.grpc_stats.v3.FilterConfig]:  {\n                emit_filter_state:  true\n                enable_upstream_stats:  true\n              }\n            }\n          }\n          http_filters:  {\n            name:  \"envoy.filters.http.router\"\n            typed_config:  {\n              [type.googleapis.com/envoy.extensions.filters.http.router.v3.Router]:  {}\n            }\n          }\n          common_http_protocol_options:  {\n            max_stream_duration:  {}\n          }\n          stream_idle_timeout:  {\n            seconds:  300\n          }\n          use_remote_address:  {\n            value:  true\n          }\n          internal_address_config:  {\n            cidr_ranges:  {\n              address_prefix:  \"10.0.0.0\"\n              prefix_len:  {\n                value:  8\n              }\n            }\n            cidr_ranges:  {\n              address_prefix:  \"172.16.0.0\"\n              prefix_len:  {\n                value:  12\n              }\n            }\n            cidr_ranges:  {\n              address_prefix:  \"192.168.0.0\"\n              prefix_len:  {\n                value:  16\n              }\n            }\n            cidr_ranges:  {\n              address_prefix:  \"127.0.0.1\"\n              prefix_len:  {\n                value:  32\n              }\n            }\n          }\n          upgrade_configs:  {\n            upgrade_type:  \"websocket\"\n          }\n        }\n      }\n    }\n  }\n  listener_filters:  {\n    name:  \"envoy.filters.listener.tls_inspector\"\n    typed_config:  {\n      [type.googleapis.com/envoy.extensions.filters.listener.tls_inspector.v3.TlsInspector]:  {}\n    }\n  }\n  socket_options:  {\n    description:  \"Enable TCP keep-alive (default to enabled)\"\n    level:  1\n    name:  9\n    int_value:  1\n  }\n  socket_options:  {\n    description:  \"TCP keep-alive idle time (in seconds) (defaults to 10s)\"\n    level:  6\n    name:  4\n    int_value:  10\n  }\n  socket_options:  {\n    description:  \"TCP keep-alive probe intervals (in seconds) (defaults to 5s)\"\n    level:  6\n    name:  5\n    int_value:  5\n  }\n  socket_options:  {\n    description:  \"TCP keep-alive probe max failures.\"\n    level:  6\n    name:  6\n    int_value:  10\n  }\n}\n"
time=2026-03-08T08:15:05.98341757Z level=debug source=/go/src/github.com/cilium/cilium/pkg/k8s/apis/cilium.io/v2/cec_types.go:193 msg="CEC unmarshaled XDS Resource" resource="[type.googleapis.com/envoy.config.route.v3.RouteConfiguration]:  {\n  name:  \"listener-insecure\"\n}\n"
time=2026-03-08T08:15:05.98344625Z level=info source=/go/src/github.com/cilium/cilium/operator/pkg/gateway-api/gateway_reconcile.go:458 msg="Checking address status for Gateway" module=operator.operator-controlplane.leader-lifecycle.gateway-api controller=gateway resource=gateway-conformance-infra/all-namespaces
time=2026-03-08T08:15:05.98348552Z level=info source=/go/src/github.com/cilium/cilium/operator/pkg/gateway-api/gateway_reconcile.go:494 msg="At least one valid address, marking gateway programmed" module=operator.operator-controlplane.leader-lifecycle.gateway-api controller=gateway resource=gateway-conformance-infra/all-namespaces
time=2026-03-08T08:15:05.9836035Z level=debug source=/go/src/github.com/cilium/cilium/pkg/k8s/apis/cilium.io/v2/cec_types.go:193 msg="CEC unmarshaled XDS Resource" resource="[type.googleapis.com/envoy.config.listener.v3.Listener]:  {\n  name:  \"listener\"\n  filter_chains:  {\n    filter_chain_match:  {\n      transport_protocol:  \"raw_buffer\"\n    }\n    filters:  {\n      name:  \"envoy.filters.network.http_connection_manager\"\n      typed_config:  {\n        [type.googleapis.com/envoy.extensions.filters.network.http_connection_manager.v3.HttpConnectionManager]:  {\n          stat_prefix:  \"listener-insecure\"\n          rds:  {\n            route_config_name:  \"listener-insecure\"\n          }\n          http_filters:  {\n            name:  \"envoy.filters.http.grpc_web\"\n            typed_config:  {\n              [type.googleapis.com/envoy.extensions.filters.http.grpc_web.v3.GrpcWeb]:  {}\n            }\n          }\n          http_filters:  {\n            name:  \"envoy.filters.http.grpc_stats\"\n            typed_config:  {\n              [type.googleapis.com/envoy.extensions.filters.http.grpc_stats.v3.FilterConfig]:  {\n                emit_filter_state:  true\n                enable_upstream_stats:  true\n              }\n            }\n          }\n          http_filters:  {\n            name:  \"envoy.filters.http.router\"\n            typed_config:  {\n              [type.googleapis.com/envoy.extensions.filters.http.router.v3.Router]:  {}\n            }\n          }\n          common_http_protocol_options:  {\n            max_stream_duration:  {}\n          }\n          stream_idle_timeout:  {\n            seconds:  300\n          }\n          use_remote_address:  {\n            value:  true\n          }\n          internal_address_config:  {\n            cidr_ranges:  {\n              address_prefix:  \"10.0.0.0\"\n              prefix_len:  {\n                value:  8\n              }\n            }\n            cidr_ranges:  {\n              address_prefix:  \"172.16.0.0\"\n              prefix_len:  {\n                value:  12\n              }\n            }\n            cidr_ranges:  {\n              address_prefix:  \"192.168.0.0\"\n              prefix_len:  {\n                value:  16\n              }\n            }\n            cidr_ranges:  {\n              address_prefix:  \"127.0.0.1\"\n              prefix_len:  {\n                value:  32\n              }\n            }\n          }\n          upgrade_configs:  {\n            upgrade_type:  \"websocket\"\n          }\n        }\n      }\n    }\n  }\n  listener_filters:  {\n    name:  \"envoy.filters.listener.tls_inspector\"\n    typed_config:  {\n      [type.googleapis.com/envoy.extensions.filters.listener.tls_inspector.v3.TlsInspector]:  {}\n    }\n  }\n  socket_options:  {\n    description:  \"Enable TCP keep-alive (default to enabled)\"\n    level:  1\n    name:  9\n    int_value:  1\n  }\n  socket_options:  {\n    description:  \"TCP keep-alive idle time (in seconds) (defaults to 10s)\"\n    level:  6\n    name:  4\n    int_value:  10\n  }\n  socket_options:  {\n    description:  \"TCP keep-alive probe intervals (in seconds) (defaults to 5s)\"\n    level:  6\n    name:  5\n    int_value:  5\n  }\n  socket_options:  {\n    description:  \"TCP keep-alive probe max failures.\"\n    level:  6\n    name:  6\n    int_value:  10\n  }\n}\n"
time=2026-03-08T08:15:05.98371593Z level=debug source=/go/src/github.com/cilium/cilium/pkg/k8s/apis/cilium.io/v2/cec_types.go:193 msg="CEC unmarshaled XDS Resource" resource="[type.googleapis.com/envoy.config.route.v3.RouteConfiguration]:  {\n  name:  \"listener-insecure\"\n}\n"
time=2026-03-08T08:15:05.996353584Z level=debug source=/go/src/github.com/cilium/cilium/operator/pkg/lbipam/lbipam.go:1646 msg="Updating pool counts" module=operator.operator-controlplane.leader-lifecycle.lbipam
time=2026-03-08T08:15:05.996496844Z level=debug source=/go/src/github.com/cilium/cilium/operator/pkg/lbipam/lbipam.go:1646 msg="Updating pool counts" module=operator.operator-controlplane.leader-lifecycle.lbipam
time=2026-03-08T08:15:05.996913524Z level=info source=/go/src/github.com/cilium/cilium/operator/pkg/gateway-api/gateway_reconcile.go:262 msg="Successfully reconciled Gateway" module=operator.operator-controlplane.leader-lifecycle.gateway-api controller=gateway resource=gateway-conformance-infra/all-namespaces
time=2026-03-08T08:15:05.997068264Z level=info source=/go/src/github.com/cilium/cilium/operator/pkg/gateway-api/gateway_reconcile.go:55 msg="Reconciling Gateway" module=operator.operator-controlplane.leader-lifecycle.gateway-api controller=gateway resource=gateway-conformance-infra/backend-namespaces
time=2026-03-08T08:15:05.997261784Z level=debug source=/go/src/github.com/cilium/cilium/operator/pkg/gateway-api/gateway_reconcile.go:870 msg="Updating HTTPRoute statuses for Gateway" module=operator.operator-controlplane.leader-lifecycle.gateway-api controller=gateway resource=gateway-conformance-infra/backend-namespaces numRoutes=0
time=2026-03-08T08:15:05.997291374Z level=debug source=/go/src/github.com/cilium/cilium/operator/pkg/gateway-api/gateway_reconcile.go:909 msg="Updating TLSRoute statuses for Gateway" module=operator.operator-controlplane.leader-lifecycle.gateway-api controller=gateway resource=gateway-conformance-infra/backend-namespaces numRoutes=0
time=2026-03-08T08:15:05.997306024Z level=debug source=/go/src/github.com/cilium/cilium/operator/pkg/gateway-api/gateway_reconcile.go:943 msg="Updating GRPCRoute statuses for Gateway" module=operator.operator-controlplane.leader-lifecycle.gateway-api controller=gateway resource=gateway-conformance-infra/backend-namespaces numRoutes=0
time=2026-03-08T08:15:05.997322164Z level=debug source=/go/src/github.com/cilium/cilium/operator/pkg/gateway-api/gateway_reconcile.go:982 msg="Updating BackendTLSPolicy statuses for Gateway" module=operator.operator-controlplane.leader-lifecycle.gateway-api controller=gateway resource=gateway-conformance-infra/backend-namespaces policies=0
time=2026-03-08T08:15:06.029397055Z level=debug source=/go/src/github.com/cilium/cilium/operator/pkg/lbipam/lbipam.go:1646 msg="Updating pool counts" module=operator.operator-controlplane.leader-lifecycle.lbipam
time=2026-03-08T08:15:06.029685745Z level=info source=/go/src/github.com/cilium/cilium/operator/pkg/gateway-api/gamma_reconcile.go:46 msg="Reconciling GAMMA service" module=operator.operator-controlplane.leader-lifecycle.gateway-api controller=gamma resource=gateway-conformance-infra/infra-backend-v3
time=2026-03-08T08:15:06.039421549Z level=info source=/go/src/github.com/cilium/cilium/operator/pkg/lbipam/lbipam.go:902 msg="Assigning Ingress IP" module=operator.operator-controlplane.leader-lifecycle.lbipam serviceName=gateway-conformance-infra/cilium-gateway-backend-namespaces ipAddr=192.168.8.242
time=2026-03-08T08:15:06.039609239Z level=info source=/go/src/github.com/cilium/cilium/operator/pkg/gateway-api/gamma_reconcile.go:46 msg="Reconciling GAMMA service" module=operator.operator-controlplane.leader-lifecycle.gateway-api controller=gamma resource=gateway-conformance-infra/cilium-gateway-backend-namespaces
time=2026-03-08T08:15:06.047716931Z level=debug source=/go/src/github.com/cilium/cilium/operator/pkg/lbipam/lbipam.go:1646 msg="Updating pool counts" module=operator.operator-controlplane.leader-lifecycle.lbipam
time=2026-03-08T08:15:06.047825391Z level=debug source=/go/src/github.com/cilium/cilium/operator/pkg/lbipam/lbipam.go:1649 msg="Pool counts of 'pool' changed, patching" module=operator.operator-controlplane.leader-lifecycle.lbipam
time=2026-03-08T08:15:06.048237581Z level=info source=/go/src/github.com/cilium/cilium/operator/pkg/gateway-api/gamma_reconcile.go:46 msg="Reconciling GAMMA service" module=operator.operator-controlplane.leader-lifecycle.gateway-api controller=gamma resource=gateway-conformance-infra/cilium-gateway-backend-namespaces
time=2026-03-08T08:15:06.048605662Z level=debug source=/go/src/github.com/cilium/cilium/pkg/k8s/apis/cilium.io/v2/cec_types.go:193 msg="CEC unmarshaled XDS Resource" resource="[type.googleapis.com/envoy.config.listener.v3.Listener]:  {\n  name:  \"listener\"\n  filter_chains:  {\n    filter_chain_match:  {\n      transport_protocol:  \"raw_buffer\"\n    }\n    filters:  {\n      name:  \"envoy.filters.network.http_connection_manager\"\n      typed_config:  {\n        [type.googleapis.com/envoy.extensions.filters.network.http_connection_manager.v3.HttpConnectionManager]:  {\n          stat_prefix:  \"listener-insecure\"\n          rds:  {\n            route_config_name:  \"listener-insecure\"\n          }\n          http_filters:  {\n            name:  \"envoy.filters.http.grpc_web\"\n            typed_config:  {\n              [type.googleapis.com/envoy.extensions.filters.http.grpc_web.v3.GrpcWeb]:  {}\n            }\n          }\n          http_filters:  {\n            name:  \"envoy.filters.http.grpc_stats\"\n            typed_config:  {\n              [type.googleapis.com/envoy.extensions.filters.http.grpc_stats.v3.FilterConfig]:  {\n                emit_filter_state:  true\n                enable_upstream_stats:  true\n              }\n            }\n          }\n          http_filters:  {\n            name:  \"envoy.filters.http.router\"\n            typed_config:  {\n              [type.googleapis.com/envoy.extensions.filters.http.router.v3.Router]:  {}\n            }\n          }\n          common_http_protocol_options:  {\n            max_stream_duration:  {}\n          }\n          stream_idle_timeout:  {\n            seconds:  300\n          }\n          use_remote_address:  {\n            value:  true\n          }\n          internal_address_config:  {\n            cidr_ranges:  {\n              address_prefix:  \"10.0.0.0\"\n              prefix_len:  {\n                value:  8\n              }\n            }\n            cidr_ranges:  {\n              address_prefix:  \"172.16.0.0\"\n              prefix_len:  {\n                value:  12\n              }\n            }\n            cidr_ranges:  {\n              address_prefix:  \"192.168.0.0\"\n              prefix_len:  {\n                value:  16\n              }\n            }\n            cidr_ranges:  {\n              address_prefix:  \"127.0.0.1\"\n              prefix_len:  {\n                value:  32\n              }\n            }\n          }\n          upgrade_configs:  {\n            upgrade_type:  \"websocket\"\n          }\n        }\n      }\n    }\n  }\n  listener_filters:  {\n    name:  \"envoy.filters.listener.tls_inspector\"\n    typed_config:  {\n      [type.googleapis.com/envoy.extensions.filters.listener.tls_inspector.v3.TlsInspector]:  {}\n    }\n  }\n  socket_options:  {\n    description:  \"Enable TCP keep-alive (default to enabled)\"\n    level:  1\n    name:  9\n    int_value:  1\n  }\n  socket_options:  {\n    description:  \"TCP keep-alive idle time (in seconds) (defaults to 10s)\"\n    level:  6\n    name:  4\n    int_value:  10\n  }\n  socket_options:  {\n    description:  \"TCP keep-alive probe intervals (in seconds) (defaults to 5s)\"\n    level:  6\n    name:  5\n    int_value:  5\n  }\n  socket_options:  {\n    description:  \"TCP keep-alive probe max failures.\"\n    level:  6\n    name:  6\n    int_value:  10\n  }\n}\n"
time=2026-03-08T08:15:06.048709642Z level=debug source=/go/src/github.com/cilium/cilium/pkg/k8s/apis/cilium.io/v2/cec_types.go:193 msg="CEC unmarshaled XDS Resource" resource="[type.googleapis.com/envoy.config.route.v3.RouteConfiguration]:  {\n  name:  \"listener-insecure\"\n}\n"
time=2026-03-08T08:15:06.048605582Z level=debug source=/go/src/github.com/cilium/cilium/pkg/k8s/apis/cilium.io/v2/cec_types.go:193 msg="CEC unmarshaled XDS Resource" resource="[type.googleapis.com/envoy.config.listener.v3.Listener]:  {\n  name:  \"listener\"\n  filter_chains:  {\n    filter_chain_match:  {\n      transport_protocol:  \"raw_buffer\"\n    }\n    filters:  {\n      name:  \"envoy.filters.network.http_connection_manager\"\n      typed_config:  {\n        [type.googleapis.com/envoy.extensions.filters.network.http_connection_manager.v3.HttpConnectionManager]:  {\n          stat_prefix:  \"listener-insecure\"\n          rds:  {\n            route_config_name:  \"listener-insecure\"\n          }\n          http_filters:  {\n            name:  \"envoy.filters.http.grpc_web\"\n            typed_config:  {\n              [type.googleapis.com/envoy.extensions.filters.http.grpc_web.v3.GrpcWeb]:  {}\n            }\n          }\n          http_filters:  {\n            name:  \"envoy.filters.http.grpc_stats\"\n            typed_config:  {\n              [type.googleapis.com/envoy.extensions.filters.http.grpc_stats.v3.FilterConfig]:  {\n                emit_filter_state:  true\n                enable_upstream_stats:  true\n              }\n            }\n          }\n          http_filters:  {\n            name:  \"envoy.filters.http.router\"\n            typed_config:  {\n              [type.googleapis.com/envoy.extensions.filters.http.router.v3.Router]:  {}\n            }\n          }\n          common_http_protocol_options:  {\n            max_stream_duration:  {}\n          }\n          stream_idle_timeout:  {\n            seconds:  300\n          }\n          use_remote_address:  {\n            value:  true\n          }\n          internal_address_config:  {\n            cidr_ranges:  {\n              address_prefix:  \"10.0.0.0\"\n              prefix_len:  {\n                value:  8\n              }\n            }\n            cidr_ranges:  {\n              address_prefix:  \"172.16.0.0\"\n              prefix_len:  {\n                value:  12\n              }\n            }\n            cidr_ranges:  {\n              address_prefix:  \"192.168.0.0\"\n              prefix_len:  {\n                value:  16\n              }\n            }\n            cidr_ranges:  {\n              address_prefix:  \"127.0.0.1\"\n              prefix_len:  {\n                value:  32\n              }\n            }\n          }\n          upgrade_configs:  {\n            upgrade_type:  \"websocket\"\n          }\n        }\n      }\n    }\n  }\n  listener_filters:  {\n    name:  \"envoy.filters.listener.tls_inspector\"\n    typed_config:  {\n      [type.googleapis.com/envoy.extensions.filters.listener.tls_inspector.v3.TlsInspector]:  {}\n    }\n  }\n  socket_options:  {\n    description:  \"Enable TCP keep-alive (default to enabled)\"\n    level:  1\n    name:  9\n    int_value:  1\n  }\n  socket_options:  {\n    description:  \"TCP keep-alive idle time (in seconds) (defaults to 10s)\"\n    level:  6\n    name:  4\n    int_value:  10\n  }\n  socket_options:  {\n    description:  \"TCP keep-alive probe intervals (in seconds) (defaults to 5s)\"\n    level:  6\n    name:  5\n    int_value:  5\n  }\n  socket_options:  {\n    description:  \"TCP keep-alive probe max failures.\"\n    level:  6\n    name:  6\n    int_value:  10\n  }\n}\n"
time=2026-03-08T08:15:06.048826602Z level=debug source=/go/src/github.com/cilium/cilium/pkg/k8s/apis/cilium.io/v2/cec_types.go:193 msg="CEC unmarshaled XDS Resource" resource="[type.googleapis.com/envoy.config.route.v3.RouteConfiguration]:  {\n  name:  \"listener-insecure\"\n}\n"
time=2026-03-08T08:15:06.048864032Z level=info source=/go/src/github.com/cilium/cilium/operator/pkg/gateway-api/gateway_reconcile.go:458 msg="Checking address status for Gateway" module=operator.operator-controlplane.leader-lifecycle.gateway-api controller=gateway resource=gateway-conformance-infra/backend-namespaces
time=2026-03-08T08:15:06.048931142Z level=info source=/go/src/github.com/cilium/cilium/operator/pkg/gateway-api/gateway_reconcile.go:494 msg="At least one valid address, marking gateway programmed" module=operator.operator-controlplane.leader-lifecycle.gateway-api controller=gateway resource=gateway-conformance-infra/backend-namespaces
time=2026-03-08T08:15:06.053566534Z level=info source=/go/src/github.com/cilium/cilium/operator/pkg/gateway-api/gamma_reconcile.go:46 msg="Reconciling GAMMA service" module=operator.operator-controlplane.leader-lifecycle.gateway-api controller=gamma resource=gateway-conformance-infra/tls-backend
time=2026-03-08T08:15:06.056366635Z level=debug source=/go/src/github.com/cilium/cilium/operator/pkg/lbipam/lbipam.go:1646 msg="Updating pool counts" module=operator.operator-controlplane.leader-lifecycle.lbipam
time=2026-03-08T08:15:06.056491025Z level=debug source=/go/src/github.com/cilium/cilium/operator/pkg/lbipam/lbipam.go:1646 msg="Updating pool counts" module=operator.operator-controlplane.leader-lifecycle.lbipam
time=2026-03-08T08:15:06.057907055Z level=info source=/go/src/github.com/cilium/cilium/operator/pkg/gateway-api/gateway_reconcile.go:262 msg="Successfully reconciled Gateway" module=operator.operator-controlplane.leader-lifecycle.gateway-api controller=gateway resource=gateway-conformance-infra/backend-namespaces
time=2026-03-08T08:15:06.058029025Z level=info source=/go/src/github.com/cilium/cilium/operator/pkg/gateway-api/gateway_reconcile.go:55 msg="Reconciling Gateway" module=operator.operator-controlplane.leader-lifecycle.gateway-api controller=gateway resource=gateway-conformance-infra/same-namespace
time=2026-03-08T08:15:06.058204215Z level=debug source=/go/src/github.com/cilium/cilium/operator/pkg/gateway-api/gateway_reconcile.go:870 msg="Updating HTTPRoute statuses for Gateway" module=operator.operator-controlplane.leader-lifecycle.gateway-api controller=gateway resource=gateway-conformance-infra/same-namespace numRoutes=0
time=2026-03-08T08:15:06.058238175Z level=debug source=/go/src/github.com/cilium/cilium/operator/pkg/gateway-api/gateway_reconcile.go:909 msg="Updating TLSRoute statuses for Gateway" module=operator.operator-controlplane.leader-lifecycle.gateway-api controller=gateway resource=gateway-conformance-infra/same-namespace numRoutes=0
time=2026-03-08T08:15:06.058248065Z level=debug source=/go/src/github.com/cilium/cilium/operator/pkg/gateway-api/gateway_reconcile.go:943 msg="Updating GRPCRoute statuses for Gateway" module=operator.operator-controlplane.leader-lifecycle.gateway-api controller=gateway resource=gateway-conformance-infra/same-namespace numRoutes=0
time=2026-03-08T08:15:06.058258105Z level=debug source=/go/src/github.com/cilium/cilium/operator/pkg/gateway-api/gateway_reconcile.go:982 msg="Updating BackendTLSPolicy statuses for Gateway" module=operator.operator-controlplane.leader-lifecycle.gateway-api controller=gateway resource=gateway-conformance-infra/same-namespace policies=0
time=2026-03-08T08:15:06.064105767Z level=info source=/go/src/github.com/cilium/cilium/operator/pkg/gateway-api/gateway_reconcile.go:458 msg="Checking address status for Gateway" module=operator.operator-controlplane.leader-lifecycle.gateway-api controller=gateway resource=gateway-conformance-infra/same-namespace
time=2026-03-08T08:15:06.064219517Z level=info source=/go/src/github.com/cilium/cilium/operator/pkg/gateway-api/gateway_reconcile.go:494 msg="At least one valid address, marking gateway programmed" module=operator.operator-controlplane.leader-lifecycle.gateway-api controller=gateway resource=gateway-conformance-infra/same-namespace
time=2026-03-08T08:15:06.064397657Z level=info source=/go/src/github.com/cilium/cilium/operator/pkg/gateway-api/gateway_reconcile.go:262 msg="Successfully reconciled Gateway" module=operator.operator-controlplane.leader-lifecycle.gateway-api controller=gateway resource=gateway-conformance-infra/same-namespace
time=2026-03-08T08:15:06.064510607Z level=info source=/go/src/github.com/cilium/cilium/operator/pkg/gateway-api/gateway_reconcile.go:55 msg="Reconciling Gateway" module=operator.operator-controlplane.leader-lifecycle.gateway-api controller=gateway resource=gateway-conformance-infra/same-namespace-with-https-listener
time=2026-03-08T08:15:06.064715107Z level=debug source=/go/src/github.com/cilium/cilium/operator/pkg/gateway-api/gateway_reconcile.go:870 msg="Updating HTTPRoute statuses for Gateway" module=operator.operator-controlplane.leader-lifecycle.gateway-api controller=gateway resource=gateway-conformance-infra/same-namespace-with-https-listener numRoutes=0
time=2026-03-08T08:15:06.064741777Z level=debug source=/go/src/github.com/cilium/cilium/operator/pkg/gateway-api/gateway_reconcile.go:909 msg="Updating TLSRoute statuses for Gateway" module=operator.operator-controlplane.leader-lifecycle.gateway-api controller=gateway resource=gateway-conformance-infra/same-namespace-with-https-listener numRoutes=0
time=2026-03-08T08:15:06.064752687Z level=debug source=/go/src/github.com/cilium/cilium/operator/pkg/gateway-api/gateway_reconcile.go:943 msg="Updating GRPCRoute statuses for Gateway" module=operator.operator-controlplane.leader-lifecycle.gateway-api controller=gateway resource=gateway-conformance-infra/same-namespace-with-https-listener numRoutes=0
time=2026-03-08T08:15:06.064768797Z level=debug source=/go/src/github.com/cilium/cilium/operator/pkg/gateway-api/gateway_reconcile.go:982 msg="Updating BackendTLSPolicy statuses for Gateway" module=operator.operator-controlplane.leader-lifecycle.gateway-api controller=gateway resource=gateway-conformance-infra/same-namespace-with-https-listener policies=0
time=2026-03-08T08:15:06.064815847Z level=info source=/go/src/github.com/cilium/cilium/operator/pkg/gateway-api/gateway_reconcile.go:634 msg="Found an invalid TLS Secret" module=operator.operator-controlplane.leader-lifecycle.gateway-api controller=gateway error="Secret \"tls-validity-checks-certificate\" not found" resource=gateway-conformance-infra/same-namespace-with-https-listener
time=2026-03-08T08:15:06.064851197Z level=info source=/go/src/github.com/cilium/cilium/operator/pkg/gateway-api/gateway_reconcile.go:634 msg="Found an invalid TLS Secret" module=operator.operator-controlplane.leader-lifecycle.gateway-api controller=gateway error="Secret \"tls-validity-checks-certificate\" not found" resource=gateway-conformance-infra/same-namespace-with-https-listener
time=2026-03-08T08:15:06.064875517Z level=error source=/go/src/github.com/cilium/cilium/operator/pkg/gateway-api/gateway_reconcile.go:208 msg="No Accepted Listeners for Gateway" module=operator.operator-controlplane.leader-lifecycle.gateway-api controller=gateway resource=gateway-conformance-infra/same-namespace-with-https-listener error="No Accepted Listeners for Gateway"
time=2026-03-08T08:15:06.065102757Z level=error source=/go/src/github.com/cilium/cilium/vendor/github.com/go-logr/logr/logr.go:301 msg="Reconciler error" module=operator.operator-controlplane.leader-lifecycle.controller-runtime controller=gateway controllerGroup=gateway.networking.k8s.io controllerKind=Gateway Gateway.name=same-namespace-with-https-listener Gateway.namespace=gateway-conformance-infra namespace=gateway-conformance-infra name=same-namespace-with-https-listener reconcileID=781c3988-14e0-4b63-9a46-979098378fe7 error="No Accepted Listeners for Gateway"
time=2026-03-08T08:15:06.065175977Z level=info source=/go/src/github.com/cilium/cilium/operator/pkg/gateway-api/gateway_reconcile.go:55 msg="Reconciling Gateway" module=operator.operator-controlplane.leader-lifecycle.gateway-api controller=gateway resource=gateway-conformance-infra/all-namespaces
time=2026-03-08T08:15:06.065301458Z level=debug source=/go/src/github.com/cilium/cilium/operator/pkg/gateway-api/gateway_reconcile.go:870 msg="Updating HTTPRoute statuses for Gateway" module=operator.operator-controlplane.leader-lifecycle.gateway-api controller=gateway resource=gateway-conformance-infra/all-namespaces numRoutes=0
time=2026-03-08T08:15:06.065319678Z level=debug source=/go/src/github.com/cilium/cilium/operator/pkg/gateway-api/gateway_reconcile.go:909 msg="Updating TLSRoute statuses for Gateway" module=operator.operator-controlplane.leader-lifecycle.gateway-api controller=gateway resource=gateway-conformance-infra/all-namespaces numRoutes=0
time=2026-03-08T08:15:06.065327658Z level=debug source=/go/src/github.com/cilium/cilium/operator/pkg/gateway-api/gateway_reconcile.go:943 msg="Updating GRPCRoute statuses for Gateway" module=operator.operator-controlplane.leader-lifecycle.gateway-api controller=gateway resource=gateway-conformance-infra/all-namespaces numRoutes=0
time=2026-03-08T08:15:06.065335847Z level=debug source=/go/src/github.com/cilium/cilium/operator/pkg/gateway-api/gateway_reconcile.go:982 msg="Updating BackendTLSPolicy statuses for Gateway" module=operator.operator-controlplane.leader-lifecycle.gateway-api controller=gateway resource=gateway-conformance-infra/all-namespaces policies=0
time=2026-03-08T08:15:06.074849561Z level=info source=/go/src/github.com/cilium/cilium/operator/pkg/gateway-api/gateway_reconcile.go:458 msg="Checking address status for Gateway" module=operator.operator-controlplane.leader-lifecycle.gateway-api controller=gateway resource=gateway-conformance-infra/all-namespaces
time=2026-03-08T08:15:06.074964601Z level=info source=/go/src/github.com/cilium/cilium/operator/pkg/gateway-api/gateway_reconcile.go:494 msg="At least one valid address, marking gateway programmed" module=operator.operator-controlplane.leader-lifecycle.gateway-api controller=gateway resource=gateway-conformance-infra/all-namespaces
time=2026-03-08T08:15:06.075089751Z level=info source=/go/src/github.com/cilium/cilium/operator/pkg/gateway-api/gateway_reconcile.go:262 msg="Successfully reconciled Gateway" module=operator.operator-controlplane.leader-lifecycle.gateway-api controller=gateway resource=gateway-conformance-infra/all-namespaces
time=2026-03-08T08:15:06.075180921Z level=info source=/go/src/github.com/cilium/cilium/operator/pkg/gateway-api/gateway_reconcile.go:55 msg="Reconciling Gateway" module=operator.operator-controlplane.leader-lifecycle.gateway-api controller=gateway resource=gateway-conformance-infra/backend-namespaces
time=2026-03-08T08:15:06.075422931Z level=debug source=/go/src/github.com/cilium/cilium/operator/pkg/gateway-api/gateway_reconcile.go:870 msg="Updating HTTPRoute statuses for Gateway" module=operator.operator-controlplane.leader-lifecycle.gateway-api controller=gateway resource=gateway-conformance-infra/backend-namespaces numRoutes=0
time=2026-03-08T08:15:06.075448191Z level=debug source=/go/src/github.com/cilium/cilium/operator/pkg/gateway-api/gateway_reconcile.go:909 msg="Updating TLSRoute statuses for Gateway" module=operator.operator-controlplane.leader-lifecycle.gateway-api controller=gateway resource=gateway-conformance-infra/backend-namespaces numRoutes=0
time=2026-03-08T08:15:06.075457781Z level=debug source=/go/src/github.com/cilium/cilium/operator/pkg/gateway-api/gateway_reconcile.go:943 msg="Updating GRPCRoute statuses for Gateway" module=operator.operator-controlplane.leader-lifecycle.gateway-api controller=gateway resource=gateway-conformance-infra/backend-namespaces numRoutes=0
time=2026-03-08T08:15:06.075467721Z level=debug source=/go/src/github.com/cilium/cilium/operator/pkg/gateway-api/gateway_reconcile.go:982 msg="Updating BackendTLSPolicy statuses for Gateway" module=operator.operator-controlplane.leader-lifecycle.gateway-api controller=gateway resource=gateway-conformance-infra/backend-namespaces policies=0
time=2026-03-08T08:15:06.077744002Z level=debug source=/go/src/github.com/cilium/cilium/operator/pkg/secretsync/configmapsync_reconcile.go:32 msg="Reconciling ConfigMap" module=operator.operator-controlplane.leader-lifecycle.secret-sync resource=gateway-conformance-app-backend/kube-root-ca.crt
time=2026-03-08T08:15:06.077856632Z level=debug source=/go/src/github.com/cilium/cilium/operator/pkg/secretsync/configmapsync_reconcile.go:102 msg="Successfully reconciled ConfigMap" module=operator.operator-controlplane.leader-lifecycle.secret-sync resource=gateway-conformance-app-backend/kube-root-ca.crt action=ignored
time=2026-03-08T08:15:06.081271773Z level=info source=/go/src/github.com/cilium/cilium/operator/pkg/gateway-api/gateway_reconcile.go:458 msg="Checking address status for Gateway" module=operator.operator-controlplane.leader-lifecycle.gateway-api controller=gateway resource=gateway-conformance-infra/backend-namespaces
time=2026-03-08T08:15:06.081346373Z level=info source=/go/src/github.com/cilium/cilium/operator/pkg/gateway-api/gateway_reconcile.go:494 msg="At least one valid address, marking gateway programmed" module=operator.operator-controlplane.leader-lifecycle.gateway-api controller=gateway resource=gateway-conformance-infra/backend-namespaces
time=2026-03-08T08:15:06.081510603Z level=info source=/go/src/github.com/cilium/cilium/operator/pkg/gateway-api/gateway_reconcile.go:262 msg="Successfully reconciled Gateway" module=operator.operator-controlplane.leader-lifecycle.gateway-api controller=gateway resource=gateway-conformance-infra/backend-namespaces
time=2026-03-08T08:15:06.081594323Z level=info source=/go/src/github.com/cilium/cilium/operator/pkg/gateway-api/gateway_reconcile.go:55 msg="Reconciling Gateway" module=operator.operator-controlplane.leader-lifecycle.gateway-api controller=gateway resource=gateway-conformance-infra/all-namespaces
time=2026-03-08T08:15:06.081753323Z level=debug source=/go/src/github.com/cilium/cilium/operator/pkg/gateway-api/gateway_reconcile.go:870 msg="Updating HTTPRoute statuses for Gateway" module=operator.operator-controlplane.leader-lifecycle.gateway-api controller=gateway resource=gateway-conformance-infra/all-namespaces numRoutes=0
time=2026-03-08T08:15:06.081778163Z level=debug source=/go/src/github.com/cilium/cilium/operator/pkg/gateway-api/gateway_reconcile.go:909 msg="Updating TLSRoute statuses for Gateway" module=operator.operator-controlplane.leader-lifecycle.gateway-api controller=gateway resource=gateway-conformance-infra/all-namespaces numRoutes=0
time=2026-03-08T08:15:06.081790973Z level=debug source=/go/src/github.com/cilium/cilium/operator/pkg/gateway-api/gateway_reconcile.go:943 msg="Updating GRPCRoute statuses for Gateway" module=operator.operator-controlplane.leader-lifecycle.gateway-api controller=gateway resource=gateway-conformance-infra/all-namespaces numRoutes=0
time=2026-03-08T08:15:06.081803363Z level=debug source=/go/src/github.com/cilium/cilium/operator/pkg/gateway-api/gateway_reconcile.go:982 msg="Updating BackendTLSPolicy statuses for Gateway" module=operator.operator-controlplane.leader-lifecycle.gateway-api controller=gateway resource=gateway-conformance-infra/all-namespaces policies=0
time=2026-03-08T08:15:06.089246666Z level=debug source=/go/src/github.com/cilium/cilium/operator/pkg/lbipam/lbipam.go:1646 msg="Updating pool counts" module=operator.operator-controlplane.leader-lifecycle.lbipam
time=2026-03-08T08:15:06.089388695Z level=info source=/go/src/github.com/cilium/cilium/operator/pkg/gateway-api/gamma_reconcile.go:46 msg="Reconciling GAMMA service" module=operator.operator-controlplane.leader-lifecycle.gateway-api controller=gamma resource=gateway-conformance-app-backend/tls-backend
time=2026-03-08T08:15:06.090428256Z level=info source=/go/src/github.com/cilium/cilium/operator/pkg/gateway-api/gateway_reconcile.go:458 msg="Checking address status for Gateway" module=operator.operator-controlplane.leader-lifecycle.gateway-api controller=gateway resource=gateway-conformance-infra/all-namespaces
time=2026-03-08T08:15:06.090550356Z level=info source=/go/src/github.com/cilium/cilium/operator/pkg/gateway-api/gateway_reconcile.go:494 msg="At least one valid address, marking gateway programmed" module=operator.operator-controlplane.leader-lifecycle.gateway-api controller=gateway resource=gateway-conformance-infra/all-namespaces
time=2026-03-08T08:15:06.090747396Z level=info source=/go/src/github.com/cilium/cilium/operator/pkg/gateway-api/gateway_reconcile.go:262 msg="Successfully reconciled Gateway" module=operator.operator-controlplane.leader-lifecycle.gateway-api controller=gateway resource=gateway-conformance-infra/all-namespaces
time=2026-03-08T08:15:06.090871726Z level=info source=/go/src/github.com/cilium/cilium/operator/pkg/gateway-api/gateway_reconcile.go:55 msg="Reconciling Gateway" module=operator.operator-controlplane.leader-lifecycle.gateway-api controller=gateway resource=gateway-conformance-infra/same-namespace-with-https-listener
time=2026-03-08T08:15:06.091045636Z level=debug source=/go/src/github.com/cilium/cilium/operator/pkg/gateway-api/gateway_reconcile.go:870 msg="Updating HTTPRoute statuses for Gateway" module=operator.operator-controlplane.leader-lifecycle.gateway-api controller=gateway resource=gateway-conformance-infra/same-namespace-with-https-listener numRoutes=0
time=2026-03-08T08:15:06.091069206Z level=debug source=/go/src/github.com/cilium/cilium/operator/pkg/gateway-api/gateway_reconcile.go:909 msg="Updating TLSRoute statuses for Gateway" module=operator.operator-controlplane.leader-lifecycle.gateway-api controller=gateway resource=gateway-conformance-infra/same-namespace-with-https-listener numRoutes=0
time=2026-03-08T08:15:06.091078776Z level=debug source=/go/src/github.com/cilium/cilium/operator/pkg/gateway-api/gateway_reconcile.go:943 msg="Updating GRPCRoute statuses for Gateway" module=operator.operator-controlplane.leader-lifecycle.gateway-api controller=gateway resource=gateway-conformance-infra/same-namespace-with-https-listener numRoutes=0
time=2026-03-08T08:15:06.091088996Z level=debug source=/go/src/github.com/cilium/cilium/operator/pkg/gateway-api/gateway_reconcile.go:982 msg="Updating BackendTLSPolicy statuses for Gateway" module=operator.operator-controlplane.leader-lifecycle.gateway-api controller=gateway resource=gateway-conformance-infra/same-namespace-with-https-listener policies=0
time=2026-03-08T08:15:06.091118316Z level=info source=/go/src/github.com/cilium/cilium/operator/pkg/gateway-api/gateway_reconcile.go:634 msg="Found an invalid TLS Secret" module=operator.operator-controlplane.leader-lifecycle.gateway-api controller=gateway error="Secret \"tls-validity-checks-certificate\" not found" resource=gateway-conformance-infra/same-namespace-with-https-listener
time=2026-03-08T08:15:06.091141156Z level=info source=/go/src/github.com/cilium/cilium/operator/pkg/gateway-api/gateway_reconcile.go:634 msg="Found an invalid TLS Secret" module=operator.operator-controlplane.leader-lifecycle.gateway-api controller=gateway error="Secret \"tls-validity-checks-certificate\" not found" resource=gateway-conformance-infra/same-namespace-with-https-listener
time=2026-03-08T08:15:06.091156786Z level=error source=/go/src/github.com/cilium/cilium/operator/pkg/gateway-api/gateway_reconcile.go:208 msg="No Accepted Listeners for Gateway" module=operator.operator-controlplane.leader-lifecycle.gateway-api controller=gateway resource=gateway-conformance-infra/same-namespace-with-https-listener error="No Accepted Listeners for Gateway"
time=2026-03-08T08:15:06.091385346Z level=error source=/go/src/github.com/cilium/cilium/vendor/github.com/go-logr/logr/logr.go:301 msg="Reconciler error" module=operator.operator-controlplane.leader-lifecycle.controller-runtime controller=gateway controllerGroup=gateway.networking.k8s.io controllerKind=Gateway Gateway.name=same-namespace-with-https-listener Gateway.namespace=gateway-conformance-infra namespace=gateway-conformance-infra name=same-namespace-with-https-listener reconcileID=a996cb7b-c47e-4a7d-836e-94637858215d error="No Accepted Listeners for Gateway"
time=2026-03-08T08:15:06.111480893Z level=debug source=/go/src/github.com/cilium/cilium/operator/pkg/lbipam/lbipam.go:1646 msg="Updating pool counts" module=operator.operator-controlplane.leader-lifecycle.lbipam
time=2026-03-08T08:15:06.111519373Z level=info source=/go/src/github.com/cilium/cilium/operator/pkg/gateway-api/gamma_reconcile.go:46 msg="Reconciling GAMMA service" module=operator.operator-controlplane.leader-lifecycle.gateway-api controller=gamma resource=gateway-conformance-app-backend/app-backend-v1
time=2026-03-08T08:15:06.111501183Z level=info source=/go/src/github.com/cilium/cilium/operator/pkg/gateway-api/gateway_reconcile.go:55 msg="Reconciling Gateway" module=operator.operator-controlplane.leader-lifecycle.gateway-api controller=gateway resource=gateway-conformance-infra/same-namespace-with-https-listener
time=2026-03-08T08:15:06.111715803Z level=debug source=/go/src/github.com/cilium/cilium/operator/pkg/gateway-api/gateway_reconcile.go:870 msg="Updating HTTPRoute statuses for Gateway" module=operator.operator-controlplane.leader-lifecycle.gateway-api controller=gateway resource=gateway-conformance-infra/same-namespace-with-https-listener numRoutes=0
time=2026-03-08T08:15:06.111737203Z level=debug source=/go/src/github.com/cilium/cilium/operator/pkg/gateway-api/gateway_reconcile.go:909 msg="Updating TLSRoute statuses for Gateway" module=operator.operator-controlplane.leader-lifecycle.gateway-api controller=gateway resource=gateway-conformance-infra/same-namespace-with-https-listener numRoutes=0
time=2026-03-08T08:15:06.111746913Z level=debug source=/go/src/github.com/cilium/cilium/operator/pkg/gateway-api/gateway_reconcile.go:943 msg="Updating GRPCRoute statuses for Gateway" module=operator.operator-controlplane.leader-lifecycle.gateway-api controller=gateway resource=gateway-conformance-infra/same-namespace-with-https-listener numRoutes=0
time=2026-03-08T08:15:06.111759473Z level=debug source=/go/src/github.com/cilium/cilium/operator/pkg/gateway-api/gateway_reconcile.go:982 msg="Updating BackendTLSPolicy statuses for Gateway" module=operator.operator-controlplane.leader-lifecycle.gateway-api controller=gateway resource=gateway-conformance-infra/same-namespace-with-https-listener policies=0
time=2026-03-08T08:15:06.111789953Z level=info source=/go/src/github.com/cilium/cilium/operator/pkg/gateway-api/gateway_reconcile.go:634 msg="Found an invalid TLS Secret" module=operator.operator-controlplane.leader-lifecycle.gateway-api controller=gateway error="Secret \"tls-validity-checks-certificate\" not found" resource=gateway-conformance-infra/same-namespace-with-https-listener
time=2026-03-08T08:15:06.111811813Z level=info source=/go/src/github.com/cilium/cilium/operator/pkg/gateway-api/gateway_reconcile.go:634 msg="Found an invalid TLS Secret" module=operator.operator-controlplane.leader-lifecycle.gateway-api controller=gateway error="Secret \"tls-validity-checks-certificate\" not found" resource=gateway-conformance-infra/same-namespace-with-https-listener
time=2026-03-08T08:15:06.111826033Z level=error source=/go/src/github.com/cilium/cilium/operator/pkg/gateway-api/gateway_reconcile.go:208 msg="No Accepted Listeners for Gateway" module=operator.operator-controlplane.leader-lifecycle.gateway-api controller=gateway resource=gateway-conformance-infra/same-namespace-with-https-listener error="No Accepted Listeners for Gateway"
time=2026-03-08T08:15:06.112014463Z level=error source=/go/src/github.com/cilium/cilium/vendor/github.com/go-logr/logr/logr.go:301 msg="Reconciler error" module=operator.operator-controlplane.leader-lifecycle.controller-runtime controller=gateway controllerGroup=gateway.networking.k8s.io controllerKind=Gateway Gateway.name=same-namespace-with-https-listener Gateway.namespace=gateway-conformance-infra namespace=gateway-conformance-infra name=same-namespace-with-https-listener reconcileID=d1e4339b-356f-4fd8-a7b3-8649ef848a22 error="No Accepted Listeners for Gateway"
time=2026-03-08T08:15:06.135336842Z level=debug source=/go/src/github.com/cilium/cilium/operator/pkg/lbipam/lbipam.go:1646 msg="Updating pool counts" module=operator.operator-controlplane.leader-lifecycle.lbipam
time=2026-03-08T08:15:06.135532122Z level=info source=/go/src/github.com/cilium/cilium/operator/pkg/gateway-api/gamma_reconcile.go:46 msg="Reconciling GAMMA service" module=operator.operator-controlplane.leader-lifecycle.gateway-api controller=gamma resource=gateway-conformance-app-backend/app-backend-v2
time=2026-03-08T08:15:06.151153737Z level=info source=/go/src/github.com/cilium/cilium/operator/pkg/gateway-api/gateway_reconcile.go:55 msg="Reconciling Gateway" module=operator.operator-controlplane.leader-lifecycle.gateway-api controller=gateway resource=gateway-conformance-infra/backend-namespaces
time=2026-03-08T08:15:06.151409107Z level=debug source=/go/src/github.com/cilium/cilium/operator/pkg/gateway-api/gateway_reconcile.go:870 msg="Updating HTTPRoute statuses for Gateway" module=operator.operator-controlplane.leader-lifecycle.gateway-api controller=gateway resource=gateway-conformance-infra/backend-namespaces numRoutes=0
time=2026-03-08T08:15:06.151435717Z level=debug source=/go/src/github.com/cilium/cilium/operator/pkg/gateway-api/gateway_reconcile.go:909 msg="Updating TLSRoute statuses for Gateway" module=operator.operator-controlplane.leader-lifecycle.gateway-api controller=gateway resource=gateway-conformance-infra/backend-namespaces numRoutes=0
time=2026-03-08T08:15:06.151452857Z level=debug source=/go/src/github.com/cilium/cilium/operator/pkg/gateway-api/gateway_reconcile.go:943 msg="Updating GRPCRoute statuses for Gateway" module=operator.operator-controlplane.leader-lifecycle.gateway-api controller=gateway resource=gateway-conformance-infra/backend-namespaces numRoutes=0
time=2026-03-08T08:15:06.151467937Z level=debug source=/go/src/github.com/cilium/cilium/operator/pkg/gateway-api/gateway_reconcile.go:982 msg="Updating BackendTLSPolicy statuses for Gateway" module=operator.operator-controlplane.leader-lifecycle.gateway-api controller=gateway resource=gateway-conformance-infra/backend-namespaces policies=0
time=2026-03-08T08:15:06.157628129Z level=debug source=/go/src/github.com/cilium/cilium/operator/pkg/secretsync/configmapsync_reconcile.go:32 msg="Reconciling ConfigMap" module=operator.operator-controlplane.leader-lifecycle.secret-sync resource=gateway-conformance-web-backend/kube-root-ca.crt
time=2026-03-08T08:15:06.157709219Z level=debug source=/go/src/github.com/cilium/cilium/operator/pkg/secretsync/configmapsync_reconcile.go:102 msg="Successfully reconciled ConfigMap" module=operator.operator-controlplane.leader-lifecycle.secret-sync resource=gateway-conformance-web-backend/kube-root-ca.crt action=ignored
time=2026-03-08T08:15:06.158382449Z level=info source=/go/src/github.com/cilium/cilium/operator/pkg/gateway-api/gateway_reconcile.go:458 msg="Checking address status for Gateway" module=operator.operator-controlplane.leader-lifecycle.gateway-api controller=gateway resource=gateway-conformance-infra/backend-namespaces
time=2026-03-08T08:15:06.158463319Z level=info source=/go/src/github.com/cilium/cilium/operator/pkg/gateway-api/gateway_reconcile.go:494 msg="At least one valid address, marking gateway programmed" module=operator.operator-controlplane.leader-lifecycle.gateway-api controller=gateway resource=gateway-conformance-infra/backend-namespaces
time=2026-03-08T08:15:06.158595579Z level=info source=/go/src/github.com/cilium/cilium/operator/pkg/gateway-api/gateway_reconcile.go:262 msg="Successfully reconciled Gateway" module=operator.operator-controlplane.leader-lifecycle.gateway-api controller=gateway resource=gateway-conformance-infra/backend-namespaces
time=2026-03-08T08:15:06.158677659Z level=info source=/go/src/github.com/cilium/cilium/operator/pkg/gateway-api/gateway_reconcile.go:55 msg="Reconciling Gateway" module=operator.operator-controlplane.leader-lifecycle.gateway-api controller=gateway resource=gateway-conformance-infra/all-namespaces
time=2026-03-08T08:15:06.158863609Z level=debug source=/go/src/github.com/cilium/cilium/operator/pkg/gateway-api/gateway_reconcile.go:870 msg="Updating HTTPRoute statuses for Gateway" module=operator.operator-controlplane.leader-lifecycle.gateway-api controller=gateway resource=gateway-conformance-infra/all-namespaces numRoutes=0
time=2026-03-08T08:15:06.158883949Z level=debug source=/go/src/github.com/cilium/cilium/operator/pkg/gateway-api/gateway_reconcile.go:909 msg="Updating TLSRoute statuses for Gateway" module=operator.operator-controlplane.leader-lifecycle.gateway-api controller=gateway resource=gateway-conformance-infra/all-namespaces numRoutes=0
time=2026-03-08T08:15:06.158896469Z level=debug source=/go/src/github.com/cilium/cilium/operator/pkg/gateway-api/gateway_reconcile.go:943 msg="Updating GRPCRoute statuses for Gateway" module=operator.operator-controlplane.leader-lifecycle.gateway-api controller=gateway resource=gateway-conformance-infra/all-namespaces numRoutes=0
time=2026-03-08T08:15:06.158906919Z level=debug source=/go/src/github.com/cilium/cilium/operator/pkg/gateway-api/gateway_reconcile.go:982 msg="Updating BackendTLSPolicy statuses for Gateway" module=operator.operator-controlplane.leader-lifecycle.gateway-api controller=gateway resource=gateway-conformance-infra/all-namespaces policies=0
time=2026-03-08T08:15:06.161908411Z level=debug source=/go/src/github.com/cilium/cilium/operator/pkg/lbipam/lbipam.go:1646 msg="Updating pool counts" module=operator.operator-controlplane.leader-lifecycle.lbipam
time=2026-03-08T08:15:06.161997791Z level=info source=/go/src/github.com/cilium/cilium/operator/pkg/gateway-api/gamma_reconcile.go:46 msg="Reconciling GAMMA service" module=operator.operator-controlplane.leader-lifecycle.gateway-api controller=gamma resource=gateway-conformance-web-backend/web-backend
time=2026-03-08T08:15:06.165188452Z level=info source=/go/src/github.com/cilium/cilium/operator/pkg/gateway-api/gateway_reconcile.go:458 msg="Checking address status for Gateway" module=operator.operator-controlplane.leader-lifecycle.gateway-api controller=gateway resource=gateway-conformance-infra/all-namespaces
time=2026-03-08T08:15:06.165270452Z level=info source=/go/src/github.com/cilium/cilium/operator/pkg/gateway-api/gateway_reconcile.go:494 msg="At least one valid address, marking gateway programmed" module=operator.operator-controlplane.leader-lifecycle.gateway-api controller=gateway resource=gateway-conformance-infra/all-namespaces
time=2026-03-08T08:15:06.165419112Z level=info source=/go/src/github.com/cilium/cilium/operator/pkg/gateway-api/gateway_reconcile.go:262 msg="Successfully reconciled Gateway" module=operator.operator-controlplane.leader-lifecycle.gateway-api controller=gateway resource=gateway-conformance-infra/all-namespaces
time=2026-03-08T08:15:06.165522752Z level=info source=/go/src/github.com/cilium/cilium/operator/pkg/gateway-api/gateway_reconcile.go:55 msg="Reconciling Gateway" module=operator.operator-controlplane.leader-lifecycle.gateway-api controller=gateway resource=gateway-conformance-infra/same-namespace-with-https-listener
time=2026-03-08T08:15:06.165719822Z level=debug source=/go/src/github.com/cilium/cilium/operator/pkg/gateway-api/gateway_reconcile.go:870 msg="Updating HTTPRoute statuses for Gateway" module=operator.operator-controlplane.leader-lifecycle.gateway-api controller=gateway resource=gateway-conformance-infra/same-namespace-with-https-listener numRoutes=0
time=2026-03-08T08:15:06.165758922Z level=debug source=/go/src/github.com/cilium/cilium/operator/pkg/gateway-api/gateway_reconcile.go:909 msg="Updating TLSRoute statuses for Gateway" module=operator.operator-controlplane.leader-lifecycle.gateway-api controller=gateway resource=gateway-conformance-infra/same-namespace-with-https-listener numRoutes=0
time=2026-03-08T08:15:06.165774062Z level=debug source=/go/src/github.com/cilium/cilium/operator/pkg/gateway-api/gateway_reconcile.go:943 msg="Updating GRPCRoute statuses for Gateway" module=operator.operator-controlplane.leader-lifecycle.gateway-api controller=gateway resource=gateway-conformance-infra/same-namespace-with-https-listener numRoutes=0
time=2026-03-08T08:15:06.165789522Z level=debug source=/go/src/github.com/cilium/cilium/operator/pkg/gateway-api/gateway_reconcile.go:982 msg="Updating BackendTLSPolicy statuses for Gateway" module=operator.operator-controlplane.leader-lifecycle.gateway-api controller=gateway resource=gateway-conformance-infra/same-namespace-with-https-listener policies=0
time=2026-03-08T08:15:06.165834142Z level=info source=/go/src/github.com/cilium/cilium/operator/pkg/gateway-api/gateway_reconcile.go:634 msg="Found an invalid TLS Secret" module=operator.operator-controlplane.leader-lifecycle.gateway-api controller=gateway error="Secret \"tls-validity-checks-certificate\" not found" resource=gateway-conformance-infra/same-namespace-with-https-listener
time=2026-03-08T08:15:06.165861552Z level=info source=/go/src/github.com/cilium/cilium/operator/pkg/gateway-api/gateway_reconcile.go:634 msg="Found an invalid TLS Secret" module=operator.operator-controlplane.leader-lifecycle.gateway-api controller=gateway error="Secret \"tls-validity-checks-certificate\" not found" resource=gateway-conformance-infra/same-namespace-with-https-listener
time=2026-03-08T08:15:06.165884242Z level=error source=/go/src/github.com/cilium/cilium/operator/pkg/gateway-api/gateway_reconcile.go:208 msg="No Accepted Listeners for Gateway" module=operator.operator-controlplane.leader-lifecycle.gateway-api controller=gateway resource=gateway-conformance-infra/same-namespace-with-https-listener error="No Accepted Listeners for Gateway"
time=2026-03-08T08:15:06.166154122Z level=error source=/go/src/github.com/cilium/cilium/vendor/github.com/go-logr/logr/logr.go:301 msg="Reconciler error" module=operator.operator-controlplane.leader-lifecycle.controller-runtime controller=gateway controllerGroup=gateway.networking.k8s.io controllerKind=Gateway Gateway.name=same-namespace-with-https-listener Gateway.namespace=gateway-conformance-infra namespace=gateway-conformance-infra name=same-namespace-with-https-listener reconcileID=cb9e13e0-41c1-4952-a8f1-7266ad04c8ea error="No Accepted Listeners for Gateway"
time=2026-03-08T08:15:06.179925786Z level=info source=/go/src/github.com/cilium/cilium/operator/pkg/gateway-api/gamma_reconcile.go:46 msg="Reconciling GAMMA service" module=operator.operator-controlplane.leader-lifecycle.gateway-api controller=gamma resource=gateway-conformance-infra/grpc-infra-backend-v1
time=2026-03-08T08:15:06.180021957Z level=debug source=/go/src/github.com/cilium/cilium/operator/pkg/lbipam/lbipam.go:1646 msg="Updating pool counts" module=operator.operator-controlplane.leader-lifecycle.lbipam
time=2026-03-08T08:15:06.197104832Z level=debug source=/go/src/github.com/cilium/cilium/operator/pkg/lbipam/lbipam.go:1646 msg="Updating pool counts" module=operator.operator-controlplane.leader-lifecycle.lbipam
time=2026-03-08T08:15:06.197208522Z level=info source=/go/src/github.com/cilium/cilium/operator/pkg/gateway-api/gamma_reconcile.go:46 msg="Reconciling GAMMA service" module=operator.operator-controlplane.leader-lifecycle.gateway-api controller=gamma resource=gateway-conformance-infra/grpc-infra-backend-v2
time=2026-03-08T08:15:06.212843408Z level=debug source=/go/src/github.com/cilium/cilium/operator/pkg/lbipam/lbipam.go:1646 msg="Updating pool counts" module=operator.operator-controlplane.leader-lifecycle.lbipam
time=2026-03-08T08:15:06.213149448Z level=info source=/go/src/github.com/cilium/cilium/operator/pkg/gateway-api/gamma_reconcile.go:46 msg="Reconciling GAMMA service" module=operator.operator-controlplane.leader-lifecycle.gateway-api controller=gamma resource=gateway-conformance-infra/grpc-infra-backend-v3
time=2026-03-08T08:15:06.229565213Z level=debug source=/go/src/github.com/cilium/cilium/operator/pkg/lbipam/lbipam.go:1646 msg="Updating pool counts" module=operator.operator-controlplane.leader-lifecycle.lbipam
time=2026-03-08T08:15:06.229668003Z level=info source=/go/src/github.com/cilium/cilium/operator/pkg/gateway-api/gamma_reconcile.go:46 msg="Reconciling GAMMA service" module=operator.operator-controlplane.leader-lifecycle.gateway-api controller=gamma resource=gateway-conformance-infra/coredns
time=2026-03-08T08:15:06.242491708Z level=debug source=/go/src/github.com/cilium/cilium/operator/pkg/secretsync/configmapsync_reconcile.go:32 msg="Reconciling ConfigMap" module=operator.operator-controlplane.leader-lifecycle.secret-sync resource=gateway-conformance-infra/coredns
time=2026-03-08T08:15:06.242563778Z level=debug source=/go/src/github.com/cilium/cilium/operator/pkg/secretsync/configmapsync_reconcile.go:102 msg="Successfully reconciled ConfigMap" module=operator.operator-controlplane.leader-lifecycle.secret-sync resource=gateway-conformance-infra/coredns action=ignored
time=2026-03-08T08:15:06.246561099Z level=info source=/go/src/github.com/cilium/cilium/operator/pkg/gateway-api/gateway_reconcile.go:55 msg="Reconciling Gateway" module=operator.operator-controlplane.leader-lifecycle.gateway-api controller=gateway resource=gateway-conformance-infra/same-namespace-with-https-listener
time=2026-03-08T08:15:06.246756699Z level=debug source=/go/src/github.com/cilium/cilium/operator/pkg/gateway-api/gateway_reconcile.go:870 msg="Updating HTTPRoute statuses for Gateway" module=operator.operator-controlplane.leader-lifecycle.gateway-api controller=gateway resource=gateway-conformance-infra/same-namespace-with-https-listener numRoutes=0
time=2026-03-08T08:15:06.246778759Z level=debug source=/go/src/github.com/cilium/cilium/operator/pkg/gateway-api/gateway_reconcile.go:909 msg="Updating TLSRoute statuses for Gateway" module=operator.operator-controlplane.leader-lifecycle.gateway-api controller=gateway resource=gateway-conformance-infra/same-namespace-with-https-listener numRoutes=0
time=2026-03-08T08:15:06.246788409Z level=debug source=/go/src/github.com/cilium/cilium/operator/pkg/gateway-api/gateway_reconcile.go:943 msg="Updating GRPCRoute statuses for Gateway" module=operator.operator-controlplane.leader-lifecycle.gateway-api controller=gateway resource=gateway-conformance-infra/same-namespace-with-https-listener numRoutes=0
time=2026-03-08T08:15:06.246798659Z level=debug source=/go/src/github.com/cilium/cilium/operator/pkg/gateway-api/gateway_reconcile.go:982 msg="Updating BackendTLSPolicy statuses for Gateway" module=operator.operator-controlplane.leader-lifecycle.gateway-api controller=gateway resource=gateway-conformance-infra/same-namespace-with-https-listener policies=0
time=2026-03-08T08:15:06.246827599Z level=info source=/go/src/github.com/cilium/cilium/operator/pkg/gateway-api/gateway_reconcile.go:634 msg="Found an invalid TLS Secret" module=operator.operator-controlplane.leader-lifecycle.gateway-api controller=gateway error="Secret \"tls-validity-checks-certificate\" not found" resource=gateway-conformance-infra/same-namespace-with-https-listener
time=2026-03-08T08:15:06.246853149Z level=info source=/go/src/github.com/cilium/cilium/operator/pkg/gateway-api/gateway_reconcile.go:634 msg="Found an invalid TLS Secret" module=operator.operator-controlplane.leader-lifecycle.gateway-api controller=gateway error="Secret \"tls-validity-checks-certificate\" not found" resource=gateway-conformance-infra/same-namespace-with-https-listener
time=2026-03-08T08:15:06.246867179Z level=error source=/go/src/github.com/cilium/cilium/operator/pkg/gateway-api/gateway_reconcile.go:208 msg="No Accepted Listeners for Gateway" module=operator.operator-controlplane.leader-lifecycle.gateway-api controller=gateway resource=gateway-conformance-infra/same-namespace-with-https-listener error="No Accepted Listeners for Gateway"
time=2026-03-08T08:15:06.247069349Z level=error source=/go/src/github.com/cilium/cilium/vendor/github.com/go-logr/logr/logr.go:301 msg="Reconciler error" module=operator.operator-controlplane.leader-lifecycle.controller-runtime controller=gateway controllerGroup=gateway.networking.k8s.io controllerKind=Gateway Gateway.name=same-namespace-with-https-listener Gateway.namespace=gateway-conformance-infra namespace=gateway-conformance-infra name=same-namespace-with-https-listener reconcileID=627fa66f-1dfa-4128-b3d9-1e4a2dd7ebd3 error="No Accepted Listeners for Gateway"
time=2026-03-08T08:15:06.302777388Z level=debug source=/go/src/github.com/cilium/cilium/operator/pkg/secretsync/secretsync_reconcile.go:32 msg="Reconciling secret" module=operator.operator-controlplane.leader-lifecycle.secret-sync resource=gateway-conformance-web-backend/certificate
time=2026-03-08T08:15:06.302937928Z level=debug source=/go/src/github.com/cilium/cilium/operator/pkg/secretsync/secretsync_reconcile.go:100 msg="Successfully reconciled Secret" module=operator.operator-controlplane.leader-lifecycle.secret-sync resource=gateway-conformance-web-backend/certificate action=ignored
time=2026-03-08T08:15:06.407754774Z level=info source=/go/src/github.com/cilium/cilium/operator/pkg/gateway-api/gateway_reconcile.go:55 msg="Reconciling Gateway" module=operator.operator-controlplane.leader-lifecycle.gateway-api controller=gateway resource=gateway-conformance-infra/same-namespace-with-https-listener
time=2026-03-08T08:15:06.407982114Z level=debug source=/go/src/github.com/cilium/cilium/operator/pkg/gateway-api/gateway_reconcile.go:870 msg="Updating HTTPRoute statuses for Gateway" module=operator.operator-controlplane.leader-lifecycle.gateway-api controller=gateway resource=gateway-conformance-infra/same-namespace-with-https-listener numRoutes=0
time=2026-03-08T08:15:06.408007034Z level=debug source=/go/src/github.com/cilium/cilium/operator/pkg/gateway-api/gateway_reconcile.go:909 msg="Updating TLSRoute statuses for Gateway" module=operator.operator-controlplane.leader-lifecycle.gateway-api controller=gateway resource=gateway-conformance-infra/same-namespace-with-https-listener numRoutes=0
time=2026-03-08T08:15:06.408016454Z level=debug source=/go/src/github.com/cilium/cilium/operator/pkg/gateway-api/gateway_reconcile.go:943 msg="Updating GRPCRoute statuses for Gateway" module=operator.operator-controlplane.leader-lifecycle.gateway-api controller=gateway resource=gateway-conformance-infra/same-namespace-with-https-listener numRoutes=0
time=2026-03-08T08:15:06.408026074Z level=debug source=/go/src/github.com/cilium/cilium/operator/pkg/gateway-api/gateway_reconcile.go:982 msg="Updating BackendTLSPolicy statuses for Gateway" module=operator.operator-controlplane.leader-lifecycle.gateway-api controller=gateway resource=gateway-conformance-infra/same-namespace-with-https-listener policies=0
time=2026-03-08T08:15:06.408053554Z level=info source=/go/src/github.com/cilium/cilium/operator/pkg/gateway-api/gateway_reconcile.go:634 msg="Found an invalid TLS Secret" module=operator.operator-controlplane.leader-lifecycle.gateway-api controller=gateway error="Secret \"tls-validity-checks-certificate\" not found" resource=gateway-conformance-infra/same-namespace-with-https-listener
time=2026-03-08T08:15:06.408069644Z level=info source=/go/src/github.com/cilium/cilium/operator/pkg/gateway-api/gateway_reconcile.go:634 msg="Found an invalid TLS Secret" module=operator.operator-controlplane.leader-lifecycle.gateway-api controller=gateway error="Secret \"tls-validity-checks-certificate\" not found" resource=gateway-conformance-infra/same-namespace-with-https-listener
time=2026-03-08T08:15:06.408083534Z level=error source=/go/src/github.com/cilium/cilium/operator/pkg/gateway-api/gateway_reconcile.go:208 msg="No Accepted Listeners for Gateway" module=operator.operator-controlplane.leader-lifecycle.gateway-api controller=gateway resource=gateway-conformance-infra/same-namespace-with-https-listener error="No Accepted Listeners for Gateway"
time=2026-03-08T08:15:06.408291704Z level=error source=/go/src/github.com/cilium/cilium/vendor/github.com/go-logr/logr/logr.go:301 msg="Reconciler error" module=operator.operator-controlplane.leader-lifecycle.controller-runtime controller=gateway controllerGroup=gateway.networking.k8s.io controllerKind=Gateway Gateway.name=same-namespace-with-https-listener Gateway.namespace=gateway-conformance-infra namespace=gateway-conformance-infra name=same-namespace-with-https-listener reconcileID=8f6ace46-2937-45a6-93ef-29e8a510fa3b error="No Accepted Listeners for Gateway"
time=2026-03-08T08:15:06.468345695Z level=debug source=/go/src/github.com/cilium/cilium/operator/identitygc/heartbeat.go:37 msg="Marking identity alive" module=operator.operator-controlplane.leader-lifecycle.k8s-identities-gc subsys=identity-heartbeat identity=3094
time=2026-03-08T08:15:06.510666499Z level=debug source=/go/src/github.com/cilium/cilium/operator/pkg/secretsync/secretsync_reconcile.go:32 msg="Reconciling secret" module=operator.operator-controlplane.leader-lifecycle.secret-sync resource=gateway-conformance-infra/tls-validity-checks-certificate
time=2026-03-08T08:15:06.510699449Z level=info source=/go/src/github.com/cilium/cilium/operator/pkg/gateway-api/gateway_reconcile.go:55 msg="Reconciling Gateway" module=operator.operator-controlplane.leader-lifecycle.gateway-api controller=gateway resource=gateway-conformance-infra/same-namespace-with-https-listener
time=2026-03-08T08:15:06.510835689Z level=debug source=/go/src/github.com/cilium/cilium/operator/pkg/secretsync/secretsync_reconcile.go:68 msg="Syncing secret" module=operator.operator-controlplane.leader-lifecycle.secret-sync resource=gateway-conformance-infra/tls-validity-checks-certificate k8sNamespace=cilium-secrets
time=2026-03-08T08:15:06.510877399Z level=debug source=/go/src/github.com/cilium/cilium/operator/pkg/gateway-api/gateway_reconcile.go:870 msg="Updating HTTPRoute statuses for Gateway" module=operator.operator-controlplane.leader-lifecycle.gateway-api controller=gateway resource=gateway-conformance-infra/same-namespace-with-https-listener numRoutes=0
time=2026-03-08T08:15:06.510902439Z level=debug source=/go/src/github.com/cilium/cilium/operator/pkg/gateway-api/gateway_reconcile.go:909 msg="Updating TLSRoute statuses for Gateway" module=operator.operator-controlplane.leader-lifecycle.gateway-api controller=gateway resource=gateway-conformance-infra/same-namespace-with-https-listener numRoutes=0
time=2026-03-08T08:15:06.510911709Z level=debug source=/go/src/github.com/cilium/cilium/operator/pkg/gateway-api/gateway_reconcile.go:943 msg="Updating GRPCRoute statuses for Gateway" module=operator.operator-controlplane.leader-lifecycle.gateway-api controller=gateway resource=gateway-conformance-infra/same-namespace-with-https-listener numRoutes=0
time=2026-03-08T08:15:06.51092185Z level=debug source=/go/src/github.com/cilium/cilium/operator/pkg/gateway-api/gateway_reconcile.go:982 msg="Updating BackendTLSPolicy statuses for Gateway" module=operator.operator-controlplane.leader-lifecycle.gateway-api controller=gateway resource=gateway-conformance-infra/same-namespace-with-https-listener policies=0
time=2026-03-08T08:15:06.517402592Z level=debug source=/go/src/github.com/cilium/cilium/operator/pkg/secretsync/secretsync_reconcile.go:93 msg="Successfully reconciled Secret with resync" module=operator.operator-controlplane.leader-lifecycle.secret-sync resource=gateway-conformance-infra/tls-validity-checks-certificate action=synced syncInterval=51m49.062107261s
time=2026-03-08T08:15:06.524156523Z level=info source=/go/src/github.com/cilium/cilium/operator/pkg/lbipam/lbipam.go:902 msg="Assigning Ingress IP" module=operator.operator-controlplane.leader-lifecycle.lbipam serviceName=gateway-conformance-infra/cilium-gateway-same-namespace-with-https-listener ipAddr=192.168.8.243
time=2026-03-08T08:15:06.524234303Z level=info source=/go/src/github.com/cilium/cilium/operator/pkg/gateway-api/gamma_reconcile.go:46 msg="Reconciling GAMMA service" module=operator.operator-controlplane.leader-lifecycle.gateway-api controller=gamma resource=gateway-conformance-infra/cilium-gateway-same-namespace-with-https-listener
time=2026-03-08T08:15:06.528606565Z level=info source=/go/src/github.com/cilium/cilium/operator/pkg/gateway-api/gamma_reconcile.go:46 msg="Reconciling GAMMA service" module=operator.operator-controlplane.leader-lifecycle.gateway-api controller=gamma resource=gateway-conformance-infra/cilium-gateway-same-namespace-with-https-listener
time=2026-03-08T08:15:06.528848595Z level=debug source=/go/src/github.com/cilium/cilium/operator/pkg/lbipam/lbipam.go:1646 msg="Updating pool counts" module=operator.operator-controlplane.leader-lifecycle.lbipam
time=2026-03-08T08:15:06.528921996Z level=debug source=/go/src/github.com/cilium/cilium/operator/pkg/lbipam/lbipam.go:1649 msg="Pool counts of 'pool' changed, patching" module=operator.operator-controlplane.leader-lifecycle.lbipam
time=2026-03-08T08:15:06.532710147Z level=debug source=/go/src/github.com/cilium/cilium/pkg/k8s/apis/cilium.io/v2/cec_types.go:193 msg="CEC unmarshaled XDS Resource" resource="[type.googleapis.com/envoy.config.listener.v3.Listener]:  {\n  name:  \"listener\"\n  filter_chains:  {\n    filter_chain_match:  {\n      transport_protocol:  \"raw_buffer\"\n    }\n    filters:  {\n      name:  \"envoy.filters.network.http_connection_manager\"\n      typed_config:  {\n        [type.googleapis.com/envoy.extensions.filters.network.http_connection_manager.v3.HttpConnectionManager]:  {\n          stat_prefix:  \"listener-insecure\"\n          rds:  {\n            route_config_name:  \"listener-insecure\"\n          }\n          http_filters:  {\n            name:  \"envoy.filters.http.grpc_web\"\n            typed_config:  {\n              [type.googleapis.com/envoy.extensions.filters.http.grpc_web.v3.GrpcWeb]:  {}\n            }\n          }\n          http_filters:  {\n            name:  \"envoy.filters.http.grpc_stats\"\n            typed_config:  {\n              [type.googleapis.com/envoy.extensions.filters.http.grpc_stats.v3.FilterConfig]:  {\n                emit_filter_state:  true\n                enable_upstream_stats:  true\n              }\n            }\n          }\n          http_filters:  {\n            name:  \"envoy.filters.http.router\"\n            typed_config:  {\n              [type.googleapis.com/envoy.extensions.filters.http.router.v3.Router]:  {}\n            }\n          }\n          common_http_protocol_options:  {\n            max_stream_duration:  {}\n          }\n          stream_idle_timeout:  {\n            seconds:  300\n          }\n          use_remote_address:  {\n            value:  true\n          }\n          internal_address_config:  {\n            cidr_ranges:  {\n              address_prefix:  \"10.0.0.0\"\n              prefix_len:  {\n                value:  8\n              }\n            }\n            cidr_ranges:  {\n              address_prefix:  \"172.16.0.0\"\n              prefix_len:  {\n                value:  12\n              }\n            }\n            cidr_ranges:  {\n              address_prefix:  \"192.168.0.0\"\n              prefix_len:  {\n                value:  16\n              }\n            }\n            cidr_ranges:  {\n              address_prefix:  \"127.0.0.1\"\n              prefix_len:  {\n                value:  32\n              }\n            }\n          }\n          upgrade_configs:  {\n            upgrade_type:  \"websocket\"\n          }\n        }\n      }\n    }\n  }\n  filter_chains:  {\n    filter_chain_match:  {\n      transport_protocol:  \"tls\"\n    }\n    filters:  {\n      name:  \"envoy.filters.network.http_connection_manager\"\n      typed_config:  {\n        [type.googleapis.com/envoy.extensions.filters.network.http_connection_manager.v3.HttpConnectionManager]:  {\n          stat_prefix:  \"listener-secure\"\n          rds:  {\n            route_config_name:  \"listener-secure\"\n          }\n          http_filters:  {\n            name:  \"envoy.filters.http.grpc_web\"\n            typed_config:  {\n              [type.googleapis.com/envoy.extensions.filters.http.grpc_web.v3.GrpcWeb]:  {}\n            }\n          }\n          http_filters:  {\n            name:  \"envoy.filters.http.grpc_stats\"\n            typed_config:  {\n              [type.googleapis.com/envoy.extensions.filters.http.grpc_stats.v3.FilterConfig]:  {\n                emit_filter_state:  true\n                enable_upstream_stats:  true\n              }\n            }\n          }\n          http_filters:  {\n            name:  \"envoy.filters.http.router\"\n            typed_config:  {\n              [type.googleapis.com/envoy.extensions.filters.http.router.v3.Router]:  {}\n            }\n          }\n          common_http_protocol_options:  {\n            max_stream_duration:  {}\n          }\n          stream_idle_timeout:  {\n            seconds:  300\n          }\n          use_remote_address:  {\n            value:  true\n          }\n          internal_address_config:  {\n            cidr_ranges:  {\n              address_prefix:  \"10.0.0.0\"\n              prefix_len:  {\n                value:  8\n              }\n            }\n            cidr_ranges:  {\n              address_prefix:  \"172.16.0.0\"\n              prefix_len:  {\n                value:  12\n              }\n            }\n            cidr_ranges:  {\n              address_prefix:  \"192.168.0.0\"\n              prefix_len:  {\n                value:  16\n              }\n            }\n            cidr_ranges:  {\n              address_prefix:  \"127.0.0.1\"\n              prefix_len:  {\n                value:  32\n              }\n            }\n          }\n          upgrade_configs:  {\n            upgrade_type:  \"websocket\"\n          }\n        }\n      }\n    }\n    transport_socket:  {\n      name:  \"envoy.transport_sockets.tls\"\n      typed_config:  {\n        [type.googleapis.com/envoy.extensions.transport_sockets.tls.v3.DownstreamTlsContext]:  {\n          common_tls_context:  {\n            tls_certificate_sds_secret_configs:  {\n              name:  \"cilium-secrets/gateway-conformance-infra-tls-validity-checks-certificate\"\n            }\n          }\n        }\n      }\n    }\n  }\n  listener_filters:  {\n    name:  \"envoy.filters.listener.tls_inspector\"\n    typed_config:  {\n      [type.googleapis.com/envoy.extensions.filters.listener.tls_inspector.v3.TlsInspector]:  {}\n    }\n  }\n  socket_options:  {\n    description:  \"Enable TCP keep-alive (default to enabled)\"\n    level:  1\n    name:  9\n    int_value:  1\n  }\n  socket_options:  {\n    description:  \"TCP keep-alive idle time (in seconds) (defaults to 10s)\"\n    level:  6\n    name:  4\n    int_value:  10\n  }\n  socket_options:  {\n    description:  \"TCP keep-alive probe intervals (in seconds) (defaults to 5s)\"\n    level:  6\n    name:  5\n    int_value:  5\n  }\n  socket_options:  {\n    description:  \"TCP keep-alive probe max failures.\"\n    level:  6\n    name:  6\n    int_value:  10\n  }\n}\n"
time=2026-03-08T08:15:06.532858937Z level=debug source=/go/src/github.com/cilium/cilium/pkg/k8s/apis/cilium.io/v2/cec_types.go:193 msg="CEC unmarshaled XDS Resource" resource="[type.googleapis.com/envoy.config.route.v3.RouteConfiguration]:  {\n  name:  \"listener-insecure\"\n}\n"
time=2026-03-08T08:15:06.532881267Z level=debug source=/go/src/github.com/cilium/cilium/pkg/k8s/apis/cilium.io/v2/cec_types.go:193 msg="CEC unmarshaled XDS Resource" resource="[type.googleapis.com/envoy.config.route.v3.RouteConfiguration]:  {\n  name:  \"listener-secure\"\n}\n"
time=2026-03-08T08:15:06.532913717Z level=info source=/go/src/github.com/cilium/cilium/operator/pkg/gateway-api/gateway_reconcile.go:458 msg="Checking address status for Gateway" module=operator.operator-controlplane.leader-lifecycle.gateway-api controller=gateway resource=gateway-conformance-infra/same-namespace-with-https-listener
time=2026-03-08T08:15:06.532728497Z level=debug source=/go/src/github.com/cilium/cilium/pkg/k8s/apis/cilium.io/v2/cec_types.go:193 msg="CEC unmarshaled XDS Resource" resource="[type.googleapis.com/envoy.config.listener.v3.Listener]:  {\n  name:  \"listener\"\n  filter_chains:  {\n    filter_chain_match:  {\n      transport_protocol:  \"raw_buffer\"\n    }\n    filters:  {\n      name:  \"envoy.filters.network.http_connection_manager\"\n      typed_config:  {\n        [type.googleapis.com/envoy.extensions.filters.network.http_connection_manager.v3.HttpConnectionManager]:  {\n          stat_prefix:  \"listener-insecure\"\n          rds:  {\n            route_config_name:  \"listener-insecure\"\n          }\n          http_filters:  {\n            name:  \"envoy.filters.http.grpc_web\"\n            typed_config:  {\n              [type.googleapis.com/envoy.extensions.filters.http.grpc_web.v3.GrpcWeb]:  {}\n            }\n          }\n          http_filters:  {\n            name:  \"envoy.filters.http.grpc_stats\"\n            typed_config:  {\n              [type.googleapis.com/envoy.extensions.filters.http.grpc_stats.v3.FilterConfig]:  {\n                emit_filter_state:  true\n                enable_upstream_stats:  true\n              }\n            }\n          }\n          http_filters:  {\n            name:  \"envoy.filters.http.router\"\n            typed_config:  {\n              [type.googleapis.com/envoy.extensions.filters.http.router.v3.Router]:  {}\n            }\n          }\n          common_http_protocol_options:  {\n            max_stream_duration:  {}\n          }\n          stream_idle_timeout:  {\n            seconds:  300\n          }\n          use_remote_address:  {\n            value:  true\n          }\n          internal_address_config:  {\n            cidr_ranges:  {\n              address_prefix:  \"10.0.0.0\"\n              prefix_len:  {\n                value:  8\n              }\n            }\n            cidr_ranges:  {\n              address_prefix:  \"172.16.0.0\"\n              prefix_len:  {\n                value:  12\n              }\n            }\n            cidr_ranges:  {\n              address_prefix:  \"192.168.0.0\"\n              prefix_len:  {\n                value:  16\n              }\n            }\n            cidr_ranges:  {\n              address_prefix:  \"127.0.0.1\"\n              prefix_len:  {\n                value:  32\n              }\n            }\n          }\n          upgrade_configs:  {\n            upgrade_type:  \"websocket\"\n          }\n        }\n      }\n    }\n  }\n  filter_chains:  {\n    filter_chain_match:  {\n      transport_protocol:  \"tls\"\n    }\n    filters:  {\n      name:  \"envoy.filters.network.http_connection_manager\"\n      typed_config:  {\n        [type.googleapis.com/envoy.extensions.filters.network.http_connection_manager.v3.HttpConnectionManager]:  {\n          stat_prefix:  \"listener-secure\"\n          rds:  {\n            route_config_name:  \"listener-secure\"\n          }\n          http_filters:  {\n            name:  \"envoy.filters.http.grpc_web\"\n            typed_config:  {\n              [type.googleapis.com/envoy.extensions.filters.http.grpc_web.v3.GrpcWeb]:  {}\n            }\n          }\n          http_filters:  {\n            name:  \"envoy.filters.http.grpc_stats\"\n            typed_config:  {\n              [type.googleapis.com/envoy.extensions.filters.http.grpc_stats.v3.FilterConfig]:  {\n                emit_filter_state:  true\n                enable_upstream_stats:  true\n              }\n            }\n          }\n          http_filters:  {\n            name:  \"envoy.filters.http.router\"\n            typed_config:  {\n              [type.googleapis.com/envoy.extensions.filters.http.router.v3.Router]:  {}\n            }\n          }\n          common_http_protocol_options:  {\n            max_stream_duration:  {}\n          }\n          stream_idle_timeout:  {\n            seconds:  300\n          }\n          use_remote_address:  {\n            value:  true\n          }\n          internal_address_config:  {\n            cidr_ranges:  {\n              address_prefix:  \"10.0.0.0\"\n              prefix_len:  {\n                value:  8\n              }\n            }\n            cidr_ranges:  {\n              address_prefix:  \"172.16.0.0\"\n              prefix_len:  {\n                value:  12\n              }\n            }\n            cidr_ranges:  {\n              address_prefix:  \"192.168.0.0\"\n              prefix_len:  {\n                value:  16\n              }\n            }\n            cidr_ranges:  {\n              address_prefix:  \"127.0.0.1\"\n              prefix_len:  {\n                value:  32\n              }\n            }\n          }\n          upgrade_configs:  {\n            upgrade_type:  \"websocket\"\n          }\n        }\n      }\n    }\n    transport_socket:  {\n      name:  \"envoy.transport_sockets.tls\"\n      typed_config:  {\n        [type.googleapis.com/envoy.extensions.transport_sockets.tls.v3.DownstreamTlsContext]:  {\n          common_tls_context:  {\n            tls_certificate_sds_secret_configs:  {\n              name:  \"cilium-secrets/gateway-conformance-infra-tls-validity-checks-certificate\"\n            }\n          }\n        }\n      }\n    }\n  }\n  listener_filters:  {\n    name:  \"envoy.filters.listener.tls_inspector\"\n    typed_config:  {\n      [type.googleapis.com/envoy.extensions.filters.listener.tls_inspector.v3.TlsInspector]:  {}\n    }\n  }\n  socket_options:  {\n    description:  \"Enable TCP keep-alive (default to enabled)\"\n    level:  1\n    name:  9\n    int_value:  1\n  }\n  socket_options:  {\n    description:  \"TCP keep-alive idle time (in seconds) (defaults to 10s)\"\n    level:  6\n    name:  4\n    int_value:  10\n  }\n  socket_options:  {\n    description:  \"TCP keep-alive probe intervals (in seconds) (defaults to 5s)\"\n    level:  6\n    name:  5\n    int_value:  5\n  }\n  socket_options:  {\n    description:  \"TCP keep-alive probe max failures.\"\n    level:  6\n    name:  6\n    int_value:  10\n  }\n}\n"
time=2026-03-08T08:15:06.532981557Z level=info source=/go/src/github.com/cilium/cilium/operator/pkg/gateway-api/gateway_reconcile.go:494 msg="At least one valid address, marking gateway programmed" module=operator.operator-controlplane.leader-lifecycle.gateway-api controller=gateway resource=gateway-conformance-infra/same-namespace-with-https-listener
time=2026-03-08T08:15:06.532979987Z level=debug source=/go/src/github.com/cilium/cilium/pkg/k8s/apis/cilium.io/v2/cec_types.go:193 msg="CEC unmarshaled XDS Resource" resource="[type.googleapis.com/envoy.config.route.v3.RouteConfiguration]:  {\n  name:  \"listener-insecure\"\n}\n"
time=2026-03-08T08:15:06.533125877Z level=debug source=/go/src/github.com/cilium/cilium/pkg/k8s/apis/cilium.io/v2/cec_types.go:193 msg="CEC unmarshaled XDS Resource" resource="[type.googleapis.com/envoy.config.route.v3.RouteConfiguration]:  {\n  name:  \"listener-secure\"\n}\n"
time=2026-03-08T08:15:06.535946698Z level=debug source=/go/src/github.com/cilium/cilium/operator/pkg/lbipam/lbipam.go:1646 msg="Updating pool counts" module=operator.operator-controlplane.leader-lifecycle.lbipam
time=2026-03-08T08:15:06.54441801Z level=info source=/go/src/github.com/cilium/cilium/operator/pkg/gateway-api/gateway_reconcile.go:262 msg="Successfully reconciled Gateway" module=operator.operator-controlplane.leader-lifecycle.gateway-api controller=gateway resource=gateway-conformance-infra/same-namespace-with-https-listener
time=2026-03-08T08:15:06.544529461Z level=info source=/go/src/github.com/cilium/cilium/operator/pkg/gateway-api/gateway_reconcile.go:55 msg="Reconciling Gateway" module=operator.operator-controlplane.leader-lifecycle.gateway-api controller=gateway resource=gateway-conformance-infra/same-namespace-with-https-listener
time=2026-03-08T08:15:06.544592881Z level=debug source=/go/src/github.com/cilium/cilium/operator/pkg/gateway-api/secretsync.go:53 msg="Enqueued secret for gateway" module=operator.operator-controlplane.leader-lifecycle.gateway-api resource=same-namespace-with-https-listener secret=gateway-conformance-infra/tls-validity-checks-certificate
time=2026-03-08T08:15:06.54461317Z level=debug source=/go/src/github.com/cilium/cilium/operator/pkg/gateway-api/secretsync.go:53 msg="Enqueued secret for gateway" module=operator.operator-controlplane.leader-lifecycle.gateway-api resource=same-namespace-with-https-listener secret=gateway-conformance-infra/tls-validity-checks-certificate
time=2026-03-08T08:15:06.544648601Z level=debug source=/go/src/github.com/cilium/cilium/operator/pkg/gateway-api/secretsync.go:53 msg="Enqueued secret for gateway" module=operator.operator-controlplane.leader-lifecycle.gateway-api resource=same-namespace-with-https-listener secret=gateway-conformance-infra/tls-validity-checks-certificate
time=2026-03-08T08:15:06.544661521Z level=debug source=/go/src/github.com/cilium/cilium/operator/pkg/gateway-api/secretsync.go:53 msg="Enqueued secret for gateway" module=operator.operator-controlplane.leader-lifecycle.gateway-api resource=same-namespace-with-https-listener secret=gateway-conformance-infra/tls-validity-checks-certificate
time=2026-03-08T08:15:06.54475161Z level=debug source=/go/src/github.com/cilium/cilium/operator/pkg/gateway-api/gateway_reconcile.go:870 msg="Updating HTTPRoute statuses for Gateway" module=operator.operator-controlplane.leader-lifecycle.gateway-api controller=gateway resource=gateway-conformance-infra/same-namespace-with-https-listener numRoutes=0
time=2026-03-08T08:15:06.54477921Z level=debug source=/go/src/github.com/cilium/cilium/operator/pkg/secretsync/secretsync_reconcile.go:32 msg="Reconciling secret" module=operator.operator-controlplane.leader-lifecycle.secret-sync resource=gateway-conformance-infra/tls-validity-checks-certificate
time=2026-03-08T08:15:06.54479633Z level=debug source=/go/src/github.com/cilium/cilium/operator/pkg/gateway-api/gateway_reconcile.go:909 msg="Updating TLSRoute statuses for Gateway" module=operator.operator-controlplane.leader-lifecycle.gateway-api controller=gateway resource=gateway-conformance-infra/same-namespace-with-https-listener numRoutes=0
time=2026-03-08T08:15:06.544907931Z level=debug source=/go/src/github.com/cilium/cilium/operator/pkg/secretsync/secretsync_reconcile.go:68 msg="Syncing secret" module=operator.operator-controlplane.leader-lifecycle.secret-sync resource=gateway-conformance-infra/tls-validity-checks-certificate k8sNamespace=cilium-secrets
time=2026-03-08T08:15:06.544917521Z level=debug source=/go/src/github.com/cilium/cilium/operator/pkg/gateway-api/gateway_reconcile.go:943 msg="Updating GRPCRoute statuses for Gateway" module=operator.operator-controlplane.leader-lifecycle.gateway-api controller=gateway resource=gateway-conformance-infra/same-namespace-with-https-listener numRoutes=0
time=2026-03-08T08:15:06.544934601Z level=debug source=/go/src/github.com/cilium/cilium/operator/pkg/gateway-api/gateway_reconcile.go:982 msg="Updating BackendTLSPolicy statuses for Gateway" module=operator.operator-controlplane.leader-lifecycle.gateway-api controller=gateway resource=gateway-conformance-infra/same-namespace-with-https-listener policies=0
time=2026-03-08T08:15:06.548836822Z level=debug source=/go/src/github.com/cilium/cilium/operator/pkg/secretsync/secretsync_reconcile.go:93 msg="Successfully reconciled Secret with resync" module=operator.operator-controlplane.leader-lifecycle.secret-sync resource=gateway-conformance-infra/tls-validity-checks-certificate action=synced syncInterval=49m45.103136937s
time=2026-03-08T08:15:06.548932762Z level=debug source=/go/src/github.com/cilium/cilium/operator/pkg/secretsync/secretsync_reconcile.go:32 msg="Reconciling secret" module=operator.operator-controlplane.leader-lifecycle.secret-sync resource=gateway-conformance-infra/tls-passthrough-checks-certificate
time=2026-03-08T08:15:06.549008472Z level=debug source=/go/src/github.com/cilium/cilium/operator/pkg/secretsync/secretsync_reconcile.go:100 msg="Successfully reconciled Secret" module=operator.operator-controlplane.leader-lifecycle.secret-sync resource=gateway-conformance-infra/tls-passthrough-checks-certificate action=ignored
time=2026-03-08T08:15:06.549490563Z level=info source=/go/src/github.com/cilium/cilium/operator/pkg/gateway-api/gateway_reconcile.go:458 msg="Checking address status for Gateway" module=operator.operator-controlplane.leader-lifecycle.gateway-api controller=gateway resource=gateway-conformance-infra/same-namespace-with-https-listener
time=2026-03-08T08:15:06.549557323Z level=info source=/go/src/github.com/cilium/cilium/operator/pkg/gateway-api/gateway_reconcile.go:494 msg="At least one valid address, marking gateway programmed" module=operator.operator-controlplane.leader-lifecycle.gateway-api controller=gateway resource=gateway-conformance-infra/same-namespace-with-https-listener
time=2026-03-08T08:15:06.549711172Z level=info source=/go/src/github.com/cilium/cilium/operator/pkg/gateway-api/gateway_reconcile.go:262 msg="Successfully reconciled Gateway" module=operator.operator-controlplane.leader-lifecycle.gateway-api controller=gateway resource=gateway-conformance-infra/same-namespace-with-https-listener
time=2026-03-08T08:15:06.549765712Z level=info source=/go/src/github.com/cilium/cilium/operator/pkg/gateway-api/gateway_reconcile.go:55 msg="Reconciling Gateway" module=operator.operator-controlplane.leader-lifecycle.gateway-api controller=gateway resource=gateway-conformance-infra/same-namespace-with-https-listener
time=2026-03-08T08:15:06.549931273Z level=debug source=/go/src/github.com/cilium/cilium/operator/pkg/gateway-api/gateway_reconcile.go:870 msg="Updating HTTPRoute statuses for Gateway" module=operator.operator-controlplane.leader-lifecycle.gateway-api controller=gateway resource=gateway-conformance-infra/same-namespace-with-https-listener numRoutes=0
time=2026-03-08T08:15:06.549949673Z level=debug source=/go/src/github.com/cilium/cilium/operator/pkg/gateway-api/gateway_reconcile.go:909 msg="Updating TLSRoute statuses for Gateway" module=operator.operator-controlplane.leader-lifecycle.gateway-api controller=gateway resource=gateway-conformance-infra/same-namespace-with-https-listener numRoutes=0
time=2026-03-08T08:15:06.549959023Z level=debug source=/go/src/github.com/cilium/cilium/operator/pkg/gateway-api/gateway_reconcile.go:943 msg="Updating GRPCRoute statuses for Gateway" module=operator.operator-controlplane.leader-lifecycle.gateway-api controller=gateway resource=gateway-conformance-infra/same-namespace-with-https-listener numRoutes=0
time=2026-03-08T08:15:06.549968513Z level=debug source=/go/src/github.com/cilium/cilium/operator/pkg/gateway-api/gateway_reconcile.go:982 msg="Updating BackendTLSPolicy statuses for Gateway" module=operator.operator-controlplane.leader-lifecycle.gateway-api controller=gateway resource=gateway-conformance-infra/same-namespace-with-https-listener policies=0
time=2026-03-08T08:15:06.554037224Z level=info source=/go/src/github.com/cilium/cilium/operator/pkg/gateway-api/gateway_reconcile.go:458 msg="Checking address status for Gateway" module=operator.operator-controlplane.leader-lifecycle.gateway-api controller=gateway resource=gateway-conformance-infra/same-namespace-with-https-listener
time=2026-03-08T08:15:06.554085184Z level=info source=/go/src/github.com/cilium/cilium/operator/pkg/gateway-api/gateway_reconcile.go:494 msg="At least one valid address, marking gateway programmed" module=operator.operator-controlplane.leader-lifecycle.gateway-api controller=gateway resource=gateway-conformance-infra/same-namespace-with-https-listener
time=2026-03-08T08:15:06.554295954Z level=info source=/go/src/github.com/cilium/cilium/operator/pkg/gateway-api/gateway_reconcile.go:262 msg="Successfully reconciled Gateway" module=operator.operator-controlplane.leader-lifecycle.gateway-api controller=gateway resource=gateway-conformance-infra/same-namespace-with-https-listener
time=2026-03-08T08:15:06.686348879Z level=debug source=/go/src/github.com/cilium/cilium/operator/identitygc/heartbeat.go:37 msg="Marking identity alive" module=operator.operator-controlplane.leader-lifecycle.k8s-identities-gc subsys=identity-heartbeat identity=56404
time=2026-03-08T08:15:06.686751909Z level=debug source=/go/src/github.com/cilium/cilium/operator/identitygc/heartbeat.go:37 msg="Marking identity alive" module=operator.operator-controlplane.leader-lifecycle.k8s-identities-gc subsys=identity-heartbeat identity=4656
time=2026-03-08T08:15:06.728864713Z level=info source=/go/src/github.com/cilium/cilium/operator/pkg/gateway-api/gateway_reconcile.go:55 msg="Reconciling Gateway" module=operator.operator-controlplane.leader-lifecycle.gateway-api controller=gateway resource=gateway-conformance-infra/same-namespace-with-https-listener
time=2026-03-08T08:15:06.729122024Z level=debug source=/go/src/github.com/cilium/cilium/operator/pkg/gateway-api/gateway_reconcile.go:870 msg="Updating HTTPRoute statuses for Gateway" module=operator.operator-controlplane.leader-lifecycle.gateway-api controller=gateway resource=gateway-conformance-infra/same-namespace-with-https-listener numRoutes=0
time=2026-03-08T08:15:06.729146004Z level=debug source=/go/src/github.com/cilium/cilium/operator/pkg/gateway-api/gateway_reconcile.go:909 msg="Updating TLSRoute statuses for Gateway" module=operator.operator-controlplane.leader-lifecycle.gateway-api controller=gateway resource=gateway-conformance-infra/same-namespace-with-https-listener numRoutes=0
time=2026-03-08T08:15:06.729172314Z level=debug source=/go/src/github.com/cilium/cilium/operator/pkg/gateway-api/gateway_reconcile.go:943 msg="Updating GRPCRoute statuses for Gateway" module=operator.operator-controlplane.leader-lifecycle.gateway-api controller=gateway resource=gateway-conformance-infra/same-namespace-with-https-listener numRoutes=0
time=2026-03-08T08:15:06.729185234Z level=debug source=/go/src/github.com/cilium/cilium/operator/pkg/gateway-api/gateway_reconcile.go:982 msg="Updating BackendTLSPolicy statuses for Gateway" module=operator.operator-controlplane.leader-lifecycle.gateway-api controller=gateway resource=gateway-conformance-infra/same-namespace-with-https-listener policies=0
time=2026-03-08T08:15:06.734851646Z level=info source=/go/src/github.com/cilium/cilium/operator/pkg/gateway-api/gateway_reconcile.go:458 msg="Checking address status for Gateway" module=operator.operator-controlplane.leader-lifecycle.gateway-api controller=gateway resource=gateway-conformance-infra/same-namespace-with-https-listener
time=2026-03-08T08:15:06.734943906Z level=info source=/go/src/github.com/cilium/cilium/operator/pkg/gateway-api/gateway_reconcile.go:494 msg="At least one valid address, marking gateway programmed" module=operator.operator-controlplane.leader-lifecycle.gateway-api controller=gateway resource=gateway-conformance-infra/same-namespace-with-https-listener
time=2026-03-08T08:15:06.735104286Z level=info source=/go/src/github.com/cilium/cilium/operator/pkg/gateway-api/gateway_reconcile.go:262 msg="Successfully reconciled Gateway" module=operator.operator-controlplane.leader-lifecycle.gateway-api controller=gateway resource=gateway-conformance-infra/same-namespace-with-https-listener
time=2026-03-08T08:15:06.778267921Z level=debug source=/go/src/github.com/cilium/cilium/operator/pkg/secretsync/secretsync_reconcile.go:32 msg="Reconciling secret" module=operator.operator-controlplane.leader-lifecycle.secret-sync resource=gateway-conformance-app-backend/tls-passthrough-checks-certificate
time=2026-03-08T08:15:06.778406741Z level=debug source=/go/src/github.com/cilium/cilium/operator/pkg/secretsync/secretsync_reconcile.go:100 msg="Successfully reconciled Secret" module=operator.operator-controlplane.leader-lifecycle.secret-sync resource=gateway-conformance-app-backend/tls-passthrough-checks-certificate action=ignored
time=2026-03-08T08:15:06.840033471Z level=debug source=/go/src/github.com/cilium/cilium/operator/identitygc/heartbeat.go:37 msg="Marking identity alive" module=operator.operator-controlplane.leader-lifecycle.k8s-identities-gc subsys=identity-heartbeat identity=1761
time=2026-03-08T08:15:06.840880722Z level=debug source=/go/src/github.com/cilium/cilium/operator/identitygc/heartbeat.go:37 msg="Marking identity alive" module=operator.operator-controlplane.leader-lifecycle.k8s-identities-gc subsys=identity-heartbeat identity=29841
time=2026-03-08T08:15:06.858608878Z level=debug source=/go/src/github.com/cilium/cilium/operator/pkg/secretsync/configmapsync_reconcile.go:32 msg="Reconciling ConfigMap" module=operator.operator-controlplane.leader-lifecycle.secret-sync resource=gateway-conformance-infra/tls-checks-ca-certificate
time=2026-03-08T08:15:06.858684368Z level=debug source=/go/src/github.com/cilium/cilium/operator/pkg/secretsync/configmapsync_reconcile.go:102 msg="Successfully reconciled ConfigMap" module=operator.operator-controlplane.leader-lifecycle.secret-sync resource=gateway-conformance-infra/tls-checks-ca-certificate action=ignored
time=2026-03-08T08:15:06.920795939Z level=debug source=/go/src/github.com/cilium/cilium/operator/pkg/secretsync/secretsync_reconcile.go:32 msg="Reconciling secret" module=operator.operator-controlplane.leader-lifecycle.secret-sync resource=gateway-conformance-infra/tls-checks-certificate
time=2026-03-08T08:15:06.920930069Z level=debug source=/go/src/github.com/cilium/cilium/operator/pkg/secretsync/secretsync_reconcile.go:100 msg="Successfully reconciled Secret" module=operator.operator-controlplane.leader-lifecycle.secret-sync resource=gateway-conformance-infra/tls-checks-certificate action=ignored
time=2026-03-08T08:15:06.985118291Z level=debug source=/go/src/github.com/cilium/cilium/operator/pkg/secretsync/configmapsync_reconcile.go:32 msg="Reconciling ConfigMap" module=operator.operator-controlplane.leader-lifecycle.secret-sync resource=gateway-conformance-infra/mismatch-ca-certificate
time=2026-03-08T08:15:06.985215681Z level=debug source=/go/src/github.com/cilium/cilium/operator/pkg/secretsync/configmapsync_reconcile.go:102 msg="Successfully reconciled ConfigMap" module=operator.operator-controlplane.leader-lifecycle.secret-sync resource=gateway-conformance-infra/mismatch-ca-certificate action=ignored
time=2026-03-08T08:15:07.268764507Z level=debug source=/go/src/github.com/cilium/cilium/operator/identitygc/heartbeat.go:37 msg="Marking identity alive" module=operator.operator-controlplane.leader-lifecycle.k8s-identities-gc subsys=identity-heartbeat identity=46624
time=2026-03-08T08:15:07.456497891Z level=debug source=/go/src/github.com/cilium/cilium/operator/identitygc/heartbeat.go:37 msg="Marking identity alive" module=operator.operator-controlplane.leader-lifecycle.k8s-identities-gc subsys=identity-heartbeat identity=58516
time=2026-03-08T08:15:08.200270234Z level=debug source=/go/src/github.com/cilium/cilium/operator/identitygc/heartbeat.go:37 msg="Marking identity alive" module=operator.operator-controlplane.leader-lifecycle.k8s-identities-gc subsys=identity-heartbeat identity=64922
time=2026-03-08T08:15:08.288763904Z level=debug source=/go/src/github.com/cilium/cilium/operator/identitygc/heartbeat.go:37 msg="Marking identity alive" module=operator.operator-controlplane.leader-lifecycle.k8s-identities-gc subsys=identity-heartbeat identity=21290
time=2026-03-08T08:15:08.361009279Z level=debug source=/go/src/github.com/cilium/cilium/operator/identitygc/heartbeat.go:37 msg="Marking identity alive" module=operator.operator-controlplane.leader-lifecycle.k8s-identities-gc subsys=identity-heartbeat identity=13330
time=2026-03-08T08:15:08.373114583Z level=debug source=/go/src/github.com/cilium/cilium/operator/identitygc/heartbeat.go:37 msg="Marking identity alive" module=operator.operator-controlplane.leader-lifecycle.k8s-identities-gc subsys=identity-heartbeat identity=7064
time=2026-03-08T08:15:08.378550014Z level=debug source=/go/src/github.com/cilium/cilium/operator/identitygc/heartbeat.go:37 msg="Marking identity alive" module=operator.operator-controlplane.leader-lifecycle.k8s-identities-gc subsys=identity-heartbeat identity=36652
time=2026-03-08T08:15:08.741774148Z level=debug source=/go/src/github.com/cilium/cilium/operator/identitygc/heartbeat.go:37 msg="Marking identity alive" module=operator.operator-controlplane.leader-lifecycle.k8s-identities-gc subsys=identity-heartbeat identity=19594
time=2026-03-08T08:15:08.801798028Z level=debug source=/go/src/github.com/cilium/cilium/operator/identitygc/heartbeat.go:37 msg="Marking identity alive" module=operator.operator-controlplane.leader-lifecycle.k8s-identities-gc subsys=identity-heartbeat identity=20990
time=2026-03-08T08:15:16.323612317Z level=debug source=/go/src/github.com/cilium/cilium/operator/unmanagedpods/controller.go:154 msg="Found managed pod due to presence of a CEP" module=operator.operator-controlplane.leader-lifecycle.unmanaged-pods-gc error=<nil> k8sPodName=kube-system/coredns-7d764666f9-th7sn identity=0
time=2026-03-08T08:15:16.323679807Z level=debug source=/go/src/github.com/cilium/cilium/operator/unmanagedpods/controller.go:154 msg="Found managed pod due to presence of a CEP" module=operator.operator-controlplane.leader-lifecycle.unmanaged-pods-gc error=<nil> k8sPodName=kube-system/coredns-7d764666f9-wljzk identity=0
time=2026-03-08T08:15:16.323695617Z level=debug source=/go/src/github.com/cilium/cilium/pkg/controller/controller.go:338 msg="Controller func executed" subsys=controller name=restart-unmanaged-pods uuid=8cc2caa3-4793-45bb-9c41-0b26af76c62b duration=102.32µs
time=2026-03-08T08:15:18.009458712Z level=info source=/go/src/github.com/cilium/cilium/operator/pkg/gateway-api/gateway_reconcile.go:55 msg="Reconciling Gateway" module=operator.operator-controlplane.leader-lifecycle.gateway-api controller=gateway resource=gateway-conformance-infra/all-namespaces
time=2026-03-08T08:15:18.009657072Z level=debug source=/go/src/github.com/cilium/cilium/operator/pkg/gateway-api/gateway_reconcile.go:870 msg="Updating HTTPRoute statuses for Gateway" module=operator.operator-controlplane.leader-lifecycle.gateway-api controller=gateway resource=gateway-conformance-infra/all-namespaces numRoutes=0
time=2026-03-08T08:15:18.009677982Z level=debug source=/go/src/github.com/cilium/cilium/operator/pkg/gateway-api/gateway_reconcile.go:909 msg="Updating TLSRoute statuses for Gateway" module=operator.operator-controlplane.leader-lifecycle.gateway-api controller=gateway resource=gateway-conformance-infra/all-namespaces numRoutes=0
time=2026-03-08T08:15:18.009686942Z level=debug source=/go/src/github.com/cilium/cilium/operator/pkg/gateway-api/gateway_reconcile.go:943 msg="Updating GRPCRoute statuses for Gateway" module=operator.operator-controlplane.leader-lifecycle.gateway-api controller=gateway resource=gateway-conformance-infra/all-namespaces numRoutes=0
time=2026-03-08T08:15:18.009695882Z level=debug source=/go/src/github.com/cilium/cilium/operator/pkg/gateway-api/gateway_reconcile.go:982 msg="Updating BackendTLSPolicy statuses for Gateway" module=operator.operator-controlplane.leader-lifecycle.gateway-api controller=gateway resource=gateway-conformance-infra/all-namespaces policies=0
time=2026-03-08T08:15:18.015617114Z level=debug source=/go/src/github.com/cilium/cilium/operator/pkg/secretsync/configmapsync_reconcile.go:32 msg="Reconciling ConfigMap" module=operator.operator-controlplane.leader-lifecycle.secret-sync resource=gateway-conformance-mesh/kube-root-ca.crt
time=2026-03-08T08:15:18.015719924Z level=debug source=/go/src/github.com/cilium/cilium/operator/pkg/secretsync/configmapsync_reconcile.go:102 msg="Successfully reconciled ConfigMap" module=operator.operator-controlplane.leader-lifecycle.secret-sync resource=gateway-conformance-mesh/kube-root-ca.crt action=ignored
time=2026-03-08T08:15:18.016277314Z level=info source=/go/src/github.com/cilium/cilium/operator/pkg/gateway-api/gateway_reconcile.go:458 msg="Checking address status for Gateway" module=operator.operator-controlplane.leader-lifecycle.gateway-api controller=gateway resource=gateway-conformance-infra/all-namespaces
time=2026-03-08T08:15:18.016374044Z level=info source=/go/src/github.com/cilium/cilium/operator/pkg/gateway-api/gateway_reconcile.go:494 msg="At least one valid address, marking gateway programmed" module=operator.operator-controlplane.leader-lifecycle.gateway-api controller=gateway resource=gateway-conformance-infra/all-namespaces
time=2026-03-08T08:15:18.016514415Z level=info source=/go/src/github.com/cilium/cilium/operator/pkg/gateway-api/gateway_reconcile.go:262 msg="Successfully reconciled Gateway" module=operator.operator-controlplane.leader-lifecycle.gateway-api controller=gateway resource=gateway-conformance-infra/all-namespaces
time=2026-03-08T08:15:18.026759548Z level=debug source=/go/src/github.com/cilium/cilium/operator/pkg/lbipam/lbipam.go:1646 msg="Updating pool counts" module=operator.operator-controlplane.leader-lifecycle.lbipam
time=2026-03-08T08:15:18.027271668Z level=info source=/go/src/github.com/cilium/cilium/operator/pkg/gateway-api/gamma_reconcile.go:46 msg="Reconciling GAMMA service" module=operator.operator-controlplane.leader-lifecycle.gateway-api controller=gamma resource=gateway-conformance-mesh/echo-v1
time=2026-03-08T08:15:18.050130355Z level=debug source=/go/src/github.com/cilium/cilium/operator/pkg/lbipam/lbipam.go:1646 msg="Updating pool counts" module=operator.operator-controlplane.leader-lifecycle.lbipam
time=2026-03-08T08:15:18.050361676Z level=info source=/go/src/github.com/cilium/cilium/operator/pkg/gateway-api/gamma_reconcile.go:46 msg="Reconciling GAMMA service" module=operator.operator-controlplane.leader-lifecycle.gateway-api controller=gamma resource=gateway-conformance-mesh/echo-v2
time=2026-03-08T08:15:18.065454361Z level=debug source=/go/src/github.com/cilium/cilium/operator/pkg/lbipam/lbipam.go:1646 msg="Updating pool counts" module=operator.operator-controlplane.leader-lifecycle.lbipam
time=2026-03-08T08:15:18.065540911Z level=info source=/go/src/github.com/cilium/cilium/operator/pkg/gateway-api/gamma_reconcile.go:46 msg="Reconciling GAMMA service" module=operator.operator-controlplane.leader-lifecycle.gateway-api controller=gamma resource=gateway-conformance-mesh/echo
time=2026-03-08T08:15:18.072692613Z level=info source=/go/src/github.com/cilium/cilium/operator/pkg/gateway-api/gateway_reconcile.go:55 msg="Reconciling Gateway" module=operator.operator-controlplane.leader-lifecycle.gateway-api controller=gateway resource=gateway-conformance-infra/all-namespaces
time=2026-03-08T08:15:18.072925223Z level=debug source=/go/src/github.com/cilium/cilium/operator/pkg/gateway-api/gateway_reconcile.go:870 msg="Updating HTTPRoute statuses for Gateway" module=operator.operator-controlplane.leader-lifecycle.gateway-api controller=gateway resource=gateway-conformance-infra/all-namespaces numRoutes=0
time=2026-03-08T08:15:18.072946833Z level=debug source=/go/src/github.com/cilium/cilium/operator/pkg/gateway-api/gateway_reconcile.go:909 msg="Updating TLSRoute statuses for Gateway" module=operator.operator-controlplane.leader-lifecycle.gateway-api controller=gateway resource=gateway-conformance-infra/all-namespaces numRoutes=0
time=2026-03-08T08:15:18.072956333Z level=debug source=/go/src/github.com/cilium/cilium/operator/pkg/gateway-api/gateway_reconcile.go:943 msg="Updating GRPCRoute statuses for Gateway" module=operator.operator-controlplane.leader-lifecycle.gateway-api controller=gateway resource=gateway-conformance-infra/all-namespaces numRoutes=0
time=2026-03-08T08:15:18.072965743Z level=debug source=/go/src/github.com/cilium/cilium/operator/pkg/gateway-api/gateway_reconcile.go:982 msg="Updating BackendTLSPolicy statuses for Gateway" module=operator.operator-controlplane.leader-lifecycle.gateway-api controller=gateway resource=gateway-conformance-infra/all-namespaces policies=0
time=2026-03-08T08:15:18.078209265Z level=debug source=/go/src/github.com/cilium/cilium/operator/pkg/secretsync/configmapsync_reconcile.go:32 msg="Reconciling ConfigMap" module=operator.operator-controlplane.leader-lifecycle.secret-sync resource=gateway-conformance-mesh-consumer/kube-root-ca.crt
time=2026-03-08T08:15:18.078321905Z level=debug source=/go/src/github.com/cilium/cilium/operator/pkg/secretsync/configmapsync_reconcile.go:102 msg="Successfully reconciled ConfigMap" module=operator.operator-controlplane.leader-lifecycle.secret-sync resource=gateway-conformance-mesh-consumer/kube-root-ca.crt action=ignored
time=2026-03-08T08:15:18.078607605Z level=info source=/go/src/github.com/cilium/cilium/operator/pkg/gateway-api/gateway_reconcile.go:458 msg="Checking address status for Gateway" module=operator.operator-controlplane.leader-lifecycle.gateway-api controller=gateway resource=gateway-conformance-infra/all-namespaces
time=2026-03-08T08:15:18.078661845Z level=info source=/go/src/github.com/cilium/cilium/operator/pkg/gateway-api/gateway_reconcile.go:494 msg="At least one valid address, marking gateway programmed" module=operator.operator-controlplane.leader-lifecycle.gateway-api controller=gateway resource=gateway-conformance-infra/all-namespaces
time=2026-03-08T08:15:18.078764595Z level=info source=/go/src/github.com/cilium/cilium/operator/pkg/gateway-api/gateway_reconcile.go:262 msg="Successfully reconciled Gateway" module=operator.operator-controlplane.leader-lifecycle.gateway-api controller=gateway resource=gateway-conformance-infra/all-namespaces
time=2026-03-08T08:15:18.532030707Z level=debug source=/go/src/github.com/cilium/cilium/operator/identitygc/heartbeat.go:37 msg="Marking identity alive" module=operator.operator-controlplane.leader-lifecycle.k8s-identities-gc subsys=identity-heartbeat identity=37229
time=2026-03-08T08:15:18.613418234Z level=debug source=/go/src/github.com/cilium/cilium/operator/identitygc/heartbeat.go:37 msg="Marking identity alive" module=operator.operator-controlplane.leader-lifecycle.k8s-identities-gc subsys=identity-heartbeat identity=4446
time=2026-03-08T08:15:18.699484213Z level=debug source=/go/src/github.com/cilium/cilium/operator/identitygc/heartbeat.go:37 msg="Marking identity alive" module=operator.operator-controlplane.leader-lifecycle.k8s-identities-gc subsys=identity-heartbeat identity=41824
time=2026-03-08T08:15:28.110035348Z level=info source=/go/src/github.com/cilium/cilium/operator/pkg/gateway-api/gateway.go:613 msg="Enqueued gateway for Route" module=operator.operator-controlplane.leader-lifecycle.gateway-api controller=gateway resource=gateway-conformance-infra/backendtlspolicy-invalid-ca-certificate-ref k8sNamespace=gateway-conformance-infra parentResource=same-namespace route=backendtlspolicy-invalid-ca-certificate-ref
time=2026-03-08T08:15:28.110141178Z level=info source=/go/src/github.com/cilium/cilium/operator/pkg/gateway-api/gateway_reconcile.go:55 msg="Reconciling Gateway" module=operator.operator-controlplane.leader-lifecycle.gateway-api controller=gateway resource=gateway-conformance-infra/same-namespace
time=2026-03-08T08:15:28.110339968Z level=debug source=/go/src/github.com/cilium/cilium/operator/pkg/gateway-api/gateway_reconcile.go:870 msg="Updating HTTPRoute statuses for Gateway" module=operator.operator-controlplane.leader-lifecycle.gateway-api controller=gateway resource=gateway-conformance-infra/same-namespace numRoutes=1
time=2026-03-08T08:15:28.110704018Z level=debug source=/go/src/github.com/cilium/cilium/operator/pkg/gateway-api/gateway_reconcile.go:1234 msg="Updating HTTPRoute status" module=operator.operator-controlplane.leader-lifecycle.gateway-api controller=gateway resource=gateway-conformance-infra/same-namespace httpRoute=gateway-conformance-infra/backendtlspolicy-invalid-ca-certificate-ref
time=2026-03-08T08:15:28.11683616Z level=debug source=/go/src/github.com/cilium/cilium/operator/pkg/gateway-api/gateway_reconcile.go:909 msg="Updating TLSRoute statuses for Gateway" module=operator.operator-controlplane.leader-lifecycle.gateway-api controller=gateway resource=gateway-conformance-infra/same-namespace numRoutes=0
time=2026-03-08T08:15:28.11688698Z level=debug source=/go/src/github.com/cilium/cilium/operator/pkg/gateway-api/gateway_reconcile.go:943 msg="Updating GRPCRoute statuses for Gateway" module=operator.operator-controlplane.leader-lifecycle.gateway-api controller=gateway resource=gateway-conformance-infra/same-namespace numRoutes=0
time=2026-03-08T08:15:28.116903411Z level=debug source=/go/src/github.com/cilium/cilium/operator/pkg/gateway-api/gateway_reconcile.go:982 msg="Updating BackendTLSPolicy statuses for Gateway" module=operator.operator-controlplane.leader-lifecycle.gateway-api controller=gateway resource=gateway-conformance-infra/same-namespace policies=0
time=2026-03-08T08:15:28.116973371Z level=info source=/go/src/github.com/cilium/cilium/operator/pkg/gateway-api/gateway.go:613 msg="Enqueued gateway for Route" module=operator.operator-controlplane.leader-lifecycle.gateway-api controller=gateway resource=gateway-conformance-infra/backendtlspolicy-invalid-ca-certificate-ref k8sNamespace=gateway-conformance-infra parentResource=same-namespace route=backendtlspolicy-invalid-ca-certificate-ref
time=2026-03-08T08:15:28.117018611Z level=info source=/go/src/github.com/cilium/cilium/operator/pkg/gateway-api/gateway.go:613 msg="Enqueued gateway for Route" module=operator.operator-controlplane.leader-lifecycle.gateway-api controller=gateway resource=gateway-conformance-infra/backendtlspolicy-invalid-ca-certificate-ref k8sNamespace=gateway-conformance-infra parentResource=same-namespace route=backendtlspolicy-invalid-ca-certificate-ref
time=2026-03-08T08:15:28.121502082Z level=debug source=/go/src/github.com/cilium/cilium/operator/pkg/lbipam/lbipam.go:1646 msg="Updating pool counts" module=operator.operator-controlplane.leader-lifecycle.lbipam
time=2026-03-08T08:15:28.121641132Z level=info source=/go/src/github.com/cilium/cilium/operator/pkg/gateway-api/gamma_reconcile.go:46 msg="Reconciling GAMMA service" module=operator.operator-controlplane.leader-lifecycle.gateway-api controller=gamma resource=gateway-conformance-infra/backendtlspolicy-nonexistent-ca-certificate-ref-test
time=2026-03-08T08:15:28.131396316Z level=debug source=/go/src/github.com/cilium/cilium/pkg/k8s/apis/cilium.io/v2/cec_types.go:193 msg="CEC unmarshaled XDS Resource" resource="[type.googleapis.com/envoy.config.listener.v3.Listener]:  {\n  name:  \"listener\"\n  filter_chains:  {\n    filter_chain_match:  {\n      transport_protocol:  \"raw_buffer\"\n    }\n    filters:  {\n      name:  \"envoy.filters.network.http_connection_manager\"\n      typed_config:  {\n        [type.googleapis.com/envoy.extensions.filters.network.http_connection_manager.v3.HttpConnectionManager]:  {\n          stat_prefix:  \"listener-insecure\"\n          rds:  {\n            route_config_name:  \"listener-insecure\"\n          }\n          http_filters:  {\n            name:  \"envoy.filters.http.grpc_web\"\n            typed_config:  {\n              [type.googleapis.com/envoy.extensions.filters.http.grpc_web.v3.GrpcWeb]:  {}\n            }\n          }\n          http_filters:  {\n            name:  \"envoy.filters.http.grpc_stats\"\n            typed_config:  {\n              [type.googleapis.com/envoy.extensions.filters.http.grpc_stats.v3.FilterConfig]:  {\n                emit_filter_state:  true\n                enable_upstream_stats:  true\n              }\n            }\n          }\n          http_filters:  {\n            name:  \"envoy.filters.http.router\"\n            typed_config:  {\n              [type.googleapis.com/envoy.extensions.filters.http.router.v3.Router]:  {}\n            }\n          }\n          common_http_protocol_options:  {\n            max_stream_duration:  {}\n          }\n          stream_idle_timeout:  {\n            seconds:  300\n          }\n          use_remote_address:  {\n            value:  true\n          }\n          internal_address_config:  {\n            cidr_ranges:  {\n              address_prefix:  \"10.0.0.0\"\n              prefix_len:  {\n                value:  8\n              }\n            }\n            cidr_ranges:  {\n              address_prefix:  \"172.16.0.0\"\n              prefix_len:  {\n                value:  12\n              }\n            }\n            cidr_ranges:  {\n              address_prefix:  \"192.168.0.0\"\n              prefix_len:  {\n                value:  16\n              }\n            }\n            cidr_ranges:  {\n              address_prefix:  \"127.0.0.1\"\n              prefix_len:  {\n                value:  32\n              }\n            }\n          }\n          upgrade_configs:  {\n            upgrade_type:  \"websocket\"\n          }\n        }\n      }\n    }\n  }\n  listener_filters:  {\n    name:  \"envoy.filters.listener.tls_inspector\"\n    typed_config:  {\n      [type.googleapis.com/envoy.extensions.filters.listener.tls_inspector.v3.TlsInspector]:  {}\n    }\n  }\n  socket_options:  {\n    description:  \"Enable TCP keep-alive (default to enabled)\"\n    level:  1\n    name:  9\n    int_value:  1\n  }\n  socket_options:  {\n    description:  \"TCP keep-alive idle time (in seconds) (defaults to 10s)\"\n    level:  6\n    name:  4\n    int_value:  10\n  }\n  socket_options:  {\n    description:  \"TCP keep-alive probe intervals (in seconds) (defaults to 5s)\"\n    level:  6\n    name:  5\n    int_value:  5\n  }\n  socket_options:  {\n    description:  \"TCP keep-alive probe max failures.\"\n    level:  6\n    name:  6\n    int_value:  10\n  }\n}\n"
time=2026-03-08T08:15:28.131605236Z level=debug source=/go/src/github.com/cilium/cilium/pkg/k8s/apis/cilium.io/v2/cec_types.go:193 msg="CEC unmarshaled XDS Resource" resource="[type.googleapis.com/envoy.config.route.v3.RouteConfiguration]:  {\n  name:  \"listener-insecure\"\n  virtual_hosts:  {\n    name:  \"abc.example.com\"\n    domains:  \"abc.example.com\"\n    domains:  \"abc.example.com:*\"\n    routes:  {\n      match:  {\n        path:  \"/backendtlspolicy-nonexistent-ca-certificate-ref\"\n      }\n      direct_response:  {\n        status:  500\n        body:  {\n          inline_string:  \"\"\n        }\n      }\n    }\n    routes:  {\n      match:  {\n        path:  \"/backendtlspolicy-malformed-ca-certificate-ref\"\n      }\n      direct_response:  {\n        status:  500\n        body:  {\n          inline_string:  \"\"\n        }\n      }\n    }\n  }\n}\n"
time=2026-03-08T08:15:28.131642376Z level=info source=/go/src/github.com/cilium/cilium/operator/pkg/gateway-api/gateway_reconcile.go:458 msg="Checking address status for Gateway" module=operator.operator-controlplane.leader-lifecycle.gateway-api controller=gateway resource=gateway-conformance-infra/same-namespace
time=2026-03-08T08:15:28.131693126Z level=info source=/go/src/github.com/cilium/cilium/operator/pkg/gateway-api/gateway_reconcile.go:494 msg="At least one valid address, marking gateway programmed" module=operator.operator-controlplane.leader-lifecycle.gateway-api controller=gateway resource=gateway-conformance-infra/same-namespace
time=2026-03-08T08:15:28.131774186Z level=debug source=/go/src/github.com/cilium/cilium/pkg/k8s/apis/cilium.io/v2/cec_types.go:193 msg="CEC unmarshaled XDS Resource" resource="[type.googleapis.com/envoy.config.listener.v3.Listener]:  {\n  name:  \"listener\"\n  filter_chains:  {\n    filter_chain_match:  {\n      transport_protocol:  \"raw_buffer\"\n    }\n    filters:  {\n      name:  \"envoy.filters.network.http_connection_manager\"\n      typed_config:  {\n        [type.googleapis.com/envoy.extensions.filters.network.http_connection_manager.v3.HttpConnectionManager]:  {\n          stat_prefix:  \"listener-insecure\"\n          rds:  {\n            route_config_name:  \"listener-insecure\"\n          }\n          http_filters:  {\n            name:  \"envoy.filters.http.grpc_web\"\n            typed_config:  {\n              [type.googleapis.com/envoy.extensions.filters.http.grpc_web.v3.GrpcWeb]:  {}\n            }\n          }\n          http_filters:  {\n            name:  \"envoy.filters.http.grpc_stats\"\n            typed_config:  {\n              [type.googleapis.com/envoy.extensions.filters.http.grpc_stats.v3.FilterConfig]:  {\n                emit_filter_state:  true\n                enable_upstream_stats:  true\n              }\n            }\n          }\n          http_filters:  {\n            name:  \"envoy.filters.http.router\"\n            typed_config:  {\n              [type.googleapis.com/envoy.extensions.filters.http.router.v3.Router]:  {}\n            }\n          }\n          common_http_protocol_options:  {\n            max_stream_duration:  {}\n          }\n          stream_idle_timeout:  {\n            seconds:  300\n          }\n          use_remote_address:  {\n            value:  true\n          }\n          internal_address_config:  {\n            cidr_ranges:  {\n              address_prefix:  \"10.0.0.0\"\n              prefix_len:  {\n                value:  8\n              }\n            }\n            cidr_ranges:  {\n              address_prefix:  \"172.16.0.0\"\n              prefix_len:  {\n                value:  12\n              }\n            }\n            cidr_ranges:  {\n              address_prefix:  \"192.168.0.0\"\n              prefix_len:  {\n                value:  16\n              }\n            }\n            cidr_ranges:  {\n              address_prefix:  \"127.0.0.1\"\n              prefix_len:  {\n                value:  32\n              }\n            }\n          }\n          upgrade_configs:  {\n            upgrade_type:  \"websocket\"\n          }\n        }\n      }\n    }\n  }\n  listener_filters:  {\n    name:  \"envoy.filters.listener.tls_inspector\"\n    typed_config:  {\n      [type.googleapis.com/envoy.extensions.filters.listener.tls_inspector.v3.TlsInspector]:  {}\n    }\n  }\n  socket_options:  {\n    description:  \"Enable TCP keep-alive (default to enabled)\"\n    level:  1\n    name:  9\n    int_value:  1\n  }\n  socket_options:  {\n    description:  \"TCP keep-alive idle time (in seconds) (defaults to 10s)\"\n    level:  6\n    name:  4\n    int_value:  10\n  }\n  socket_options:  {\n    description:  \"TCP keep-alive probe intervals (in seconds) (defaults to 5s)\"\n    level:  6\n    name:  5\n    int_value:  5\n  }\n  socket_options:  {\n    description:  \"TCP keep-alive probe max failures.\"\n    level:  6\n    name:  6\n    int_value:  10\n  }\n}\n"
time=2026-03-08T08:15:28.131998026Z level=debug source=/go/src/github.com/cilium/cilium/pkg/k8s/apis/cilium.io/v2/cec_types.go:193 msg="CEC unmarshaled XDS Resource" resource="[type.googleapis.com/envoy.config.route.v3.RouteConfiguration]:  {\n  name:  \"listener-insecure\"\n  virtual_hosts:  {\n    name:  \"abc.example.com\"\n    domains:  \"abc.example.com\"\n    domains:  \"abc.example.com:*\"\n    routes:  {\n      match:  {\n        path:  \"/backendtlspolicy-nonexistent-ca-certificate-ref\"\n      }\n      direct_response:  {\n        status:  500\n        body:  {\n          inline_string:  \"\"\n        }\n      }\n    }\n    routes:  {\n      match:  {\n        path:  \"/backendtlspolicy-malformed-ca-certificate-ref\"\n      }\n      direct_response:  {\n        status:  500\n        body:  {\n          inline_string:  \"\"\n        }\n      }\n    }\n  }\n}\n"
time=2026-03-08T08:15:28.134279466Z level=info source=/go/src/github.com/cilium/cilium/operator/pkg/gateway-api/gamma_reconcile.go:46 msg="Reconciling GAMMA service" module=operator.operator-controlplane.leader-lifecycle.gateway-api controller=gamma resource=gateway-conformance-infra/backendtlspolicy-malformed-ca-certificate-ref-test
time=2026-03-08T08:15:28.134408416Z level=debug source=/go/src/github.com/cilium/cilium/operator/pkg/lbipam/lbipam.go:1646 msg="Updating pool counts" module=operator.operator-controlplane.leader-lifecycle.lbipam
time=2026-03-08T08:15:28.141528999Z level=info source=/go/src/github.com/cilium/cilium/operator/pkg/gateway-api/gateway_reconcile.go:262 msg="Successfully reconciled Gateway" module=operator.operator-controlplane.leader-lifecycle.gateway-api controller=gateway resource=gateway-conformance-infra/same-namespace
time=2026-03-08T08:15:28.141632369Z level=info source=/go/src/github.com/cilium/cilium/operator/pkg/gateway-api/gateway_reconcile.go:55 msg="Reconciling Gateway" module=operator.operator-controlplane.leader-lifecycle.gateway-api controller=gateway resource=gateway-conformance-infra/same-namespace
time=2026-03-08T08:15:28.141843229Z level=debug source=/go/src/github.com/cilium/cilium/operator/pkg/gateway-api/gateway_reconcile.go:870 msg="Updating HTTPRoute statuses for Gateway" module=operator.operator-controlplane.leader-lifecycle.gateway-api controller=gateway resource=gateway-conformance-infra/same-namespace numRoutes=1
time=2026-03-08T08:15:28.142193959Z level=debug source=/go/src/github.com/cilium/cilium/operator/pkg/gateway-api/gateway_reconcile.go:1234 msg="Updating HTTPRoute status" module=operator.operator-controlplane.leader-lifecycle.gateway-api controller=gateway resource=gateway-conformance-infra/same-namespace httpRoute=gateway-conformance-infra/backendtlspolicy-invalid-ca-certificate-ref
time=2026-03-08T08:15:28.144137349Z level=debug source=/go/src/github.com/cilium/cilium/operator/pkg/gateway-api/secretsync.go:95 msg="Enqueued configmap for backendtlspolicy" module=operator.operator-controlplane.leader-lifecycle.gateway-api resource=nonexistent-ca-certificate-ref configMapName=gateway-conformance-infra/nonexistent-ca-certificate
time=2026-03-08T08:15:28.14421084Z level=debug source=/go/src/github.com/cilium/cilium/operator/pkg/gateway-api/gateway.go:359 msg="BackendTLSPolicy relevant to Gateways" module=operator.operator-controlplane.leader-lifecycle.gateway-api controller=gateway subsys=queue-gw-from-backendtlspolicy resource=gateway-conformance-infra/nonexistent-ca-certificate-ref gateway=[gateway-conformance-infra/same-namespace]
time=2026-03-08T08:15:28.14425202Z level=debug source=/go/src/github.com/cilium/cilium/operator/pkg/secretsync/configmapsync_reconcile.go:32 msg="Reconciling ConfigMap" module=operator.operator-controlplane.leader-lifecycle.secret-sync resource=gateway-conformance-infra/nonexistent-ca-certificate
time=2026-03-08T08:15:28.14429332Z level=debug source=/go/src/github.com/cilium/cilium/operator/pkg/secretsync/configmapsync_reconcile.go:37 msg="Unable to get ConfigMap - either deleted or not yet available" module=operator.operator-controlplane.leader-lifecycle.secret-sync resource=gateway-conformance-infra/nonexistent-ca-certificate error="ConfigMap \"nonexistent-ca-certificate\" not found"
time=2026-03-08T08:15:28.1443281Z level=debug source=/go/src/github.com/cilium/cilium/operator/pkg/secretsync/configmapsync_reconcile.go:51 msg="Successfully reconciled ConfigMap" module=operator.operator-controlplane.leader-lifecycle.secret-sync resource=gateway-conformance-infra/nonexistent-ca-certificate action=ignored
time=2026-03-08T08:15:28.148012861Z level=debug source=/go/src/github.com/cilium/cilium/operator/pkg/gateway-api/gateway_reconcile.go:909 msg="Updating TLSRoute statuses for Gateway" module=operator.operator-controlplane.leader-lifecycle.gateway-api controller=gateway resource=gateway-conformance-infra/same-namespace numRoutes=0
time=2026-03-08T08:15:28.148041461Z level=debug source=/go/src/github.com/cilium/cilium/operator/pkg/gateway-api/gateway_reconcile.go:943 msg="Updating GRPCRoute statuses for Gateway" module=operator.operator-controlplane.leader-lifecycle.gateway-api controller=gateway resource=gateway-conformance-infra/same-namespace numRoutes=0
time=2026-03-08T08:15:28.148056271Z level=debug source=/go/src/github.com/cilium/cilium/operator/pkg/gateway-api/gateway_reconcile.go:982 msg="Updating BackendTLSPolicy statuses for Gateway" module=operator.operator-controlplane.leader-lifecycle.gateway-api controller=gateway resource=gateway-conformance-infra/same-namespace policies=0
time=2026-03-08T08:15:28.148085151Z level=debug source=/go/src/github.com/cilium/cilium/operator/pkg/model/ingestion/gateway.go:389 msg="Checking Backend TLS Details for service" module=operator.operator-controlplane.leader-lifecycle.gateway-api controller=gateway resource=gateway-conformance-infra/same-namespace service=gateway-conformance-infra/backendtlspolicy-nonexistent-ca-certificate-ref-test backend="{Name:backendtlspolicy-nonexistent-ca-certificate-ref-test Namespace:gateway-conformance-infra Port:0x1d27347d58c0 AppProtocol:0x1d2735270fe0 TLS:<nil> Weight:0x1d27338d648c}" port=443
time=2026-03-08T08:15:28.148116451Z level=debug source=/go/src/github.com/cilium/cilium/operator/pkg/model/ingestion/gateway.go:389 msg="Checking Backend TLS Details for service" module=operator.operator-controlplane.leader-lifecycle.gateway-api controller=gateway resource=gateway-conformance-infra/same-namespace service=gateway-conformance-infra/backendtlspolicy-malformed-ca-certificate-ref-test backend="{Name:backendtlspolicy-malformed-ca-certificate-ref-test Namespace:gateway-conformance-infra Port:0x1d27347d58f0 AppProtocol:0x1d2735270c40 TLS:<nil> Weight:0x1d27338d6494}" port=443
time=2026-03-08T08:15:28.148249071Z level=info source=/go/src/github.com/cilium/cilium/operator/pkg/gateway-api/gateway.go:613 msg="Enqueued gateway for Route" module=operator.operator-controlplane.leader-lifecycle.gateway-api controller=gateway resource=gateway-conformance-infra/backendtlspolicy-invalid-ca-certificate-ref k8sNamespace=gateway-conformance-infra parentResource=same-namespace route=backendtlspolicy-invalid-ca-certificate-ref
time=2026-03-08T08:15:28.148300911Z level=info source=/go/src/github.com/cilium/cilium/operator/pkg/gateway-api/gateway.go:613 msg="Enqueued gateway for Route" module=operator.operator-controlplane.leader-lifecycle.gateway-api controller=gateway resource=gateway-conformance-infra/backendtlspolicy-invalid-ca-certificate-ref k8sNamespace=gateway-conformance-infra parentResource=same-namespace route=backendtlspolicy-invalid-ca-certificate-ref
time=2026-03-08T08:15:28.153022023Z level=debug source=/go/src/github.com/cilium/cilium/operator/pkg/gateway-api/secretsync.go:95 msg="Enqueued configmap for backendtlspolicy" module=operator.operator-controlplane.leader-lifecycle.gateway-api resource=malformed-ca-certificate-ref configMapName=gateway-conformance-infra/malformed-ca-certificate
time=2026-03-08T08:15:28.153035172Z level=debug source=/go/src/github.com/cilium/cilium/operator/pkg/gateway-api/gateway.go:359 msg="BackendTLSPolicy relevant to Gateways" module=operator.operator-controlplane.leader-lifecycle.gateway-api controller=gateway subsys=queue-gw-from-backendtlspolicy resource=gateway-conformance-infra/malformed-ca-certificate-ref gateway=[gateway-conformance-infra/same-namespace]
time=2026-03-08T08:15:28.153152972Z level=debug source=/go/src/github.com/cilium/cilium/operator/pkg/secretsync/configmapsync_reconcile.go:32 msg="Reconciling ConfigMap" module=operator.operator-controlplane.leader-lifecycle.secret-sync resource=gateway-conformance-infra/malformed-ca-certificate
time=2026-03-08T08:15:28.153202312Z level=debug source=/go/src/github.com/cilium/cilium/operator/pkg/secretsync/configmapsync_reconcile.go:37 msg="Unable to get ConfigMap - either deleted or not yet available" module=operator.operator-controlplane.leader-lifecycle.secret-sync resource=gateway-conformance-infra/malformed-ca-certificate error="ConfigMap \"malformed-ca-certificate\" not found"
time=2026-03-08T08:15:28.153236972Z level=debug source=/go/src/github.com/cilium/cilium/operator/pkg/secretsync/configmapsync_reconcile.go:51 msg="Successfully reconciled ConfigMap" module=operator.operator-controlplane.leader-lifecycle.secret-sync resource=gateway-conformance-infra/malformed-ca-certificate action=ignored
time=2026-03-08T08:15:28.160043415Z level=debug source=/go/src/github.com/cilium/cilium/operator/pkg/secretsync/configmapsync_reconcile.go:32 msg="Reconciling ConfigMap" module=operator.operator-controlplane.leader-lifecycle.secret-sync resource=gateway-conformance-infra/malformed-ca-certificate
time=2026-03-08T08:15:28.160104825Z level=debug source=/go/src/github.com/cilium/cilium/operator/pkg/secretsync/configmapsync_reconcile.go:102 msg="Successfully reconciled ConfigMap" module=operator.operator-controlplane.leader-lifecycle.secret-sync resource=gateway-conformance-infra/malformed-ca-certificate action=ignored
time=2026-03-08T08:15:28.160119675Z level=debug source=/go/src/github.com/cilium/cilium/operator/pkg/gateway-api/gateway.go:434 msg="ConfigMap in BackendTLSPolicy relevant to Gateways" module=operator.operator-controlplane.leader-lifecycle.gateway-api controller=gateway subsys=queue-gw-from-backendtlspolicy-configmap resource=gateway-conformance-infra/malformed-ca-certificate gateway=[gateway-conformance-infra/same-namespace]
time=2026-03-08T08:15:28.171357009Z level=debug source=/go/src/github.com/cilium/cilium/pkg/k8s/apis/cilium.io/v2/cec_types.go:193 msg="CEC unmarshaled XDS Resource" resource="[type.googleapis.com/envoy.config.listener.v3.Listener]:  {\n  name:  \"listener\"\n  filter_chains:  {\n    filter_chain_match:  {\n      transport_protocol:  \"raw_buffer\"\n    }\n    filters:  {\n      name:  \"envoy.filters.network.http_connection_manager\"\n      typed_config:  {\n        [type.googleapis.com/envoy.extensions.filters.network.http_connection_manager.v3.HttpConnectionManager]:  {\n          stat_prefix:  \"listener-insecure\"\n          rds:  {\n            route_config_name:  \"listener-insecure\"\n          }\n          http_filters:  {\n            name:  \"envoy.filters.http.grpc_web\"\n            typed_config:  {\n              [type.googleapis.com/envoy.extensions.filters.http.grpc_web.v3.GrpcWeb]:  {}\n            }\n          }\n          http_filters:  {\n            name:  \"envoy.filters.http.grpc_stats\"\n            typed_config:  {\n              [type.googleapis.com/envoy.extensions.filters.http.grpc_stats.v3.FilterConfig]:  {\n                emit_filter_state:  true\n                enable_upstream_stats:  true\n              }\n            }\n          }\n          http_filters:  {\n            name:  \"envoy.filters.http.router\"\n            typed_config:  {\n              [type.googleapis.com/envoy.extensions.filters.http.router.v3.Router]:  {}\n            }\n          }\n          common_http_protocol_options:  {\n            max_stream_duration:  {}\n          }\n          stream_idle_timeout:  {\n            seconds:  300\n          }\n          use_remote_address:  {\n            value:  true\n          }\n          internal_address_config:  {\n            cidr_ranges:  {\n              address_prefix:  \"10.0.0.0\"\n              prefix_len:  {\n                value:  8\n              }\n            }\n            cidr_ranges:  {\n              address_prefix:  \"172.16.0.0\"\n              prefix_len:  {\n                value:  12\n              }\n            }\n            cidr_ranges:  {\n              address_prefix:  \"192.168.0.0\"\n              prefix_len:  {\n                value:  16\n              }\n            }\n            cidr_ranges:  {\n              address_prefix:  \"127.0.0.1\"\n              prefix_len:  {\n                value:  32\n              }\n            }\n          }\n          upgrade_configs:  {\n            upgrade_type:  \"websocket\"\n          }\n        }\n      }\n    }\n  }\n  listener_filters:  {\n    name:  \"envoy.filters.listener.tls_inspector\"\n    typed_config:  {\n      [type.googleapis.com/envoy.extensions.filters.listener.tls_inspector.v3.TlsInspector]:  {}\n    }\n  }\n  socket_options:  {\n    description:  \"Enable TCP keep-alive (default to enabled)\"\n    level:  1\n    name:  9\n    int_value:  1\n  }\n  socket_options:  {\n    description:  \"TCP keep-alive idle time (in seconds) (defaults to 10s)\"\n    level:  6\n    name:  4\n    int_value:  10\n  }\n  socket_options:  {\n    description:  \"TCP keep-alive probe intervals (in seconds) (defaults to 5s)\"\n    level:  6\n    name:  5\n    int_value:  5\n  }\n  socket_options:  {\n    description:  \"TCP keep-alive probe max failures.\"\n    level:  6\n    name:  6\n    int_value:  10\n  }\n}\n"
time=2026-03-08T08:15:28.171568729Z level=debug source=/go/src/github.com/cilium/cilium/pkg/k8s/apis/cilium.io/v2/cec_types.go:193 msg="CEC unmarshaled XDS Resource" resource="[type.googleapis.com/envoy.config.route.v3.RouteConfiguration]:  {\n  name:  \"listener-insecure\"\n  virtual_hosts:  {\n    name:  \"abc.example.com\"\n    domains:  \"abc.example.com\"\n    domains:  \"abc.example.com:*\"\n    routes:  {\n      match:  {\n        path:  \"/backendtlspolicy-nonexistent-ca-certificate-ref\"\n      }\n      route:  {\n        cluster:  \"gateway-conformance-infra:backendtlspolicy-nonexistent-ca-certificate-ref-test:443\"\n        max_stream_duration:  {\n          max_stream_duration:  {}\n        }\n      }\n    }\n    routes:  {\n      match:  {\n        path:  \"/backendtlspolicy-malformed-ca-certificate-ref\"\n      }\n      route:  {\n        cluster:  \"gateway-conformance-infra:backendtlspolicy-malformed-ca-certificate-ref-test:443\"\n        max_stream_duration:  {\n          max_stream_duration:  {}\n        }\n      }\n    }\n  }\n}\n"
time=2026-03-08T08:15:28.171619579Z level=debug source=/go/src/github.com/cilium/cilium/pkg/k8s/apis/cilium.io/v2/cec_types.go:193 msg="CEC unmarshaled XDS Resource" resource="[type.googleapis.com/envoy.config.listener.v3.Listener]:  {\n  name:  \"listener\"\n  filter_chains:  {\n    filter_chain_match:  {\n      transport_protocol:  \"raw_buffer\"\n    }\n    filters:  {\n      name:  \"envoy.filters.network.http_connection_manager\"\n      typed_config:  {\n        [type.googleapis.com/envoy.extensions.filters.network.http_connection_manager.v3.HttpConnectionManager]:  {\n          stat_prefix:  \"listener-insecure\"\n          rds:  {\n            route_config_name:  \"listener-insecure\"\n          }\n          http_filters:  {\n            name:  \"envoy.filters.http.grpc_web\"\n            typed_config:  {\n              [type.googleapis.com/envoy.extensions.filters.http.grpc_web.v3.GrpcWeb]:  {}\n            }\n          }\n          http_filters:  {\n            name:  \"envoy.filters.http.grpc_stats\"\n            typed_config:  {\n              [type.googleapis.com/envoy.extensions.filters.http.grpc_stats.v3.FilterConfig]:  {\n                emit_filter_state:  true\n                enable_upstream_stats:  true\n              }\n            }\n          }\n          http_filters:  {\n            name:  \"envoy.filters.http.router\"\n            typed_config:  {\n              [type.googleapis.com/envoy.extensions.filters.http.router.v3.Router]:  {}\n            }\n          }\n          common_http_protocol_options:  {\n            max_stream_duration:  {}\n          }\n          stream_idle_timeout:  {\n            seconds:  300\n          }\n          use_remote_address:  {\n            value:  true\n          }\n          internal_address_config:  {\n            cidr_ranges:  {\n              address_prefix:  \"10.0.0.0\"\n              prefix_len:  {\n                value:  8\n              }\n            }\n            cidr_ranges:  {\n              address_prefix:  \"172.16.0.0\"\n              prefix_len:  {\n                value:  12\n              }\n            }\n            cidr_ranges:  {\n              address_prefix:  \"192.168.0.0\"\n              prefix_len:  {\n                value:  16\n              }\n            }\n            cidr_ranges:  {\n              address_prefix:  \"127.0.0.1\"\n              prefix_len:  {\n                value:  32\n              }\n            }\n          }\n          upgrade_configs:  {\n            upgrade_type:  \"websocket\"\n          }\n        }\n      }\n    }\n  }\n  listener_filters:  {\n    name:  \"envoy.filters.listener.tls_inspector\"\n    typed_config:  {\n      [type.googleapis.com/envoy.extensions.filters.listener.tls_inspector.v3.TlsInspector]:  {}\n    }\n  }\n  socket_options:  {\n    description:  \"Enable TCP keep-alive (default to enabled)\"\n    level:  1\n    name:  9\n    int_value:  1\n  }\n  socket_options:  {\n    description:  \"TCP keep-alive idle time (in seconds) (defaults to 10s)\"\n    level:  6\n    name:  4\n    int_value:  10\n  }\n  socket_options:  {\n    description:  \"TCP keep-alive probe intervals (in seconds) (defaults to 5s)\"\n    level:  6\n    name:  5\n    int_value:  5\n  }\n  socket_options:  {\n    description:  \"TCP keep-alive probe max failures.\"\n    level:  6\n    name:  6\n    int_value:  10\n  }\n}\n"
time=2026-03-08T08:15:28.171721029Z level=debug source=/go/src/github.com/cilium/cilium/pkg/k8s/apis/cilium.io/v2/cec_types.go:193 msg="CEC unmarshaled XDS Resource" resource="[type.googleapis.com/envoy.config.cluster.v3.Cluster]:  {\n  name:  \"gateway-conformance-infra:backendtlspolicy-malformed-ca-certificate-ref-test:443\"\n  type:  EDS\n  eds_cluster_config:  {\n    service_name:  \"gateway-conformance-infra/backendtlspolicy-malformed-ca-certificate-ref-test:443\"\n  }\n  typed_extension_protocol_options:  {\n    key:  \"envoy.extensions.upstreams.http.v3.HttpProtocolOptions\"\n    value:  {\n      [type.googleapis.com/envoy.extensions.upstreams.http.v3.HttpProtocolOptions]:  {\n        common_http_protocol_options:  {\n          idle_timeout:  {\n            seconds:  60\n          }\n        }\n        use_downstream_protocol_config:  {\n          http2_protocol_options:  {}\n        }\n      }\n    }\n  }\n  outlier_detection:  {\n    split_external_local_origin_errors:  true\n  }\n}\n"
time=2026-03-08T08:15:28.171796319Z level=debug source=/go/src/github.com/cilium/cilium/pkg/k8s/apis/cilium.io/v2/cec_types.go:193 msg="CEC unmarshaled XDS Resource" resource="[type.googleapis.com/envoy.config.cluster.v3.Cluster]:  {\n  name:  \"gateway-conformance-infra:backendtlspolicy-nonexistent-ca-certificate-ref-test:443\"\n  type:  EDS\n  eds_cluster_config:  {\n    service_name:  \"gateway-conformance-infra/backendtlspolicy-nonexistent-ca-certificate-ref-test:443\"\n  }\n  typed_extension_protocol_options:  {\n    key:  \"envoy.extensions.upstreams.http.v3.HttpProtocolOptions\"\n    value:  {\n      [type.googleapis.com/envoy.extensions.upstreams.http.v3.HttpProtocolOptions]:  {\n        common_http_protocol_options:  {\n          idle_timeout:  {\n            seconds:  60\n          }\n        }\n        use_downstream_protocol_config:  {\n          http2_protocol_options:  {}\n        }\n      }\n    }\n  }\n  outlier_detection:  {\n    split_external_local_origin_errors:  true\n  }\n}\n"
time=2026-03-08T08:15:28.171812919Z level=debug source=/go/src/github.com/cilium/cilium/pkg/k8s/apis/cilium.io/v2/cec_types.go:193 msg="CEC unmarshaled XDS Resource" resource="[type.googleapis.com/envoy.config.route.v3.RouteConfiguration]:  {\n  name:  \"listener-insecure\"\n  virtual_hosts:  {\n    name:  \"abc.example.com\"\n    domains:  \"abc.example.com\"\n    domains:  \"abc.example.com:*\"\n    routes:  {\n      match:  {\n        path:  \"/backendtlspolicy-nonexistent-ca-certificate-ref\"\n      }\n      route:  {\n        cluster:  \"gateway-conformance-infra:backendtlspolicy-nonexistent-ca-certificate-ref-test:443\"\n        max_stream_duration:  {\n          max_stream_duration:  {}\n        }\n      }\n    }\n    routes:  {\n      match:  {\n        path:  \"/backendtlspolicy-malformed-ca-certificate-ref\"\n      }\n      route:  {\n        cluster:  \"gateway-conformance-infra:backendtlspolicy-malformed-ca-certificate-ref-test:443\"\n        max_stream_duration:  {\n          max_stream_duration:  {}\n        }\n      }\n    }\n  }\n}\n"
time=2026-03-08T08:15:28.171839949Z level=info source=/go/src/github.com/cilium/cilium/operator/pkg/gateway-api/gateway_reconcile.go:458 msg="Checking address status for Gateway" module=operator.operator-controlplane.leader-lifecycle.gateway-api controller=gateway resource=gateway-conformance-infra/same-namespace
time=2026-03-08T08:15:28.171889659Z level=info source=/go/src/github.com/cilium/cilium/operator/pkg/gateway-api/gateway_reconcile.go:494 msg="At least one valid address, marking gateway programmed" module=operator.operator-controlplane.leader-lifecycle.gateway-api controller=gateway resource=gateway-conformance-infra/same-namespace
time=2026-03-08T08:15:28.171950299Z level=debug source=/go/src/github.com/cilium/cilium/pkg/k8s/apis/cilium.io/v2/cec_types.go:193 msg="CEC unmarshaled XDS Resource" resource="[type.googleapis.com/envoy.config.cluster.v3.Cluster]:  {\n  name:  \"gateway-conformance-infra:backendtlspolicy-malformed-ca-certificate-ref-test:443\"\n  type:  EDS\n  eds_cluster_config:  {\n    service_name:  \"gateway-conformance-infra/backendtlspolicy-malformed-ca-certificate-ref-test:443\"\n  }\n  typed_extension_protocol_options:  {\n    key:  \"envoy.extensions.upstreams.http.v3.HttpProtocolOptions\"\n    value:  {\n      [type.googleapis.com/envoy.extensions.upstreams.http.v3.HttpProtocolOptions]:  {\n        common_http_protocol_options:  {\n          idle_timeout:  {\n            seconds:  60\n          }\n        }\n        use_downstream_protocol_config:  {\n          http2_protocol_options:  {}\n        }\n      }\n    }\n  }\n  outlier_detection:  {\n    split_external_local_origin_errors:  true\n  }\n}\n"
time=2026-03-08T08:15:28.172002029Z level=info source=/go/src/github.com/cilium/cilium/operator/pkg/gateway-api/gateway_reconcile.go:262 msg="Successfully reconciled Gateway" module=operator.operator-controlplane.leader-lifecycle.gateway-api controller=gateway resource=gateway-conformance-infra/same-namespace
time=2026-03-08T08:15:28.172035119Z level=debug source=/go/src/github.com/cilium/cilium/pkg/k8s/apis/cilium.io/v2/cec_types.go:193 msg="CEC unmarshaled XDS Resource" resource="[type.googleapis.com/envoy.config.cluster.v3.Cluster]:  {\n  name:  \"gateway-conformance-infra:backendtlspolicy-nonexistent-ca-certificate-ref-test:443\"\n  type:  EDS\n  eds_cluster_config:  {\n    service_name:  \"gateway-conformance-infra/backendtlspolicy-nonexistent-ca-certificate-ref-test:443\"\n  }\n  typed_extension_protocol_options:  {\n    key:  \"envoy.extensions.upstreams.http.v3.HttpProtocolOptions\"\n    value:  {\n      [type.googleapis.com/envoy.extensions.upstreams.http.v3.HttpProtocolOptions]:  {\n        common_http_protocol_options:  {\n          idle_timeout:  {\n            seconds:  60\n          }\n        }\n        use_downstream_protocol_config:  {\n          http2_protocol_options:  {}\n        }\n      }\n    }\n  }\n  outlier_detection:  {\n    split_external_local_origin_errors:  true\n  }\n}\n"
time=2026-03-08T08:15:28.172062169Z level=info source=/go/src/github.com/cilium/cilium/operator/pkg/gateway-api/gateway_reconcile.go:55 msg="Reconciling Gateway" module=operator.operator-controlplane.leader-lifecycle.gateway-api controller=gateway resource=gateway-conformance-infra/same-namespace
time=2026-03-08T08:15:28.172259809Z level=debug source=/go/src/github.com/cilium/cilium/operator/pkg/gateway-api/gateway_reconcile.go:870 msg="Updating HTTPRoute statuses for Gateway" module=operator.operator-controlplane.leader-lifecycle.gateway-api controller=gateway resource=gateway-conformance-infra/same-namespace numRoutes=1
time=2026-03-08T08:15:28.172474399Z level=debug source=/go/src/github.com/cilium/cilium/operator/pkg/gateway-api/gateway_reconcile.go:909 msg="Updating TLSRoute statuses for Gateway" module=operator.operator-controlplane.leader-lifecycle.gateway-api controller=gateway resource=gateway-conformance-infra/same-namespace numRoutes=0
time=2026-03-08T08:15:28.172493969Z level=debug source=/go/src/github.com/cilium/cilium/operator/pkg/gateway-api/gateway_reconcile.go:943 msg="Updating GRPCRoute statuses for Gateway" module=operator.operator-controlplane.leader-lifecycle.gateway-api controller=gateway resource=gateway-conformance-infra/same-namespace numRoutes=0
time=2026-03-08T08:15:28.172507879Z level=debug source=/go/src/github.com/cilium/cilium/operator/pkg/gateway-api/gateway_reconcile.go:982 msg="Updating BackendTLSPolicy statuses for Gateway" module=operator.operator-controlplane.leader-lifecycle.gateway-api controller=gateway resource=gateway-conformance-infra/same-namespace policies=2
time=2026-03-08T08:15:28.172549449Z level=debug source=/go/src/github.com/cilium/cilium/operator/pkg/gateway-api/gateway_reconcile.go:1169 msg="Validating BackendTLSPolicy spec" module=operator.operator-controlplane.leader-lifecycle.gateway-api controller=gateway resource=gateway-conformance-infra/same-namespace backendTLSPolicyName=gateway-conformance-infra/nonexistent-ca-certificate-ref
time=2026-03-08T08:15:28.172580029Z level=debug source=/go/src/github.com/cilium/cilium/operator/pkg/gateway-api/gateway_reconcile.go:1281 msg="BackendTLSPolicy status" module=operator.operator-controlplane.leader-lifecycle.gateway-api controller=gateway resource=gateway-conformance-infra/same-namespace BackendTLSPolicy=gateway-conformance-infra/nonexistent-ca-certificate-ref
time=2026-03-08T08:15:28.179173701Z level=debug source=/go/src/github.com/cilium/cilium/operator/pkg/gateway-api/secretsync.go:95 msg="Enqueued configmap for backendtlspolicy" module=operator.operator-controlplane.leader-lifecycle.gateway-api resource=nonexistent-ca-certificate-ref configMapName=gateway-conformance-infra/nonexistent-ca-certificate
time=2026-03-08T08:15:28.179224271Z level=debug source=/go/src/github.com/cilium/cilium/operator/pkg/gateway-api/secretsync.go:95 msg="Enqueued configmap for backendtlspolicy" module=operator.operator-controlplane.leader-lifecycle.gateway-api resource=nonexistent-ca-certificate-ref configMapName=gateway-conformance-infra/nonexistent-ca-certificate
time=2026-03-08T08:15:28.179309571Z level=debug source=/go/src/github.com/cilium/cilium/operator/pkg/secretsync/configmapsync_reconcile.go:32 msg="Reconciling ConfigMap" module=operator.operator-controlplane.leader-lifecycle.secret-sync resource=gateway-conformance-infra/nonexistent-ca-certificate
time=2026-03-08T08:15:28.179221031Z level=debug source=/go/src/github.com/cilium/cilium/operator/pkg/gateway-api/gateway.go:359 msg="BackendTLSPolicy relevant to Gateways" module=operator.operator-controlplane.leader-lifecycle.gateway-api controller=gateway subsys=queue-gw-from-backendtlspolicy resource=gateway-conformance-infra/nonexistent-ca-certificate-ref gateway=[gateway-conformance-infra/same-namespace]
time=2026-03-08T08:15:28.179335001Z level=debug source=/go/src/github.com/cilium/cilium/operator/pkg/secretsync/configmapsync_reconcile.go:37 msg="Unable to get ConfigMap - either deleted or not yet available" module=operator.operator-controlplane.leader-lifecycle.secret-sync resource=gateway-conformance-infra/nonexistent-ca-certificate error="ConfigMap \"nonexistent-ca-certificate\" not found"
time=2026-03-08T08:15:28.179354651Z level=debug source=/go/src/github.com/cilium/cilium/operator/pkg/secretsync/configmapsync_reconcile.go:51 msg="Successfully reconciled ConfigMap" module=operator.operator-controlplane.leader-lifecycle.secret-sync resource=gateway-conformance-infra/nonexistent-ca-certificate action=ignored
time=2026-03-08T08:15:28.179376181Z level=debug source=/go/src/github.com/cilium/cilium/operator/pkg/gateway-api/gateway_reconcile.go:1169 msg="Validating BackendTLSPolicy spec" module=operator.operator-controlplane.leader-lifecycle.gateway-api controller=gateway resource=gateway-conformance-infra/same-namespace backendTLSPolicyName=gateway-conformance-infra/malformed-ca-certificate-ref
time=2026-03-08T08:15:28.179454091Z level=debug source=/go/src/github.com/cilium/cilium/operator/pkg/gateway-api/gateway_reconcile.go:1281 msg="BackendTLSPolicy status" module=operator.operator-controlplane.leader-lifecycle.gateway-api controller=gateway resource=gateway-conformance-infra/same-namespace BackendTLSPolicy=gateway-conformance-infra/malformed-ca-certificate-ref
time=2026-03-08T08:15:28.179402161Z level=debug source=/go/src/github.com/cilium/cilium/operator/pkg/gateway-api/gateway.go:359 msg="BackendTLSPolicy relevant to Gateways" module=operator.operator-controlplane.leader-lifecycle.gateway-api controller=gateway subsys=queue-gw-from-backendtlspolicy resource=gateway-conformance-infra/nonexistent-ca-certificate-ref gateway=[gateway-conformance-infra/same-namespace]
time=2026-03-08T08:15:28.184889593Z level=debug source=/go/src/github.com/cilium/cilium/operator/pkg/model/ingestion/gateway.go:389 msg="Checking Backend TLS Details for service" module=operator.operator-controlplane.leader-lifecycle.gateway-api controller=gateway resource=gateway-conformance-infra/same-namespace service=gateway-conformance-infra/backendtlspolicy-nonexistent-ca-certificate-ref-test backend="{Name:backendtlspolicy-nonexistent-ca-certificate-ref-test Namespace:gateway-conformance-infra Port:0x1d27332da8d0 AppProtocol:0x1d2735371610 TLS:<nil> Weight:0x1d273396c2e4}" port=443
time=2026-03-08T08:15:28.184942763Z level=debug source=/go/src/github.com/cilium/cilium/operator/pkg/model/ingestion/gateway.go:421 msg="Checking valid BTLSP on port" module=operator.operator-controlplane.leader-lifecycle.gateway-api controller=gateway resource=gateway-conformance-infra/same-namespace service=gateway-conformance-infra/backendtlspolicy-nonexistent-ca-certificate-ref-test backendTLSPolicyName=nonexistent-ca-certificate-ref port=https section=""
time=2026-03-08T08:15:28.184954343Z level=debug source=/go/src/github.com/cilium/cilium/operator/pkg/model/ingestion/gateway.go:442 msg="Got a match for valid BTLSP on all ports, adding" module=operator.operator-controlplane.leader-lifecycle.gateway-api controller=gateway resource=gateway-conformance-infra/same-namespace service=gateway-conformance-infra/backendtlspolicy-nonexistent-ca-certificate-ref-test backendTLSPolicyName=nonexistent-ca-certificate-ref port=https section=""
time=2026-03-08T08:15:28.184983173Z level=debug source=/go/src/github.com/cilium/cilium/operator/pkg/model/ingestion/gateway.go:389 msg="Checking Backend TLS Details for service" module=operator.operator-controlplane.leader-lifecycle.gateway-api controller=gateway resource=gateway-conformance-infra/same-namespace service=gateway-conformance-infra/backendtlspolicy-malformed-ca-certificate-ref-test backend="{Name:backendtlspolicy-malformed-ca-certificate-ref-test Namespace:gateway-conformance-infra Port:0x1d27332da990 AppProtocol:0x1d27353719f0 TLS:<nil> Weight:0x1d273396c2ec}" port=443
time=2026-03-08T08:15:28.185000053Z level=debug source=/go/src/github.com/cilium/cilium/operator/pkg/model/ingestion/gateway.go:421 msg="Checking valid BTLSP on port" module=operator.operator-controlplane.leader-lifecycle.gateway-api controller=gateway resource=gateway-conformance-infra/same-namespace service=gateway-conformance-infra/backendtlspolicy-malformed-ca-certificate-ref-test backendTLSPolicyName=malformed-ca-certificate-ref port=https section=""
time=2026-03-08T08:15:28.185007873Z level=debug source=/go/src/github.com/cilium/cilium/operator/pkg/model/ingestion/gateway.go:442 msg="Got a match for valid BTLSP on all ports, adding" module=operator.operator-controlplane.leader-lifecycle.gateway-api controller=gateway resource=gateway-conformance-infra/same-namespace service=gateway-conformance-infra/backendtlspolicy-malformed-ca-certificate-ref-test backendTLSPolicyName=malformed-ca-certificate-ref port=https section=""
time=2026-03-08T08:15:28.185266123Z level=debug source=/go/src/github.com/cilium/cilium/operator/pkg/gateway-api/secretsync.go:95 msg="Enqueued configmap for backendtlspolicy" module=operator.operator-controlplane.leader-lifecycle.gateway-api resource=malformed-ca-certificate-ref configMapName=gateway-conformance-infra/malformed-ca-certificate
time=2026-03-08T08:15:28.185322193Z level=debug source=/go/src/github.com/cilium/cilium/operator/pkg/gateway-api/gateway.go:359 msg="BackendTLSPolicy relevant to Gateways" module=operator.operator-controlplane.leader-lifecycle.gateway-api controller=gateway subsys=queue-gw-from-backendtlspolicy resource=gateway-conformance-infra/malformed-ca-certificate-ref gateway=[gateway-conformance-infra/same-namespace]
time=2026-03-08T08:15:28.185408623Z level=debug source=/go/src/github.com/cilium/cilium/operator/pkg/gateway-api/gateway.go:359 msg="BackendTLSPolicy relevant to Gateways" module=operator.operator-controlplane.leader-lifecycle.gateway-api controller=gateway subsys=queue-gw-from-backendtlspolicy resource=gateway-conformance-infra/malformed-ca-certificate-ref gateway=[gateway-conformance-infra/same-namespace]
time=2026-03-08T08:15:28.185333663Z level=debug source=/go/src/github.com/cilium/cilium/operator/pkg/gateway-api/secretsync.go:95 msg="Enqueued configmap for backendtlspolicy" module=operator.operator-controlplane.leader-lifecycle.gateway-api resource=malformed-ca-certificate-ref configMapName=gateway-conformance-infra/malformed-ca-certificate
time=2026-03-08T08:15:28.185436923Z level=debug source=/go/src/github.com/cilium/cilium/operator/pkg/secretsync/configmapsync_reconcile.go:32 msg="Reconciling ConfigMap" module=operator.operator-controlplane.leader-lifecycle.secret-sync resource=gateway-conformance-infra/malformed-ca-certificate
time=2026-03-08T08:15:28.185516803Z level=debug source=/go/src/github.com/cilium/cilium/operator/pkg/secretsync/configmapsync_reconcile.go:102 msg="Successfully reconciled ConfigMap" module=operator.operator-controlplane.leader-lifecycle.secret-sync resource=gateway-conformance-infra/malformed-ca-certificate action=ignored
time=2026-03-08T08:15:28.200857448Z level=debug source=/go/src/github.com/cilium/cilium/pkg/k8s/apis/cilium.io/v2/cec_types.go:193 msg="CEC unmarshaled XDS Resource" resource="[type.googleapis.com/envoy.config.listener.v3.Listener]:  {\n  name:  \"listener\"\n  filter_chains:  {\n    filter_chain_match:  {\n      transport_protocol:  \"raw_buffer\"\n    }\n    filters:  {\n      name:  \"envoy.filters.network.http_connection_manager\"\n      typed_config:  {\n        [type.googleapis.com/envoy.extensions.filters.network.http_connection_manager.v3.HttpConnectionManager]:  {\n          stat_prefix:  \"listener-insecure\"\n          rds:  {\n            route_config_name:  \"listener-insecure\"\n          }\n          http_filters:  {\n            name:  \"envoy.filters.http.grpc_web\"\n            typed_config:  {\n              [type.googleapis.com/envoy.extensions.filters.http.grpc_web.v3.GrpcWeb]:  {}\n            }\n          }\n          http_filters:  {\n            name:  \"envoy.filters.http.grpc_stats\"\n            typed_config:  {\n              [type.googleapis.com/envoy.extensions.filters.http.grpc_stats.v3.FilterConfig]:  {\n                emit_filter_state:  true\n                enable_upstream_stats:  true\n              }\n            }\n          }\n          http_filters:  {\n            name:  \"envoy.filters.http.router\"\n            typed_config:  {\n              [type.googleapis.com/envoy.extensions.filters.http.router.v3.Router]:  {}\n            }\n          }\n          common_http_protocol_options:  {\n            max_stream_duration:  {}\n          }\n          stream_idle_timeout:  {\n            seconds:  300\n          }\n          use_remote_address:  {\n            value:  true\n          }\n          internal_address_config:  {\n            cidr_ranges:  {\n              address_prefix:  \"10.0.0.0\"\n              prefix_len:  {\n                value:  8\n              }\n            }\n            cidr_ranges:  {\n              address_prefix:  \"172.16.0.0\"\n              prefix_len:  {\n                value:  12\n              }\n            }\n            cidr_ranges:  {\n              address_prefix:  \"192.168.0.0\"\n              prefix_len:  {\n                value:  16\n              }\n            }\n            cidr_ranges:  {\n              address_prefix:  \"127.0.0.1\"\n              prefix_len:  {\n                value:  32\n              }\n            }\n          }\n          upgrade_configs:  {\n            upgrade_type:  \"websocket\"\n          }\n        }\n      }\n    }\n  }\n  listener_filters:  {\n    name:  \"envoy.filters.listener.tls_inspector\"\n    typed_config:  {\n      [type.googleapis.com/envoy.extensions.filters.listener.tls_inspector.v3.TlsInspector]:  {}\n    }\n  }\n  socket_options:  {\n    description:  \"Enable TCP keep-alive (default to enabled)\"\n    level:  1\n    name:  9\n    int_value:  1\n  }\n  socket_options:  {\n    description:  \"TCP keep-alive idle time (in seconds) (defaults to 10s)\"\n    level:  6\n    name:  4\n    int_value:  10\n  }\n  socket_options:  {\n    description:  \"TCP keep-alive probe intervals (in seconds) (defaults to 5s)\"\n    level:  6\n    name:  5\n    int_value:  5\n  }\n  socket_options:  {\n    description:  \"TCP keep-alive probe max failures.\"\n    level:  6\n    name:  6\n    int_value:  10\n  }\n}\n"
time=2026-03-08T08:15:28.201093828Z level=debug source=/go/src/github.com/cilium/cilium/pkg/k8s/apis/cilium.io/v2/cec_types.go:193 msg="CEC unmarshaled XDS Resource" resource="[type.googleapis.com/envoy.config.route.v3.RouteConfiguration]:  {\n  name:  \"listener-insecure\"\n  virtual_hosts:  {\n    name:  \"abc.example.com\"\n    domains:  \"abc.example.com\"\n    domains:  \"abc.example.com:*\"\n    routes:  {\n      match:  {\n        path:  \"/backendtlspolicy-nonexistent-ca-certificate-ref\"\n      }\n      route:  {\n        cluster:  \"gateway-conformance-infra:backendtlspolicy-nonexistent-ca-certificate-ref-test:443\"\n        max_stream_duration:  {\n          max_stream_duration:  {}\n        }\n      }\n    }\n    routes:  {\n      match:  {\n        path:  \"/backendtlspolicy-malformed-ca-certificate-ref\"\n      }\n      route:  {\n        cluster:  \"gateway-conformance-infra:backendtlspolicy-malformed-ca-certificate-ref-test:443\"\n        max_stream_duration:  {\n          max_stream_duration:  {}\n        }\n      }\n    }\n  }\n}\n"
time=2026-03-08T08:15:28.201239178Z level=debug source=/go/src/github.com/cilium/cilium/pkg/k8s/apis/cilium.io/v2/cec_types.go:193 msg="CEC unmarshaled XDS Resource" resource="[type.googleapis.com/envoy.config.listener.v3.Listener]:  {\n  name:  \"listener\"\n  filter_chains:  {\n    filter_chain_match:  {\n      transport_protocol:  \"raw_buffer\"\n    }\n    filters:  {\n      name:  \"envoy.filters.network.http_connection_manager\"\n      typed_config:  {\n        [type.googleapis.com/envoy.extensions.filters.network.http_connection_manager.v3.HttpConnectionManager]:  {\n          stat_prefix:  \"listener-insecure\"\n          rds:  {\n            route_config_name:  \"listener-insecure\"\n          }\n          http_filters:  {\n            name:  \"envoy.filters.http.grpc_web\"\n            typed_config:  {\n              [type.googleapis.com/envoy.extensions.filters.http.grpc_web.v3.GrpcWeb]:  {}\n            }\n          }\n          http_filters:  {\n            name:  \"envoy.filters.http.grpc_stats\"\n            typed_config:  {\n              [type.googleapis.com/envoy.extensions.filters.http.grpc_stats.v3.FilterConfig]:  {\n                emit_filter_state:  true\n                enable_upstream_stats:  true\n              }\n            }\n          }\n          http_filters:  {\n            name:  \"envoy.filters.http.router\"\n            typed_config:  {\n              [type.googleapis.com/envoy.extensions.filters.http.router.v3.Router]:  {}\n            }\n          }\n          common_http_protocol_options:  {\n            max_stream_duration:  {}\n          }\n          stream_idle_timeout:  {\n            seconds:  300\n          }\n          use_remote_address:  {\n            value:  true\n          }\n          internal_address_config:  {\n            cidr_ranges:  {\n              address_prefix:  \"10.0.0.0\"\n              prefix_len:  {\n                value:  8\n              }\n            }\n            cidr_ranges:  {\n              address_prefix:  \"172.16.0.0\"\n              prefix_len:  {\n                value:  12\n              }\n            }\n            cidr_ranges:  {\n              address_prefix:  \"192.168.0.0\"\n              prefix_len:  {\n                value:  16\n              }\n            }\n            cidr_ranges:  {\n              address_prefix:  \"127.0.0.1\"\n              prefix_len:  {\n                value:  32\n              }\n            }\n          }\n          upgrade_configs:  {\n            upgrade_type:  \"websocket\"\n          }\n        }\n      }\n    }\n  }\n  listener_filters:  {\n    name:  \"envoy.filters.listener.tls_inspector\"\n    typed_config:  {\n      [type.googleapis.com/envoy.extensions.filters.listener.tls_inspector.v3.TlsInspector]:  {}\n    }\n  }\n  socket_options:  {\n    description:  \"Enable TCP keep-alive (default to enabled)\"\n    level:  1\n    name:  9\n    int_value:  1\n  }\n  socket_options:  {\n    description:  \"TCP keep-alive idle time (in seconds) (defaults to 10s)\"\n    level:  6\n    name:  4\n    int_value:  10\n  }\n  socket_options:  {\n    description:  \"TCP keep-alive probe intervals (in seconds) (defaults to 5s)\"\n    level:  6\n    name:  5\n    int_value:  5\n  }\n  socket_options:  {\n    description:  \"TCP keep-alive probe max failures.\"\n    level:  6\n    name:  6\n    int_value:  10\n  }\n}\n"
time=2026-03-08T08:15:28.201329548Z level=debug source=/go/src/github.com/cilium/cilium/pkg/k8s/apis/cilium.io/v2/cec_types.go:193 msg="CEC unmarshaled XDS Resource" resource="[type.googleapis.com/envoy.config.cluster.v3.Cluster]:  {\n  name:  \"gateway-conformance-infra:backendtlspolicy-malformed-ca-certificate-ref-test:443\"\n  type:  EDS\n  eds_cluster_config:  {\n    service_name:  \"gateway-conformance-infra/backendtlspolicy-malformed-ca-certificate-ref-test:443\"\n  }\n  typed_extension_protocol_options:  {\n    key:  \"envoy.extensions.upstreams.http.v3.HttpProtocolOptions\"\n    value:  {\n      [type.googleapis.com/envoy.extensions.upstreams.http.v3.HttpProtocolOptions]:  {\n        common_http_protocol_options:  {\n          idle_timeout:  {\n            seconds:  60\n          }\n        }\n        use_downstream_protocol_config:  {\n          http2_protocol_options:  {}\n        }\n      }\n    }\n  }\n  outlier_detection:  {\n    split_external_local_origin_errors:  true\n  }\n  transport_socket:  {\n    name:  \"envoy.transport_sockets.tls\"\n    typed_config:  {\n      [type.googleapis.com/envoy.extensions.transport_sockets.tls.v3.UpstreamTlsContext]:  {\n        common_tls_context:  {\n          combined_validation_context:  {\n            default_validation_context:  {}\n            validation_context_sds_secret_config:  {\n              name:  \"cilium-secrets/gateway-conformance-infra-cfgmap-malformed-ca-certificate\"\n            }\n          }\n        }\n        sni:  \"abc.example.com\"\n      }\n    }\n  }\n}\n"
time=2026-03-08T08:15:28.201400118Z level=debug source=/go/src/github.com/cilium/cilium/pkg/k8s/apis/cilium.io/v2/cec_types.go:193 msg="CEC unmarshaled XDS Resource" resource="[type.googleapis.com/envoy.config.route.v3.RouteConfiguration]:  {\n  name:  \"listener-insecure\"\n  virtual_hosts:  {\n    name:  \"abc.example.com\"\n    domains:  \"abc.example.com\"\n    domains:  \"abc.example.com:*\"\n    routes:  {\n      match:  {\n        path:  \"/backendtlspolicy-nonexistent-ca-certificate-ref\"\n      }\n      route:  {\n        cluster:  \"gateway-conformance-infra:backendtlspolicy-nonexistent-ca-certificate-ref-test:443\"\n        max_stream_duration:  {\n          max_stream_duration:  {}\n        }\n      }\n    }\n    routes:  {\n      match:  {\n        path:  \"/backendtlspolicy-malformed-ca-certificate-ref\"\n      }\n      route:  {\n        cluster:  \"gateway-conformance-infra:backendtlspolicy-malformed-ca-certificate-ref-test:443\"\n        max_stream_duration:  {\n          max_stream_duration:  {}\n        }\n      }\n    }\n  }\n}\n"
time=2026-03-08T08:15:28.201447888Z level=debug source=/go/src/github.com/cilium/cilium/pkg/k8s/apis/cilium.io/v2/cec_types.go:193 msg="CEC unmarshaled XDS Resource" resource="[type.googleapis.com/envoy.config.cluster.v3.Cluster]:  {\n  name:  \"gateway-conformance-infra:backendtlspolicy-nonexistent-ca-certificate-ref-test:443\"\n  type:  EDS\n  eds_cluster_config:  {\n    service_name:  \"gateway-conformance-infra/backendtlspolicy-nonexistent-ca-certificate-ref-test:443\"\n  }\n  typed_extension_protocol_options:  {\n    key:  \"envoy.extensions.upstreams.http.v3.HttpProtocolOptions\"\n    value:  {\n      [type.googleapis.com/envoy.extensions.upstreams.http.v3.HttpProtocolOptions]:  {\n        common_http_protocol_options:  {\n          idle_timeout:  {\n            seconds:  60\n          }\n        }\n        use_downstream_protocol_config:  {\n          http2_protocol_options:  {}\n        }\n      }\n    }\n  }\n  outlier_detection:  {\n    split_external_local_origin_errors:  true\n  }\n  transport_socket:  {\n    name:  \"envoy.transport_sockets.tls\"\n    typed_config:  {\n      [type.googleapis.com/envoy.extensions.transport_sockets.tls.v3.UpstreamTlsContext]:  {\n        common_tls_context:  {\n          combined_validation_context:  {\n            default_validation_context:  {}\n            validation_context_sds_secret_config:  {\n              name:  \"cilium-secrets/gateway-conformance-infra-cfgmap-nonexistent-ca-certificate\"\n            }\n          }\n        }\n        sni:  \"abc.example.com\"\n      }\n    }\n  }\n}\n"
time=2026-03-08T08:15:28.201499798Z level=info source=/go/src/github.com/cilium/cilium/operator/pkg/gateway-api/gateway_reconcile.go:458 msg="Checking address status for Gateway" module=operator.operator-controlplane.leader-lifecycle.gateway-api controller=gateway resource=gateway-conformance-infra/same-namespace
time=2026-03-08T08:15:28.201557848Z level=info source=/go/src/github.com/cilium/cilium/operator/pkg/gateway-api/gateway_reconcile.go:494 msg="At least one valid address, marking gateway programmed" module=operator.operator-controlplane.leader-lifecycle.gateway-api controller=gateway resource=gateway-conformance-infra/same-namespace
time=2026-03-08T08:15:28.201561388Z level=debug source=/go/src/github.com/cilium/cilium/pkg/k8s/apis/cilium.io/v2/cec_types.go:193 msg="CEC unmarshaled XDS Resource" resource="[type.googleapis.com/envoy.config.cluster.v3.Cluster]:  {\n  name:  \"gateway-conformance-infra:backendtlspolicy-malformed-ca-certificate-ref-test:443\"\n  type:  EDS\n  eds_cluster_config:  {\n    service_name:  \"gateway-conformance-infra/backendtlspolicy-malformed-ca-certificate-ref-test:443\"\n  }\n  typed_extension_protocol_options:  {\n    key:  \"envoy.extensions.upstreams.http.v3.HttpProtocolOptions\"\n    value:  {\n      [type.googleapis.com/envoy.extensions.upstreams.http.v3.HttpProtocolOptions]:  {\n        common_http_protocol_options:  {\n          idle_timeout:  {\n            seconds:  60\n          }\n        }\n        use_downstream_protocol_config:  {\n          http2_protocol_options:  {}\n        }\n      }\n    }\n  }\n  outlier_detection:  {\n    split_external_local_origin_errors:  true\n  }\n  transport_socket:  {\n    name:  \"envoy.transport_sockets.tls\"\n    typed_config:  {\n      [type.googleapis.com/envoy.extensions.transport_sockets.tls.v3.UpstreamTlsContext]:  {\n        common_tls_context:  {\n          combined_validation_context:  {\n            default_validation_context:  {}\n            validation_context_sds_secret_config:  {\n              name:  \"cilium-secrets/gateway-conformance-infra-cfgmap-malformed-ca-certificate\"\n            }\n          }\n        }\n        sni:  \"abc.example.com\"\n      }\n    }\n  }\n}\n"
time=2026-03-08T08:15:28.201674048Z level=info source=/go/src/github.com/cilium/cilium/operator/pkg/gateway-api/gateway_reconcile.go:262 msg="Successfully reconciled Gateway" module=operator.operator-controlplane.leader-lifecycle.gateway-api controller=gateway resource=gateway-conformance-infra/same-namespace
time=2026-03-08T08:15:28.201686088Z level=debug source=/go/src/github.com/cilium/cilium/pkg/k8s/apis/cilium.io/v2/cec_types.go:193 msg="CEC unmarshaled XDS Resource" resource="[type.googleapis.com/envoy.config.cluster.v3.Cluster]:  {\n  name:  \"gateway-conformance-infra:backendtlspolicy-nonexistent-ca-certificate-ref-test:443\"\n  type:  EDS\n  eds_cluster_config:  {\n    service_name:  \"gateway-conformance-infra/backendtlspolicy-nonexistent-ca-certificate-ref-test:443\"\n  }\n  typed_extension_protocol_options:  {\n    key:  \"envoy.extensions.upstreams.http.v3.HttpProtocolOptions\"\n    value:  {\n      [type.googleapis.com/envoy.extensions.upstreams.http.v3.HttpProtocolOptions]:  {\n        common_http_protocol_options:  {\n          idle_timeout:  {\n            seconds:  60\n          }\n        }\n        use_downstream_protocol_config:  {\n          http2_protocol_options:  {}\n        }\n      }\n    }\n  }\n  outlier_detection:  {\n    split_external_local_origin_errors:  true\n  }\n  transport_socket:  {\n    name:  \"envoy.transport_sockets.tls\"\n    typed_config:  {\n      [type.googleapis.com/envoy.extensions.transport_sockets.tls.v3.UpstreamTlsContext]:  {\n        common_tls_context:  {\n          combined_validation_context:  {\n            default_validation_context:  {}\n            validation_context_sds_secret_config:  {\n              name:  \"cilium-secrets/gateway-conformance-infra-cfgmap-nonexistent-ca-certificate\"\n            }\n          }\n        }\n        sni:  \"abc.example.com\"\n      }\n    }\n  }\n}\n"
time=2026-03-08T08:15:28.201749999Z level=info source=/go/src/github.com/cilium/cilium/operator/pkg/gateway-api/gateway_reconcile.go:55 msg="Reconciling Gateway" module=operator.operator-controlplane.leader-lifecycle.gateway-api controller=gateway resource=gateway-conformance-infra/same-namespace
time=2026-03-08T08:15:28.201965119Z level=debug source=/go/src/github.com/cilium/cilium/operator/pkg/gateway-api/gateway_reconcile.go:870 msg="Updating HTTPRoute statuses for Gateway" module=operator.operator-controlplane.leader-lifecycle.gateway-api controller=gateway resource=gateway-conformance-infra/same-namespace numRoutes=1
time=2026-03-08T08:15:28.202190199Z level=debug source=/go/src/github.com/cilium/cilium/operator/pkg/gateway-api/gateway_reconcile.go:909 msg="Updating TLSRoute statuses for Gateway" module=operator.operator-controlplane.leader-lifecycle.gateway-api controller=gateway resource=gateway-conformance-infra/same-namespace numRoutes=0
time=2026-03-08T08:15:28.202209579Z level=debug source=/go/src/github.com/cilium/cilium/operator/pkg/gateway-api/gateway_reconcile.go:943 msg="Updating GRPCRoute statuses for Gateway" module=operator.operator-controlplane.leader-lifecycle.gateway-api controller=gateway resource=gateway-conformance-infra/same-namespace numRoutes=0
time=2026-03-08T08:15:28.202221419Z level=debug source=/go/src/github.com/cilium/cilium/operator/pkg/gateway-api/gateway_reconcile.go:982 msg="Updating BackendTLSPolicy statuses for Gateway" module=operator.operator-controlplane.leader-lifecycle.gateway-api controller=gateway resource=gateway-conformance-infra/same-namespace policies=2
time=2026-03-08T08:15:28.202259279Z level=debug source=/go/src/github.com/cilium/cilium/operator/pkg/gateway-api/gateway_reconcile.go:1169 msg="Validating BackendTLSPolicy spec" module=operator.operator-controlplane.leader-lifecycle.gateway-api controller=gateway resource=gateway-conformance-infra/same-namespace backendTLSPolicyName=gateway-conformance-infra/nonexistent-ca-certificate-ref
time=2026-03-08T08:15:28.202337159Z level=debug source=/go/src/github.com/cilium/cilium/operator/pkg/gateway-api/gateway_reconcile.go:1169 msg="Validating BackendTLSPolicy spec" module=operator.operator-controlplane.leader-lifecycle.gateway-api controller=gateway resource=gateway-conformance-infra/same-namespace backendTLSPolicyName=gateway-conformance-infra/malformed-ca-certificate-ref
time=2026-03-08T08:15:28.202401559Z level=debug source=/go/src/github.com/cilium/cilium/operator/pkg/model/ingestion/gateway.go:389 msg="Checking Backend TLS Details for service" module=operator.operator-controlplane.leader-lifecycle.gateway-api controller=gateway resource=gateway-conformance-infra/same-namespace service=gateway-conformance-infra/backendtlspolicy-nonexistent-ca-certificate-ref-test backend="{Name:backendtlspolicy-nonexistent-ca-certificate-ref-test Namespace:gateway-conformance-infra Port:0x1d2736227038 AppProtocol:0x1d2733cd70b0 TLS:<nil> Weight:0x1d27339347f4}" port=443
time=2026-03-08T08:15:28.202429499Z level=debug source=/go/src/github.com/cilium/cilium/operator/pkg/model/ingestion/gateway.go:421 msg="Checking valid BTLSP on port" module=operator.operator-controlplane.leader-lifecycle.gateway-api controller=gateway resource=gateway-conformance-infra/same-namespace service=gateway-conformance-infra/backendtlspolicy-nonexistent-ca-certificate-ref-test backendTLSPolicyName=nonexistent-ca-certificate-ref port=https section=""
time=2026-03-08T08:15:28.202437559Z level=debug source=/go/src/github.com/cilium/cilium/operator/pkg/model/ingestion/gateway.go:442 msg="Got a match for valid BTLSP on all ports, adding" module=operator.operator-controlplane.leader-lifecycle.gateway-api controller=gateway resource=gateway-conformance-infra/same-namespace service=gateway-conformance-infra/backendtlspolicy-nonexistent-ca-certificate-ref-test backendTLSPolicyName=nonexistent-ca-certificate-ref port=https section=""
time=2026-03-08T08:15:28.202466369Z level=debug source=/go/src/github.com/cilium/cilium/operator/pkg/model/ingestion/gateway.go:389 msg="Checking Backend TLS Details for service" module=operator.operator-controlplane.leader-lifecycle.gateway-api controller=gateway resource=gateway-conformance-infra/same-namespace service=gateway-conformance-infra/backendtlspolicy-malformed-ca-certificate-ref-test backend="{Name:backendtlspolicy-malformed-ca-certificate-ref-test Namespace:gateway-conformance-infra Port:0x1d2736227098 AppProtocol:0x1d2733cd7a90 TLS:<nil> Weight:0x1d27339347fc}" port=443
time=2026-03-08T08:15:28.202485119Z level=debug source=/go/src/github.com/cilium/cilium/operator/pkg/model/ingestion/gateway.go:421 msg="Checking valid BTLSP on port" module=operator.operator-controlplane.leader-lifecycle.gateway-api controller=gateway resource=gateway-conformance-infra/same-namespace service=gateway-conformance-infra/backendtlspolicy-malformed-ca-certificate-ref-test backendTLSPolicyName=malformed-ca-certificate-ref port=https section=""
time=2026-03-08T08:15:28.202492899Z level=debug source=/go/src/github.com/cilium/cilium/operator/pkg/model/ingestion/gateway.go:442 msg="Got a match for valid BTLSP on all ports, adding" module=operator.operator-controlplane.leader-lifecycle.gateway-api controller=gateway resource=gateway-conformance-infra/same-namespace service=gateway-conformance-infra/backendtlspolicy-malformed-ca-certificate-ref-test backendTLSPolicyName=malformed-ca-certificate-ref port=https section=""
time=2026-03-08T08:15:28.20684096Z level=info source=/go/src/github.com/cilium/cilium/operator/pkg/gateway-api/gateway_reconcile.go:458 msg="Checking address status for Gateway" module=operator.operator-controlplane.leader-lifecycle.gateway-api controller=gateway resource=gateway-conformance-infra/same-namespace
time=2026-03-08T08:15:28.2068885Z level=info source=/go/src/github.com/cilium/cilium/operator/pkg/gateway-api/gateway_reconcile.go:494 msg="At least one valid address, marking gateway programmed" module=operator.operator-controlplane.leader-lifecycle.gateway-api controller=gateway resource=gateway-conformance-infra/same-namespace
time=2026-03-08T08:15:28.20697416Z level=info source=/go/src/github.com/cilium/cilium/operator/pkg/gateway-api/gateway_reconcile.go:262 msg="Successfully reconciled Gateway" module=operator.operator-controlplane.leader-lifecycle.gateway-api controller=gateway resource=gateway-conformance-infra/same-namespace
time=2026-03-08T08:15:28.20702492Z level=info source=/go/src/github.com/cilium/cilium/operator/pkg/gateway-api/gateway_reconcile.go:55 msg="Reconciling Gateway" module=operator.operator-controlplane.leader-lifecycle.gateway-api controller=gateway resource=gateway-conformance-infra/same-namespace
time=2026-03-08T08:15:28.20714616Z level=debug source=/go/src/github.com/cilium/cilium/operator/pkg/gateway-api/gateway_reconcile.go:870 msg="Updating HTTPRoute statuses for Gateway" module=operator.operator-controlplane.leader-lifecycle.gateway-api controller=gateway resource=gateway-conformance-infra/same-namespace numRoutes=1
time=2026-03-08T08:15:28.20737228Z level=debug source=/go/src/github.com/cilium/cilium/operator/pkg/gateway-api/gateway_reconcile.go:909 msg="Updating TLSRoute statuses for Gateway" module=operator.operator-controlplane.leader-lifecycle.gateway-api controller=gateway resource=gateway-conformance-infra/same-namespace numRoutes=0
time=2026-03-08T08:15:28.20739998Z level=debug source=/go/src/github.com/cilium/cilium/operator/pkg/gateway-api/gateway_reconcile.go:943 msg="Updating GRPCRoute statuses for Gateway" module=operator.operator-controlplane.leader-lifecycle.gateway-api controller=gateway resource=gateway-conformance-infra/same-namespace numRoutes=0
time=2026-03-08T08:15:28.20741157Z level=debug source=/go/src/github.com/cilium/cilium/operator/pkg/gateway-api/gateway_reconcile.go:982 msg="Updating BackendTLSPolicy statuses for Gateway" module=operator.operator-controlplane.leader-lifecycle.gateway-api controller=gateway resource=gateway-conformance-infra/same-namespace policies=2
time=2026-03-08T08:15:28.20744606Z level=debug source=/go/src/github.com/cilium/cilium/operator/pkg/gateway-api/gateway_reconcile.go:1169 msg="Validating BackendTLSPolicy spec" module=operator.operator-controlplane.leader-lifecycle.gateway-api controller=gateway resource=gateway-conformance-infra/same-namespace backendTLSPolicyName=gateway-conformance-infra/nonexistent-ca-certificate-ref
time=2026-03-08T08:15:28.20752242Z level=debug source=/go/src/github.com/cilium/cilium/operator/pkg/gateway-api/gateway_reconcile.go:1169 msg="Validating BackendTLSPolicy spec" module=operator.operator-controlplane.leader-lifecycle.gateway-api controller=gateway resource=gateway-conformance-infra/same-namespace backendTLSPolicyName=gateway-conformance-infra/malformed-ca-certificate-ref
time=2026-03-08T08:15:28.20758698Z level=debug source=/go/src/github.com/cilium/cilium/operator/pkg/model/ingestion/gateway.go:389 msg="Checking Backend TLS Details for service" module=operator.operator-controlplane.leader-lifecycle.gateway-api controller=gateway resource=gateway-conformance-infra/same-namespace service=gateway-conformance-infra/backendtlspolicy-nonexistent-ca-certificate-ref-test backend="{Name:backendtlspolicy-nonexistent-ca-certificate-ref-test Namespace:gateway-conformance-infra Port:0x1d2733fd6df8 AppProtocol:0x1d2733c5ce20 TLS:<nil> Weight:0x1d2733b0aba4}" port=443
time=2026-03-08T08:15:28.20761129Z level=debug source=/go/src/github.com/cilium/cilium/operator/pkg/model/ingestion/gateway.go:421 msg="Checking valid BTLSP on port" module=operator.operator-controlplane.leader-lifecycle.gateway-api controller=gateway resource=gateway-conformance-infra/same-namespace service=gateway-conformance-infra/backendtlspolicy-nonexistent-ca-certificate-ref-test backendTLSPolicyName=nonexistent-ca-certificate-ref port=https section=""
time=2026-03-08T08:15:28.20761923Z level=debug source=/go/src/github.com/cilium/cilium/operator/pkg/model/ingestion/gateway.go:442 msg="Got a match for valid BTLSP on all ports, adding" module=operator.operator-controlplane.leader-lifecycle.gateway-api controller=gateway resource=gateway-conformance-infra/same-namespace service=gateway-conformance-infra/backendtlspolicy-nonexistent-ca-certificate-ref-test backendTLSPolicyName=nonexistent-ca-certificate-ref port=https section=""
time=2026-03-08T08:15:28.2076403Z level=debug source=/go/src/github.com/cilium/cilium/operator/pkg/model/ingestion/gateway.go:389 msg="Checking Backend TLS Details for service" module=operator.operator-controlplane.leader-lifecycle.gateway-api controller=gateway resource=gateway-conformance-infra/same-namespace service=gateway-conformance-infra/backendtlspolicy-malformed-ca-certificate-ref-test backend="{Name:backendtlspolicy-malformed-ca-certificate-ref-test Namespace:gateway-conformance-infra Port:0x1d2733fd6eb8 AppProtocol:0x1d2733c5d6a0 TLS:<nil> Weight:0x1d2733b0abac}" port=443
time=2026-03-08T08:15:28.20765866Z level=debug source=/go/src/github.com/cilium/cilium/operator/pkg/model/ingestion/gateway.go:421 msg="Checking valid BTLSP on port" module=operator.operator-controlplane.leader-lifecycle.gateway-api controller=gateway resource=gateway-conformance-infra/same-namespace service=gateway-conformance-infra/backendtlspolicy-malformed-ca-certificate-ref-test backendTLSPolicyName=malformed-ca-certificate-ref port=https section=""
time=2026-03-08T08:15:28.20766578Z level=debug source=/go/src/github.com/cilium/cilium/operator/pkg/model/ingestion/gateway.go:442 msg="Got a match for valid BTLSP on all ports, adding" module=operator.operator-controlplane.leader-lifecycle.gateway-api controller=gateway resource=gateway-conformance-infra/same-namespace service=gateway-conformance-infra/backendtlspolicy-malformed-ca-certificate-ref-test backendTLSPolicyName=malformed-ca-certificate-ref port=https section=""
time=2026-03-08T08:15:28.211763782Z level=info source=/go/src/github.com/cilium/cilium/operator/pkg/gateway-api/gateway_reconcile.go:458 msg="Checking address status for Gateway" module=operator.operator-controlplane.leader-lifecycle.gateway-api controller=gateway resource=gateway-conformance-infra/same-namespace
time=2026-03-08T08:15:28.211808012Z level=info source=/go/src/github.com/cilium/cilium/operator/pkg/gateway-api/gateway_reconcile.go:494 msg="At least one valid address, marking gateway programmed" module=operator.operator-controlplane.leader-lifecycle.gateway-api controller=gateway resource=gateway-conformance-infra/same-namespace
time=2026-03-08T08:15:28.211891692Z level=info source=/go/src/github.com/cilium/cilium/operator/pkg/gateway-api/gateway_reconcile.go:262 msg="Successfully reconciled Gateway" module=operator.operator-controlplane.leader-lifecycle.gateway-api controller=gateway resource=gateway-conformance-infra/same-namespace
time=2026-03-08T08:15:31.324111976Z level=debug source=/go/src/github.com/cilium/cilium/operator/unmanagedpods/controller.go:154 msg="Found managed pod due to presence of a CEP" module=operator.operator-controlplane.leader-lifecycle.unmanaged-pods-gc error=<nil> k8sPodName=kube-system/coredns-7d764666f9-th7sn identity=0
time=2026-03-08T08:15:31.324191436Z level=debug source=/go/src/github.com/cilium/cilium/operator/unmanagedpods/controller.go:154 msg="Found managed pod due to presence of a CEP" module=operator.operator-controlplane.leader-lifecycle.unmanaged-pods-gc error=<nil> k8sPodName=kube-system/coredns-7d764666f9-wljzk identity=0
time=2026-03-08T08:15:31.324212426Z level=debug source=/go/src/github.com/cilium/cilium/pkg/controller/controller.go:338 msg="Controller func executed" subsys=controller name=restart-unmanaged-pods uuid=8cc2caa3-4793-45bb-9c41-0b26af76c62b duration=123.73µs
time=2026-03-08T08:15:32.478940145Z level=debug source=/go/src/github.com/cilium/cilium/pkg/controller/controller.go:338 msg="Controller func executed" subsys=controller name=k8s-heartbeat uuid=ebb7990b-1f73-4502-82f1-9c0e33a7c507 duration=3.1µs
time=2026-03-08T08:15:32.492225239Z level=debug source=/go/src/github.com/cilium/cilium/pkg/controller/controller.go:338 msg="Controller func executed" subsys=controller name=k8s-heartbeat uuid=255b301a-af15-4be0-ab70-3dc1b6e3bf91 duration=2.82µs
time=2026-03-08T08:15:46.325207376Z level=debug source=/go/src/github.com/cilium/cilium/operator/unmanagedpods/controller.go:154 msg="Found managed pod due to presence of a CEP" module=operator.operator-controlplane.leader-lifecycle.unmanaged-pods-gc error=<nil> k8sPodName=kube-system/coredns-7d764666f9-th7sn identity=0
time=2026-03-08T08:15:46.325289556Z level=debug source=/go/src/github.com/cilium/cilium/operator/unmanagedpods/controller.go:154 msg="Found managed pod due to presence of a CEP" module=operator.operator-controlplane.leader-lifecycle.unmanaged-pods-gc error=<nil> k8sPodName=kube-system/coredns-7d764666f9-wljzk identity=0
time=2026-03-08T08:15:46.325303876Z level=debug source=/go/src/github.com/cilium/cilium/pkg/controller/controller.go:338 msg="Controller func executed" subsys=controller name=restart-unmanaged-pods uuid=8cc2caa3-4793-45bb-9c41-0b26af76c62b duration=126.24µs
time=2026-03-08T08:15:59.228719261Z level=debug source=/go/src/github.com/cilium/cilium/operator/pkg/secretsync/configmapsync_reconcile.go:32 msg="Reconciling ConfigMap" module=operator.operator-controlplane.leader-lifecycle.secret-sync resource=gateway-conformance-infra/malformed-ca-certificate
time=2026-03-08T08:15:59.22877487Z level=debug source=/go/src/github.com/cilium/cilium/operator/pkg/secretsync/configmapsync_reconcile.go:37 msg="Unable to get ConfigMap - either deleted or not yet available" module=operator.operator-controlplane.leader-lifecycle.secret-sync resource=gateway-conformance-infra/malformed-ca-certificate error="ConfigMap \"malformed-ca-certificate\" not found"
time=2026-03-08T08:15:59.228797841Z level=debug source=/go/src/github.com/cilium/cilium/operator/pkg/secretsync/configmapsync_reconcile.go:51 msg="Successfully reconciled ConfigMap" module=operator.operator-controlplane.leader-lifecycle.secret-sync resource=gateway-conformance-infra/malformed-ca-certificate action=ignored
time=2026-03-08T08:15:59.228883381Z level=debug source=/go/src/github.com/cilium/cilium/operator/pkg/gateway-api/gateway.go:434 msg="ConfigMap in BackendTLSPolicy relevant to Gateways" module=operator.operator-controlplane.leader-lifecycle.gateway-api controller=gateway subsys=queue-gw-from-backendtlspolicy-configmap resource=gateway-conformance-infra/malformed-ca-certificate gateway=[gateway-conformance-infra/same-namespace]
time=2026-03-08T08:15:59.229025741Z level=info source=/go/src/github.com/cilium/cilium/operator/pkg/gateway-api/gateway_reconcile.go:55 msg="Reconciling Gateway" module=operator.operator-controlplane.leader-lifecycle.gateway-api controller=gateway resource=gateway-conformance-infra/same-namespace
time=2026-03-08T08:15:59.229266021Z level=debug source=/go/src/github.com/cilium/cilium/operator/pkg/gateway-api/gateway_reconcile.go:870 msg="Updating HTTPRoute statuses for Gateway" module=operator.operator-controlplane.leader-lifecycle.gateway-api controller=gateway resource=gateway-conformance-infra/same-namespace numRoutes=1
time=2026-03-08T08:15:59.229540891Z level=debug source=/go/src/github.com/cilium/cilium/operator/pkg/gateway-api/gateway_reconcile.go:909 msg="Updating TLSRoute statuses for Gateway" module=operator.operator-controlplane.leader-lifecycle.gateway-api controller=gateway resource=gateway-conformance-infra/same-namespace numRoutes=0
time=2026-03-08T08:15:59.229560551Z level=debug source=/go/src/github.com/cilium/cilium/operator/pkg/gateway-api/gateway_reconcile.go:943 msg="Updating GRPCRoute statuses for Gateway" module=operator.operator-controlplane.leader-lifecycle.gateway-api controller=gateway resource=gateway-conformance-infra/same-namespace numRoutes=0
time=2026-03-08T08:15:59.229573951Z level=debug source=/go/src/github.com/cilium/cilium/operator/pkg/gateway-api/gateway_reconcile.go:982 msg="Updating BackendTLSPolicy statuses for Gateway" module=operator.operator-controlplane.leader-lifecycle.gateway-api controller=gateway resource=gateway-conformance-infra/same-namespace policies=2
time=2026-03-08T08:15:59.229616831Z level=debug source=/go/src/github.com/cilium/cilium/operator/pkg/gateway-api/gateway_reconcile.go:1169 msg="Validating BackendTLSPolicy spec" module=operator.operator-controlplane.leader-lifecycle.gateway-api controller=gateway resource=gateway-conformance-infra/same-namespace backendTLSPolicyName=gateway-conformance-infra/nonexistent-ca-certificate-ref
time=2026-03-08T08:15:59.229703711Z level=debug source=/go/src/github.com/cilium/cilium/operator/pkg/gateway-api/gateway_reconcile.go:1169 msg="Validating BackendTLSPolicy spec" module=operator.operator-controlplane.leader-lifecycle.gateway-api controller=gateway resource=gateway-conformance-infra/same-namespace backendTLSPolicyName=gateway-conformance-infra/malformed-ca-certificate-ref
time=2026-03-08T08:15:59.229786601Z level=debug source=/go/src/github.com/cilium/cilium/operator/pkg/gateway-api/gateway_reconcile.go:1281 msg="BackendTLSPolicy status" module=operator.operator-controlplane.leader-lifecycle.gateway-api controller=gateway resource=gateway-conformance-infra/same-namespace BackendTLSPolicy=gateway-conformance-infra/malformed-ca-certificate-ref
time=2026-03-08T08:15:59.235343112Z level=debug source=/go/src/github.com/cilium/cilium/operator/pkg/model/ingestion/gateway.go:389 msg="Checking Backend TLS Details for service" module=operator.operator-controlplane.leader-lifecycle.gateway-api controller=gateway resource=gateway-conformance-infra/same-namespace service=gateway-conformance-infra/backendtlspolicy-nonexistent-ca-certificate-ref-test backend="{Name:backendtlspolicy-nonexistent-ca-certificate-ref-test Namespace:gateway-conformance-infra Port:0x1d2733effb30 AppProtocol:0x1d2733dcc770 TLS:<nil> Weight:0x1d2733a98c0c}" port=443
time=2026-03-08T08:15:59.235398552Z level=debug source=/go/src/github.com/cilium/cilium/operator/pkg/model/ingestion/gateway.go:421 msg="Checking valid BTLSP on port" module=operator.operator-controlplane.leader-lifecycle.gateway-api controller=gateway resource=gateway-conformance-infra/same-namespace service=gateway-conformance-infra/backendtlspolicy-nonexistent-ca-certificate-ref-test backendTLSPolicyName=nonexistent-ca-certificate-ref port=https section=""
time=2026-03-08T08:15:59.235408583Z level=debug source=/go/src/github.com/cilium/cilium/operator/pkg/model/ingestion/gateway.go:442 msg="Got a match for valid BTLSP on all ports, adding" module=operator.operator-controlplane.leader-lifecycle.gateway-api controller=gateway resource=gateway-conformance-infra/same-namespace service=gateway-conformance-infra/backendtlspolicy-nonexistent-ca-certificate-ref-test backendTLSPolicyName=nonexistent-ca-certificate-ref port=https section=""
time=2026-03-08T08:15:59.235509992Z level=debug source=/go/src/github.com/cilium/cilium/operator/pkg/model/ingestion/gateway.go:389 msg="Checking Backend TLS Details for service" module=operator.operator-controlplane.leader-lifecycle.gateway-api controller=gateway resource=gateway-conformance-infra/same-namespace service=gateway-conformance-infra/backendtlspolicy-malformed-ca-certificate-ref-test backend="{Name:backendtlspolicy-malformed-ca-certificate-ref-test Namespace:gateway-conformance-infra Port:0x1d2733effb90 AppProtocol:0x1d2733dccc00 TLS:<nil> Weight:0x1d2733a98c14}" port=443
time=2026-03-08T08:15:59.235536632Z level=debug source=/go/src/github.com/cilium/cilium/operator/pkg/model/ingestion/gateway.go:421 msg="Checking valid BTLSP on port" module=operator.operator-controlplane.leader-lifecycle.gateway-api controller=gateway resource=gateway-conformance-infra/same-namespace service=gateway-conformance-infra/backendtlspolicy-malformed-ca-certificate-ref-test backendTLSPolicyName=malformed-ca-certificate-ref port=https section=""
time=2026-03-08T08:15:59.235544743Z level=debug source=/go/src/github.com/cilium/cilium/operator/pkg/model/ingestion/gateway.go:442 msg="Got a match for valid BTLSP on all ports, adding" module=operator.operator-controlplane.leader-lifecycle.gateway-api controller=gateway resource=gateway-conformance-infra/same-namespace service=gateway-conformance-infra/backendtlspolicy-malformed-ca-certificate-ref-test backendTLSPolicyName=malformed-ca-certificate-ref port=https section=""
time=2026-03-08T08:15:59.235574463Z level=debug source=/go/src/github.com/cilium/cilium/operator/pkg/gateway-api/gateway.go:359 msg="BackendTLSPolicy relevant to Gateways" module=operator.operator-controlplane.leader-lifecycle.gateway-api controller=gateway subsys=queue-gw-from-backendtlspolicy resource=gateway-conformance-infra/malformed-ca-certificate-ref gateway=[gateway-conformance-infra/same-namespace]
time=2026-03-08T08:15:59.235583563Z level=debug source=/go/src/github.com/cilium/cilium/operator/pkg/gateway-api/secretsync.go:95 msg="Enqueued configmap for backendtlspolicy" module=operator.operator-controlplane.leader-lifecycle.gateway-api resource=malformed-ca-certificate-ref configMapName=gateway-conformance-infra/malformed-ca-certificate
time=2026-03-08T08:15:59.235641532Z level=debug source=/go/src/github.com/cilium/cilium/operator/pkg/gateway-api/gateway.go:359 msg="BackendTLSPolicy relevant to Gateways" module=operator.operator-controlplane.leader-lifecycle.gateway-api controller=gateway subsys=queue-gw-from-backendtlspolicy resource=gateway-conformance-infra/malformed-ca-certificate-ref gateway=[gateway-conformance-infra/same-namespace]
time=2026-03-08T08:15:59.235652923Z level=debug source=/go/src/github.com/cilium/cilium/operator/pkg/gateway-api/secretsync.go:95 msg="Enqueued configmap for backendtlspolicy" module=operator.operator-controlplane.leader-lifecycle.gateway-api resource=malformed-ca-certificate-ref configMapName=gateway-conformance-infra/malformed-ca-certificate
time=2026-03-08T08:15:59.235701683Z level=debug source=/go/src/github.com/cilium/cilium/operator/pkg/secretsync/configmapsync_reconcile.go:32 msg="Reconciling ConfigMap" module=operator.operator-controlplane.leader-lifecycle.secret-sync resource=gateway-conformance-infra/malformed-ca-certificate
time=2026-03-08T08:15:59.235723763Z level=debug source=/go/src/github.com/cilium/cilium/operator/pkg/secretsync/configmapsync_reconcile.go:37 msg="Unable to get ConfigMap - either deleted or not yet available" module=operator.operator-controlplane.leader-lifecycle.secret-sync resource=gateway-conformance-infra/malformed-ca-certificate error="ConfigMap \"malformed-ca-certificate\" not found"
time=2026-03-08T08:15:59.235741233Z level=debug source=/go/src/github.com/cilium/cilium/operator/pkg/secretsync/configmapsync_reconcile.go:51 msg="Successfully reconciled ConfigMap" module=operator.operator-controlplane.leader-lifecycle.secret-sync resource=gateway-conformance-infra/malformed-ca-certificate action=ignored
time=2026-03-08T08:15:59.239909194Z level=debug source=/go/src/github.com/cilium/cilium/operator/pkg/gateway-api/secretsync.go:95 msg="Enqueued configmap for backendtlspolicy" module=operator.operator-controlplane.leader-lifecycle.gateway-api resource=malformed-ca-certificate-ref configMapName=gateway-conformance-infra/malformed-ca-certificate
time=2026-03-08T08:15:59.239997504Z level=debug source=/go/src/github.com/cilium/cilium/operator/pkg/secretsync/configmapsync_reconcile.go:32 msg="Reconciling ConfigMap" module=operator.operator-controlplane.leader-lifecycle.secret-sync resource=gateway-conformance-infra/malformed-ca-certificate
time=2026-03-08T08:15:59.240028174Z level=debug source=/go/src/github.com/cilium/cilium/operator/pkg/secretsync/configmapsync_reconcile.go:37 msg="Unable to get ConfigMap - either deleted or not yet available" module=operator.operator-controlplane.leader-lifecycle.secret-sync resource=gateway-conformance-infra/malformed-ca-certificate error="ConfigMap \"malformed-ca-certificate\" not found"
time=2026-03-08T08:15:59.239986204Z level=debug source=/go/src/github.com/cilium/cilium/operator/pkg/gateway-api/gateway.go:359 msg="BackendTLSPolicy relevant to Gateways" module=operator.operator-controlplane.leader-lifecycle.gateway-api controller=gateway subsys=queue-gw-from-backendtlspolicy resource=gateway-conformance-infra/malformed-ca-certificate-ref gateway=[gateway-conformance-infra/same-namespace]
time=2026-03-08T08:15:59.240055554Z level=debug source=/go/src/github.com/cilium/cilium/operator/pkg/secretsync/configmapsync_reconcile.go:51 msg="Successfully reconciled ConfigMap" module=operator.operator-controlplane.leader-lifecycle.secret-sync resource=gateway-conformance-infra/malformed-ca-certificate action=ignored
time=2026-03-08T08:15:59.241144464Z level=info source=/go/src/github.com/cilium/cilium/operator/pkg/gateway-api/gateway_reconcile.go:458 msg="Checking address status for Gateway" module=operator.operator-controlplane.leader-lifecycle.gateway-api controller=gateway resource=gateway-conformance-infra/same-namespace
time=2026-03-08T08:15:59.241220204Z level=info source=/go/src/github.com/cilium/cilium/operator/pkg/gateway-api/gateway_reconcile.go:494 msg="At least one valid address, marking gateway programmed" module=operator.operator-controlplane.leader-lifecycle.gateway-api controller=gateway resource=gateway-conformance-infra/same-namespace
time=2026-03-08T08:15:59.241321044Z level=info source=/go/src/github.com/cilium/cilium/operator/pkg/gateway-api/gateway_reconcile.go:262 msg="Successfully reconciled Gateway" module=operator.operator-controlplane.leader-lifecycle.gateway-api controller=gateway resource=gateway-conformance-infra/same-namespace
time=2026-03-08T08:15:59.241374184Z level=info source=/go/src/github.com/cilium/cilium/operator/pkg/gateway-api/gateway_reconcile.go:55 msg="Reconciling Gateway" module=operator.operator-controlplane.leader-lifecycle.gateway-api controller=gateway resource=gateway-conformance-infra/same-namespace
time=2026-03-08T08:15:59.241554365Z level=debug source=/go/src/github.com/cilium/cilium/operator/pkg/gateway-api/gateway_reconcile.go:870 msg="Updating HTTPRoute statuses for Gateway" module=operator.operator-controlplane.leader-lifecycle.gateway-api controller=gateway resource=gateway-conformance-infra/same-namespace numRoutes=1
time=2026-03-08T08:15:59.241765505Z level=debug source=/go/src/github.com/cilium/cilium/operator/pkg/gateway-api/gateway_reconcile.go:909 msg="Updating TLSRoute statuses for Gateway" module=operator.operator-controlplane.leader-lifecycle.gateway-api controller=gateway resource=gateway-conformance-infra/same-namespace numRoutes=0
time=2026-03-08T08:15:59.241786514Z level=debug source=/go/src/github.com/cilium/cilium/operator/pkg/gateway-api/gateway_reconcile.go:943 msg="Updating GRPCRoute statuses for Gateway" module=operator.operator-controlplane.leader-lifecycle.gateway-api controller=gateway resource=gateway-conformance-infra/same-namespace numRoutes=0
time=2026-03-08T08:15:59.241797885Z level=debug source=/go/src/github.com/cilium/cilium/operator/pkg/gateway-api/gateway_reconcile.go:982 msg="Updating BackendTLSPolicy statuses for Gateway" module=operator.operator-controlplane.leader-lifecycle.gateway-api controller=gateway resource=gateway-conformance-infra/same-namespace policies=1
time=2026-03-08T08:15:59.241829034Z level=debug source=/go/src/github.com/cilium/cilium/operator/pkg/gateway-api/gateway_reconcile.go:1169 msg="Validating BackendTLSPolicy spec" module=operator.operator-controlplane.leader-lifecycle.gateway-api controller=gateway resource=gateway-conformance-infra/same-namespace backendTLSPolicyName=gateway-conformance-infra/nonexistent-ca-certificate-ref
time=2026-03-08T08:15:59.241892205Z level=debug source=/go/src/github.com/cilium/cilium/operator/pkg/model/ingestion/gateway.go:389 msg="Checking Backend TLS Details for service" module=operator.operator-controlplane.leader-lifecycle.gateway-api controller=gateway resource=gateway-conformance-infra/same-namespace service=gateway-conformance-infra/backendtlspolicy-nonexistent-ca-certificate-ref-test backend="{Name:backendtlspolicy-nonexistent-ca-certificate-ref-test Namespace:gateway-conformance-infra Port:0x1d2735f9e210 AppProtocol:0x1d2733b962a0 TLS:<nil> Weight:0x1d2733b4eea4}" port=443
time=2026-03-08T08:15:59.241919765Z level=debug source=/go/src/github.com/cilium/cilium/operator/pkg/model/ingestion/gateway.go:421 msg="Checking valid BTLSP on port" module=operator.operator-controlplane.leader-lifecycle.gateway-api controller=gateway resource=gateway-conformance-infra/same-namespace service=gateway-conformance-infra/backendtlspolicy-nonexistent-ca-certificate-ref-test backendTLSPolicyName=nonexistent-ca-certificate-ref port=https section=""
time=2026-03-08T08:15:59.241928185Z level=debug source=/go/src/github.com/cilium/cilium/operator/pkg/model/ingestion/gateway.go:442 msg="Got a match for valid BTLSP on all ports, adding" module=operator.operator-controlplane.leader-lifecycle.gateway-api controller=gateway resource=gateway-conformance-infra/same-namespace service=gateway-conformance-infra/backendtlspolicy-nonexistent-ca-certificate-ref-test backendTLSPolicyName=nonexistent-ca-certificate-ref port=https section=""
time=2026-03-08T08:15:59.241948505Z level=debug source=/go/src/github.com/cilium/cilium/operator/pkg/model/ingestion/gateway.go:389 msg="Checking Backend TLS Details for service" module=operator.operator-controlplane.leader-lifecycle.gateway-api controller=gateway resource=gateway-conformance-infra/same-namespace service=gateway-conformance-infra/backendtlspolicy-malformed-ca-certificate-ref-test backend="{Name:backendtlspolicy-malformed-ca-certificate-ref-test Namespace:gateway-conformance-infra Port:0x1d2735f9e270 AppProtocol:0x1d2733b968b0 TLS:<nil> Weight:0x1d2733b4eeac}" port=443
time=2026-03-08T08:15:59.245085175Z level=debug source=/go/src/github.com/cilium/cilium/operator/pkg/gateway-api/gateway.go:359 msg="BackendTLSPolicy relevant to Gateways" module=operator.operator-controlplane.leader-lifecycle.gateway-api controller=gateway subsys=queue-gw-from-backendtlspolicy resource=gateway-conformance-infra/nonexistent-ca-certificate-ref gateway=[gateway-conformance-infra/same-namespace]
time=2026-03-08T08:15:59.245083875Z level=debug source=/go/src/github.com/cilium/cilium/operator/pkg/gateway-api/secretsync.go:95 msg="Enqueued configmap for backendtlspolicy" module=operator.operator-controlplane.leader-lifecycle.gateway-api resource=nonexistent-ca-certificate-ref configMapName=gateway-conformance-infra/nonexistent-ca-certificate
time=2026-03-08T08:15:59.245242866Z level=debug source=/go/src/github.com/cilium/cilium/operator/pkg/secretsync/configmapsync_reconcile.go:32 msg="Reconciling ConfigMap" module=operator.operator-controlplane.leader-lifecycle.secret-sync resource=gateway-conformance-infra/nonexistent-ca-certificate
time=2026-03-08T08:15:59.245296156Z level=debug source=/go/src/github.com/cilium/cilium/operator/pkg/secretsync/configmapsync_reconcile.go:37 msg="Unable to get ConfigMap - either deleted or not yet available" module=operator.operator-controlplane.leader-lifecycle.secret-sync resource=gateway-conformance-infra/nonexistent-ca-certificate error="ConfigMap \"nonexistent-ca-certificate\" not found"
time=2026-03-08T08:15:59.245323636Z level=debug source=/go/src/github.com/cilium/cilium/operator/pkg/secretsync/configmapsync_reconcile.go:51 msg="Successfully reconciled ConfigMap" module=operator.operator-controlplane.leader-lifecycle.secret-sync resource=gateway-conformance-infra/nonexistent-ca-certificate action=ignored
time=2026-03-08T08:15:59.250098877Z level=debug source=/go/src/github.com/cilium/cilium/operator/pkg/lbipam/lbipam.go:405 msg="Deleted service 'gateway-conformance-infra/backendtlspolicy-malformed-ca-certificate-ref-test'" module=operator.operator-controlplane.leader-lifecycle.lbipam
time=2026-03-08T08:15:59.250138777Z level=debug source=/go/src/github.com/cilium/cilium/operator/pkg/lbipam/lbipam.go:1646 msg="Updating pool counts" module=operator.operator-controlplane.leader-lifecycle.lbipam
time=2026-03-08T08:15:59.250267127Z level=info source=/go/src/github.com/cilium/cilium/operator/pkg/gateway-api/gamma_reconcile.go:46 msg="Reconciling GAMMA service" module=operator.operator-controlplane.leader-lifecycle.gateway-api controller=gamma resource=gateway-conformance-infra/backendtlspolicy-malformed-ca-certificate-ref-test
time=2026-03-08T08:15:59.25763003Z level=debug source=/go/src/github.com/cilium/cilium/pkg/k8s/apis/cilium.io/v2/cec_types.go:193 msg="CEC unmarshaled XDS Resource" resource="[type.googleapis.com/envoy.config.listener.v3.Listener]:  {\n  name:  \"listener\"\n  filter_chains:  {\n    filter_chain_match:  {\n      transport_protocol:  \"raw_buffer\"\n    }\n    filters:  {\n      name:  \"envoy.filters.network.http_connection_manager\"\n      typed_config:  {\n        [type.googleapis.com/envoy.extensions.filters.network.http_connection_manager.v3.HttpConnectionManager]:  {\n          stat_prefix:  \"listener-insecure\"\n          rds:  {\n            route_config_name:  \"listener-insecure\"\n          }\n          http_filters:  {\n            name:  \"envoy.filters.http.grpc_web\"\n            typed_config:  {\n              [type.googleapis.com/envoy.extensions.filters.http.grpc_web.v3.GrpcWeb]:  {}\n            }\n          }\n          http_filters:  {\n            name:  \"envoy.filters.http.grpc_stats\"\n            typed_config:  {\n              [type.googleapis.com/envoy.extensions.filters.http.grpc_stats.v3.FilterConfig]:  {\n                emit_filter_state:  true\n                enable_upstream_stats:  true\n              }\n            }\n          }\n          http_filters:  {\n            name:  \"envoy.filters.http.router\"\n            typed_config:  {\n              [type.googleapis.com/envoy.extensions.filters.http.router.v3.Router]:  {}\n            }\n          }\n          common_http_protocol_options:  {\n            max_stream_duration:  {}\n          }\n          stream_idle_timeout:  {\n            seconds:  300\n          }\n          use_remote_address:  {\n            value:  true\n          }\n          internal_address_config:  {\n            cidr_ranges:  {\n              address_prefix:  \"10.0.0.0\"\n              prefix_len:  {\n                value:  8\n              }\n            }\n            cidr_ranges:  {\n              address_prefix:  \"172.16.0.0\"\n              prefix_len:  {\n                value:  12\n              }\n            }\n            cidr_ranges:  {\n              address_prefix:  \"192.168.0.0\"\n              prefix_len:  {\n                value:  16\n              }\n            }\n            cidr_ranges:  {\n              address_prefix:  \"127.0.0.1\"\n              prefix_len:  {\n                value:  32\n              }\n            }\n          }\n          upgrade_configs:  {\n            upgrade_type:  \"websocket\"\n          }\n        }\n      }\n    }\n  }\n  listener_filters:  {\n    name:  \"envoy.filters.listener.tls_inspector\"\n    typed_config:  {\n      [type.googleapis.com/envoy.extensions.filters.listener.tls_inspector.v3.TlsInspector]:  {}\n    }\n  }\n  socket_options:  {\n    description:  \"Enable TCP keep-alive (default to enabled)\"\n    level:  1\n    name:  9\n    int_value:  1\n  }\n  socket_options:  {\n    description:  \"TCP keep-alive idle time (in seconds) (defaults to 10s)\"\n    level:  6\n    name:  4\n    int_value:  10\n  }\n  socket_options:  {\n    description:  \"TCP keep-alive probe intervals (in seconds) (defaults to 5s)\"\n    level:  6\n    name:  5\n    int_value:  5\n  }\n  socket_options:  {\n    description:  \"TCP keep-alive probe max failures.\"\n    level:  6\n    name:  6\n    int_value:  10\n  }\n}\n"
time=2026-03-08T08:15:59.2579157Z level=debug source=/go/src/github.com/cilium/cilium/pkg/k8s/apis/cilium.io/v2/cec_types.go:193 msg="CEC unmarshaled XDS Resource" resource="[type.googleapis.com/envoy.config.route.v3.RouteConfiguration]:  {\n  name:  \"listener-insecure\"\n  virtual_hosts:  {\n    name:  \"abc.example.com\"\n    domains:  \"abc.example.com\"\n    domains:  \"abc.example.com:*\"\n    routes:  {\n      match:  {\n        path:  \"/backendtlspolicy-nonexistent-ca-certificate-ref\"\n      }\n      route:  {\n        cluster:  \"gateway-conformance-infra:backendtlspolicy-nonexistent-ca-certificate-ref-test:443\"\n        max_stream_duration:  {\n          max_stream_duration:  {}\n        }\n      }\n    }\n    routes:  {\n      match:  {\n        path:  \"/backendtlspolicy-malformed-ca-certificate-ref\"\n      }\n      route:  {\n        cluster:  \"gateway-conformance-infra:backendtlspolicy-malformed-ca-certificate-ref-test:443\"\n        max_stream_duration:  {\n          max_stream_duration:  {}\n        }\n      }\n    }\n  }\n}\n"
time=2026-03-08T08:15:59.25808781Z level=debug source=/go/src/github.com/cilium/cilium/pkg/k8s/apis/cilium.io/v2/cec_types.go:193 msg="CEC unmarshaled XDS Resource" resource="[type.googleapis.com/envoy.config.cluster.v3.Cluster]:  {\n  name:  \"gateway-conformance-infra:backendtlspolicy-malformed-ca-certificate-ref-test:443\"\n  type:  EDS\n  eds_cluster_config:  {\n    service_name:  \"gateway-conformance-infra/backendtlspolicy-malformed-ca-certificate-ref-test:443\"\n  }\n  typed_extension_protocol_options:  {\n    key:  \"envoy.extensions.upstreams.http.v3.HttpProtocolOptions\"\n    value:  {\n      [type.googleapis.com/envoy.extensions.upstreams.http.v3.HttpProtocolOptions]:  {\n        common_http_protocol_options:  {\n          idle_timeout:  {\n            seconds:  60\n          }\n        }\n        use_downstream_protocol_config:  {\n          http2_protocol_options:  {}\n        }\n      }\n    }\n  }\n  outlier_detection:  {\n    split_external_local_origin_errors:  true\n  }\n}\n"
time=2026-03-08T08:15:59.25827964Z level=debug source=/go/src/github.com/cilium/cilium/pkg/k8s/apis/cilium.io/v2/cec_types.go:193 msg="CEC unmarshaled XDS Resource" resource="[type.googleapis.com/envoy.config.cluster.v3.Cluster]:  {\n  name:  \"gateway-conformance-infra:backendtlspolicy-nonexistent-ca-certificate-ref-test:443\"\n  type:  EDS\n  eds_cluster_config:  {\n    service_name:  \"gateway-conformance-infra/backendtlspolicy-nonexistent-ca-certificate-ref-test:443\"\n  }\n  typed_extension_protocol_options:  {\n    key:  \"envoy.extensions.upstreams.http.v3.HttpProtocolOptions\"\n    value:  {\n      [type.googleapis.com/envoy.extensions.upstreams.http.v3.HttpProtocolOptions]:  {\n        common_http_protocol_options:  {\n          idle_timeout:  {\n            seconds:  60\n          }\n        }\n        use_downstream_protocol_config:  {\n          http2_protocol_options:  {}\n        }\n      }\n    }\n  }\n  outlier_detection:  {\n    split_external_local_origin_errors:  true\n  }\n  transport_socket:  {\n    name:  \"envoy.transport_sockets.tls\"\n    typed_config:  {\n      [type.googleapis.com/envoy.extensions.transport_sockets.tls.v3.UpstreamTlsContext]:  {\n        common_tls_context:  {\n          combined_validation_context:  {\n            default_validation_context:  {}\n            validation_context_sds_secret_config:  {\n              name:  \"cilium-secrets/gateway-conformance-infra-cfgmap-nonexistent-ca-certificate\"\n            }\n          }\n        }\n        sni:  \"abc.example.com\"\n      }\n    }\n  }\n}\n"
time=2026-03-08T08:15:59.25832867Z level=info source=/go/src/github.com/cilium/cilium/operator/pkg/gateway-api/gateway_reconcile.go:458 msg="Checking address status for Gateway" module=operator.operator-controlplane.leader-lifecycle.gateway-api controller=gateway resource=gateway-conformance-infra/same-namespace
time=2026-03-08T08:15:59.25829209Z level=debug source=/go/src/github.com/cilium/cilium/pkg/k8s/apis/cilium.io/v2/cec_types.go:193 msg="CEC unmarshaled XDS Resource" resource="[type.googleapis.com/envoy.config.listener.v3.Listener]:  {\n  name:  \"listener\"\n  filter_chains:  {\n    filter_chain_match:  {\n      transport_protocol:  \"raw_buffer\"\n    }\n    filters:  {\n      name:  \"envoy.filters.network.http_connection_manager\"\n      typed_config:  {\n        [type.googleapis.com/envoy.extensions.filters.network.http_connection_manager.v3.HttpConnectionManager]:  {\n          stat_prefix:  \"listener-insecure\"\n          rds:  {\n            route_config_name:  \"listener-insecure\"\n          }\n          http_filters:  {\n            name:  \"envoy.filters.http.grpc_web\"\n            typed_config:  {\n              [type.googleapis.com/envoy.extensions.filters.http.grpc_web.v3.GrpcWeb]:  {}\n            }\n          }\n          http_filters:  {\n            name:  \"envoy.filters.http.grpc_stats\"\n            typed_config:  {\n              [type.googleapis.com/envoy.extensions.filters.http.grpc_stats.v3.FilterConfig]:  {\n                emit_filter_state:  true\n                enable_upstream_stats:  true\n              }\n            }\n          }\n          http_filters:  {\n            name:  \"envoy.filters.http.router\"\n            typed_config:  {\n              [type.googleapis.com/envoy.extensions.filters.http.router.v3.Router]:  {}\n            }\n          }\n          common_http_protocol_options:  {\n            max_stream_duration:  {}\n          }\n          stream_idle_timeout:  {\n            seconds:  300\n          }\n          use_remote_address:  {\n            value:  true\n          }\n          internal_address_config:  {\n            cidr_ranges:  {\n              address_prefix:  \"10.0.0.0\"\n              prefix_len:  {\n                value:  8\n              }\n            }\n            cidr_ranges:  {\n              address_prefix:  \"172.16.0.0\"\n              prefix_len:  {\n                value:  12\n              }\n            }\n            cidr_ranges:  {\n              address_prefix:  \"192.168.0.0\"\n              prefix_len:  {\n                value:  16\n              }\n            }\n            cidr_ranges:  {\n              address_prefix:  \"127.0.0.1\"\n              prefix_len:  {\n                value:  32\n              }\n            }\n          }\n          upgrade_configs:  {\n            upgrade_type:  \"websocket\"\n          }\n        }\n      }\n    }\n  }\n  listener_filters:  {\n    name:  \"envoy.filters.listener.tls_inspector\"\n    typed_config:  {\n      [type.googleapis.com/envoy.extensions.filters.listener.tls_inspector.v3.TlsInspector]:  {}\n    }\n  }\n  socket_options:  {\n    description:  \"Enable TCP keep-alive (default to enabled)\"\n    level:  1\n    name:  9\n    int_value:  1\n  }\n  socket_options:  {\n    description:  \"TCP keep-alive idle time (in seconds) (defaults to 10s)\"\n    level:  6\n    name:  4\n    int_value:  10\n  }\n  socket_options:  {\n    description:  \"TCP keep-alive probe intervals (in seconds) (defaults to 5s)\"\n    level:  6\n    name:  5\n    int_value:  5\n  }\n  socket_options:  {\n    description:  \"TCP keep-alive probe max failures.\"\n    level:  6\n    name:  6\n    int_value:  10\n  }\n}\n"
time=2026-03-08T08:15:59.25837896Z level=info source=/go/src/github.com/cilium/cilium/operator/pkg/gateway-api/gateway_reconcile.go:494 msg="At least one valid address, marking gateway programmed" module=operator.operator-controlplane.leader-lifecycle.gateway-api controller=gateway resource=gateway-conformance-infra/same-namespace
time=2026-03-08T08:15:59.25854114Z level=info source=/go/src/github.com/cilium/cilium/operator/pkg/gateway-api/gateway_reconcile.go:262 msg="Successfully reconciled Gateway" module=operator.operator-controlplane.leader-lifecycle.gateway-api controller=gateway resource=gateway-conformance-infra/same-namespace
time=2026-03-08T08:15:59.25856556Z level=debug source=/go/src/github.com/cilium/cilium/pkg/k8s/apis/cilium.io/v2/cec_types.go:193 msg="CEC unmarshaled XDS Resource" resource="[type.googleapis.com/envoy.config.route.v3.RouteConfiguration]:  {\n  name:  \"listener-insecure\"\n  virtual_hosts:  {\n    name:  \"abc.example.com\"\n    domains:  \"abc.example.com\"\n    domains:  \"abc.example.com:*\"\n    routes:  {\n      match:  {\n        path:  \"/backendtlspolicy-nonexistent-ca-certificate-ref\"\n      }\n      route:  {\n        cluster:  \"gateway-conformance-infra:backendtlspolicy-nonexistent-ca-certificate-ref-test:443\"\n        max_stream_duration:  {\n          max_stream_duration:  {}\n        }\n      }\n    }\n    routes:  {\n      match:  {\n        path:  \"/backendtlspolicy-malformed-ca-certificate-ref\"\n      }\n      route:  {\n        cluster:  \"gateway-conformance-infra:backendtlspolicy-malformed-ca-certificate-ref-test:443\"\n        max_stream_duration:  {\n          max_stream_duration:  {}\n        }\n      }\n    }\n  }\n}\n"
time=2026-03-08T08:15:59.25861414Z level=info source=/go/src/github.com/cilium/cilium/operator/pkg/gateway-api/gateway_reconcile.go:55 msg="Reconciling Gateway" module=operator.operator-controlplane.leader-lifecycle.gateway-api controller=gateway resource=gateway-conformance-infra/same-namespace
time=2026-03-08T08:15:59.25882086Z level=debug source=/go/src/github.com/cilium/cilium/operator/pkg/gateway-api/gateway_reconcile.go:870 msg="Updating HTTPRoute statuses for Gateway" module=operator.operator-controlplane.leader-lifecycle.gateway-api controller=gateway resource=gateway-conformance-infra/same-namespace numRoutes=1
time=2026-03-08T08:15:59.25881152Z level=debug source=/go/src/github.com/cilium/cilium/pkg/k8s/apis/cilium.io/v2/cec_types.go:193 msg="CEC unmarshaled XDS Resource" resource="[type.googleapis.com/envoy.config.cluster.v3.Cluster]:  {\n  name:  \"gateway-conformance-infra:backendtlspolicy-malformed-ca-certificate-ref-test:443\"\n  type:  EDS\n  eds_cluster_config:  {\n    service_name:  \"gateway-conformance-infra/backendtlspolicy-malformed-ca-certificate-ref-test:443\"\n  }\n  typed_extension_protocol_options:  {\n    key:  \"envoy.extensions.upstreams.http.v3.HttpProtocolOptions\"\n    value:  {\n      [type.googleapis.com/envoy.extensions.upstreams.http.v3.HttpProtocolOptions]:  {\n        common_http_protocol_options:  {\n          idle_timeout:  {\n            seconds:  60\n          }\n        }\n        use_downstream_protocol_config:  {\n          http2_protocol_options:  {}\n        }\n      }\n    }\n  }\n  outlier_detection:  {\n    split_external_local_origin_errors:  true\n  }\n}\n"
time=2026-03-08T08:15:59.25913232Z level=debug source=/go/src/github.com/cilium/cilium/operator/pkg/gateway-api/gateway_reconcile.go:1234 msg="Updating HTTPRoute status" module=operator.operator-controlplane.leader-lifecycle.gateway-api controller=gateway resource=gateway-conformance-infra/same-namespace httpRoute=gateway-conformance-infra/backendtlspolicy-invalid-ca-certificate-ref
time=2026-03-08T08:15:59.25917979Z level=debug source=/go/src/github.com/cilium/cilium/pkg/k8s/apis/cilium.io/v2/cec_types.go:193 msg="CEC unmarshaled XDS Resource" resource="[type.googleapis.com/envoy.config.cluster.v3.Cluster]:  {\n  name:  \"gateway-conformance-infra:backendtlspolicy-nonexistent-ca-certificate-ref-test:443\"\n  type:  EDS\n  eds_cluster_config:  {\n    service_name:  \"gateway-conformance-infra/backendtlspolicy-nonexistent-ca-certificate-ref-test:443\"\n  }\n  typed_extension_protocol_options:  {\n    key:  \"envoy.extensions.upstreams.http.v3.HttpProtocolOptions\"\n    value:  {\n      [type.googleapis.com/envoy.extensions.upstreams.http.v3.HttpProtocolOptions]:  {\n        common_http_protocol_options:  {\n          idle_timeout:  {\n            seconds:  60\n          }\n        }\n        use_downstream_protocol_config:  {\n          http2_protocol_options:  {}\n        }\n      }\n    }\n  }\n  outlier_detection:  {\n    split_external_local_origin_errors:  true\n  }\n  transport_socket:  {\n    name:  \"envoy.transport_sockets.tls\"\n    typed_config:  {\n      [type.googleapis.com/envoy.extensions.transport_sockets.tls.v3.UpstreamTlsContext]:  {\n        common_tls_context:  {\n          combined_validation_context:  {\n            default_validation_context:  {}\n            validation_context_sds_secret_config:  {\n              name:  \"cilium-secrets/gateway-conformance-infra-cfgmap-nonexistent-ca-certificate\"\n            }\n          }\n        }\n        sni:  \"abc.example.com\"\n      }\n    }\n  }\n}\n"
time=2026-03-08T08:15:59.263720632Z level=debug source=/go/src/github.com/cilium/cilium/operator/pkg/lbipam/lbipam.go:405 msg="Deleted service 'gateway-conformance-infra/backendtlspolicy-nonexistent-ca-certificate-ref-test'" module=operator.operator-controlplane.leader-lifecycle.lbipam
time=2026-03-08T08:15:59.263785441Z level=debug source=/go/src/github.com/cilium/cilium/operator/pkg/lbipam/lbipam.go:1646 msg="Updating pool counts" module=operator.operator-controlplane.leader-lifecycle.lbipam
time=2026-03-08T08:15:59.263844421Z level=info source=/go/src/github.com/cilium/cilium/operator/pkg/gateway-api/gamma_reconcile.go:46 msg="Reconciling GAMMA service" module=operator.operator-controlplane.leader-lifecycle.gateway-api controller=gamma resource=gateway-conformance-infra/backendtlspolicy-nonexistent-ca-certificate-ref-test
time=2026-03-08T08:15:59.265155062Z level=debug source=/go/src/github.com/cilium/cilium/operator/pkg/gateway-api/gateway_reconcile.go:909 msg="Updating TLSRoute statuses for Gateway" module=operator.operator-controlplane.leader-lifecycle.gateway-api controller=gateway resource=gateway-conformance-infra/same-namespace numRoutes=0
time=2026-03-08T08:15:59.265216172Z level=debug source=/go/src/github.com/cilium/cilium/operator/pkg/gateway-api/gateway_reconcile.go:943 msg="Updating GRPCRoute statuses for Gateway" module=operator.operator-controlplane.leader-lifecycle.gateway-api controller=gateway resource=gateway-conformance-infra/same-namespace numRoutes=0
time=2026-03-08T08:15:59.265233232Z level=debug source=/go/src/github.com/cilium/cilium/operator/pkg/gateway-api/gateway_reconcile.go:982 msg="Updating BackendTLSPolicy statuses for Gateway" module=operator.operator-controlplane.leader-lifecycle.gateway-api controller=gateway resource=gateway-conformance-infra/same-namespace policies=0
time=2026-03-08T08:15:59.265257972Z level=debug source=/go/src/github.com/cilium/cilium/operator/pkg/model/ingestion/gateway.go:389 msg="Checking Backend TLS Details for service" module=operator.operator-controlplane.leader-lifecycle.gateway-api controller=gateway resource=gateway-conformance-infra/same-namespace service=gateway-conformance-infra/backendtlspolicy-nonexistent-ca-certificate-ref-test backend="{Name:backendtlspolicy-nonexistent-ca-certificate-ref-test Namespace:gateway-conformance-infra Port:0x1d273548dbc0 AppProtocol:0x1d27336c1c20 TLS:<nil> Weight:0x1d27332bfad4}" port=443
time=2026-03-08T08:15:59.265628462Z level=info source=/go/src/github.com/cilium/cilium/operator/pkg/gateway-api/gateway.go:613 msg="Enqueued gateway for Route" module=operator.operator-controlplane.leader-lifecycle.gateway-api controller=gateway resource=gateway-conformance-infra/backendtlspolicy-invalid-ca-certificate-ref k8sNamespace=gateway-conformance-infra parentResource=same-namespace route=backendtlspolicy-invalid-ca-certificate-ref
time=2026-03-08T08:15:59.265681422Z level=info source=/go/src/github.com/cilium/cilium/operator/pkg/gateway-api/gateway.go:613 msg="Enqueued gateway for Route" module=operator.operator-controlplane.leader-lifecycle.gateway-api controller=gateway resource=gateway-conformance-infra/backendtlspolicy-invalid-ca-certificate-ref k8sNamespace=gateway-conformance-infra parentResource=same-namespace route=backendtlspolicy-invalid-ca-certificate-ref
time=2026-03-08T08:15:59.275258135Z level=info source=/go/src/github.com/cilium/cilium/operator/pkg/gateway-api/gateway.go:613 msg="Enqueued gateway for Route" module=operator.operator-controlplane.leader-lifecycle.gateway-api controller=gateway resource=gateway-conformance-infra/backendtlspolicy-invalid-ca-certificate-ref k8sNamespace=gateway-conformance-infra parentResource=same-namespace route=backendtlspolicy-invalid-ca-certificate-ref
time=2026-03-08T08:15:59.278441406Z level=debug source=/go/src/github.com/cilium/cilium/pkg/k8s/apis/cilium.io/v2/cec_types.go:193 msg="CEC unmarshaled XDS Resource" resource="[type.googleapis.com/envoy.config.listener.v3.Listener]:  {\n  name:  \"listener\"\n  filter_chains:  {\n    filter_chain_match:  {\n      transport_protocol:  \"raw_buffer\"\n    }\n    filters:  {\n      name:  \"envoy.filters.network.http_connection_manager\"\n      typed_config:  {\n        [type.googleapis.com/envoy.extensions.filters.network.http_connection_manager.v3.HttpConnectionManager]:  {\n          stat_prefix:  \"listener-insecure\"\n          rds:  {\n            route_config_name:  \"listener-insecure\"\n          }\n          http_filters:  {\n            name:  \"envoy.filters.http.grpc_web\"\n            typed_config:  {\n              [type.googleapis.com/envoy.extensions.filters.http.grpc_web.v3.GrpcWeb]:  {}\n            }\n          }\n          http_filters:  {\n            name:  \"envoy.filters.http.grpc_stats\"\n            typed_config:  {\n              [type.googleapis.com/envoy.extensions.filters.http.grpc_stats.v3.FilterConfig]:  {\n                emit_filter_state:  true\n                enable_upstream_stats:  true\n              }\n            }\n          }\n          http_filters:  {\n            name:  \"envoy.filters.http.router\"\n            typed_config:  {\n              [type.googleapis.com/envoy.extensions.filters.http.router.v3.Router]:  {}\n            }\n          }\n          common_http_protocol_options:  {\n            max_stream_duration:  {}\n          }\n          stream_idle_timeout:  {\n            seconds:  300\n          }\n          use_remote_address:  {\n            value:  true\n          }\n          internal_address_config:  {\n            cidr_ranges:  {\n              address_prefix:  \"10.0.0.0\"\n              prefix_len:  {\n                value:  8\n              }\n            }\n            cidr_ranges:  {\n              address_prefix:  \"172.16.0.0\"\n              prefix_len:  {\n                value:  12\n              }\n            }\n            cidr_ranges:  {\n              address_prefix:  \"192.168.0.0\"\n              prefix_len:  {\n                value:  16\n              }\n            }\n            cidr_ranges:  {\n              address_prefix:  \"127.0.0.1\"\n              prefix_len:  {\n                value:  32\n              }\n            }\n          }\n          upgrade_configs:  {\n            upgrade_type:  \"websocket\"\n          }\n        }\n      }\n    }\n  }\n  listener_filters:  {\n    name:  \"envoy.filters.listener.tls_inspector\"\n    typed_config:  {\n      [type.googleapis.com/envoy.extensions.filters.listener.tls_inspector.v3.TlsInspector]:  {}\n    }\n  }\n  socket_options:  {\n    description:  \"Enable TCP keep-alive (default to enabled)\"\n    level:  1\n    name:  9\n    int_value:  1\n  }\n  socket_options:  {\n    description:  \"TCP keep-alive idle time (in seconds) (defaults to 10s)\"\n    level:  6\n    name:  4\n    int_value:  10\n  }\n  socket_options:  {\n    description:  \"TCP keep-alive probe intervals (in seconds) (defaults to 5s)\"\n    level:  6\n    name:  5\n    int_value:  5\n  }\n  socket_options:  {\n    description:  \"TCP keep-alive probe max failures.\"\n    level:  6\n    name:  6\n    int_value:  10\n  }\n}\n"
time=2026-03-08T08:15:59.278590336Z level=debug source=/go/src/github.com/cilium/cilium/pkg/k8s/apis/cilium.io/v2/cec_types.go:193 msg="CEC unmarshaled XDS Resource" resource="[type.googleapis.com/envoy.config.route.v3.RouteConfiguration]:  {\n  name:  \"listener-insecure\"\n  virtual_hosts:  {\n    name:  \"abc.example.com\"\n    domains:  \"abc.example.com\"\n    domains:  \"abc.example.com:*\"\n    routes:  {\n      match:  {\n        path:  \"/backendtlspolicy-nonexistent-ca-certificate-ref\"\n      }\n      route:  {\n        cluster:  \"gateway-conformance-infra:backendtlspolicy-nonexistent-ca-certificate-ref-test:443\"\n        max_stream_duration:  {\n          max_stream_duration:  {}\n        }\n      }\n    }\n    routes:  {\n      match:  {\n        path:  \"/backendtlspolicy-malformed-ca-certificate-ref\"\n      }\n      direct_response:  {\n        status:  500\n        body:  {\n          inline_string:  \"\"\n        }\n      }\n    }\n  }\n}\n"
time=2026-03-08T08:15:59.278692366Z level=debug source=/go/src/github.com/cilium/cilium/pkg/k8s/apis/cilium.io/v2/cec_types.go:193 msg="CEC unmarshaled XDS Resource" resource="[type.googleapis.com/envoy.config.cluster.v3.Cluster]:  {\n  name:  \"gateway-conformance-infra:backendtlspolicy-nonexistent-ca-certificate-ref-test:443\"\n  type:  EDS\n  eds_cluster_config:  {\n    service_name:  \"gateway-conformance-infra/backendtlspolicy-nonexistent-ca-certificate-ref-test:443\"\n  }\n  typed_extension_protocol_options:  {\n    key:  \"envoy.extensions.upstreams.http.v3.HttpProtocolOptions\"\n    value:  {\n      [type.googleapis.com/envoy.extensions.upstreams.http.v3.HttpProtocolOptions]:  {\n        common_http_protocol_options:  {\n          idle_timeout:  {\n            seconds:  60\n          }\n        }\n        use_downstream_protocol_config:  {\n          http2_protocol_options:  {}\n        }\n      }\n    }\n  }\n  outlier_detection:  {\n    split_external_local_origin_errors:  true\n  }\n}\n"
time=2026-03-08T08:15:59.278727196Z level=info source=/go/src/github.com/cilium/cilium/operator/pkg/gateway-api/gateway_reconcile.go:458 msg="Checking address status for Gateway" module=operator.operator-controlplane.leader-lifecycle.gateway-api controller=gateway resource=gateway-conformance-infra/same-namespace
time=2026-03-08T08:15:59.278771276Z level=info source=/go/src/github.com/cilium/cilium/operator/pkg/gateway-api/gateway_reconcile.go:494 msg="At least one valid address, marking gateway programmed" module=operator.operator-controlplane.leader-lifecycle.gateway-api controller=gateway resource=gateway-conformance-infra/same-namespace
time=2026-03-08T08:15:59.278880197Z level=info source=/go/src/github.com/cilium/cilium/operator/pkg/gateway-api/gateway_reconcile.go:262 msg="Successfully reconciled Gateway" module=operator.operator-controlplane.leader-lifecycle.gateway-api controller=gateway resource=gateway-conformance-infra/same-namespace
time=2026-03-08T08:15:59.278944737Z level=info source=/go/src/github.com/cilium/cilium/operator/pkg/gateway-api/gateway_reconcile.go:55 msg="Reconciling Gateway" module=operator.operator-controlplane.leader-lifecycle.gateway-api controller=gateway resource=gateway-conformance-infra/same-namespace
time=2026-03-08T08:15:59.278934877Z level=debug source=/go/src/github.com/cilium/cilium/pkg/k8s/apis/cilium.io/v2/cec_types.go:193 msg="CEC unmarshaled XDS Resource" resource="[type.googleapis.com/envoy.config.listener.v3.Listener]:  {\n  name:  \"listener\"\n  filter_chains:  {\n    filter_chain_match:  {\n      transport_protocol:  \"raw_buffer\"\n    }\n    filters:  {\n      name:  \"envoy.filters.network.http_connection_manager\"\n      typed_config:  {\n        [type.googleapis.com/envoy.extensions.filters.network.http_connection_manager.v3.HttpConnectionManager]:  {\n          stat_prefix:  \"listener-insecure\"\n          rds:  {\n            route_config_name:  \"listener-insecure\"\n          }\n          http_filters:  {\n            name:  \"envoy.filters.http.grpc_web\"\n            typed_config:  {\n              [type.googleapis.com/envoy.extensions.filters.http.grpc_web.v3.GrpcWeb]:  {}\n            }\n          }\n          http_filters:  {\n            name:  \"envoy.filters.http.grpc_stats\"\n            typed_config:  {\n              [type.googleapis.com/envoy.extensions.filters.http.grpc_stats.v3.FilterConfig]:  {\n                emit_filter_state:  true\n                enable_upstream_stats:  true\n              }\n            }\n          }\n          http_filters:  {\n            name:  \"envoy.filters.http.router\"\n            typed_config:  {\n              [type.googleapis.com/envoy.extensions.filters.http.router.v3.Router]:  {}\n            }\n          }\n          common_http_protocol_options:  {\n            max_stream_duration:  {}\n          }\n          stream_idle_timeout:  {\n            seconds:  300\n          }\n          use_remote_address:  {\n            value:  true\n          }\n          internal_address_config:  {\n            cidr_ranges:  {\n              address_prefix:  \"10.0.0.0\"\n              prefix_len:  {\n                value:  8\n              }\n            }\n            cidr_ranges:  {\n              address_prefix:  \"172.16.0.0\"\n              prefix_len:  {\n                value:  12\n              }\n            }\n            cidr_ranges:  {\n              address_prefix:  \"192.168.0.0\"\n              prefix_len:  {\n                value:  16\n              }\n            }\n            cidr_ranges:  {\n              address_prefix:  \"127.0.0.1\"\n              prefix_len:  {\n                value:  32\n              }\n            }\n          }\n          upgrade_configs:  {\n            upgrade_type:  \"websocket\"\n          }\n        }\n      }\n    }\n  }\n  listener_filters:  {\n    name:  \"envoy.filters.listener.tls_inspector\"\n    typed_config:  {\n      [type.googleapis.com/envoy.extensions.filters.listener.tls_inspector.v3.TlsInspector]:  {}\n    }\n  }\n  socket_options:  {\n    description:  \"Enable TCP keep-alive (default to enabled)\"\n    level:  1\n    name:  9\n    int_value:  1\n  }\n  socket_options:  {\n    description:  \"TCP keep-alive idle time (in seconds) (defaults to 10s)\"\n    level:  6\n    name:  4\n    int_value:  10\n  }\n  socket_options:  {\n    description:  \"TCP keep-alive probe intervals (in seconds) (defaults to 5s)\"\n    level:  6\n    name:  5\n    int_value:  5\n  }\n  socket_options:  {\n    description:  \"TCP keep-alive probe max failures.\"\n    level:  6\n    name:  6\n    int_value:  10\n  }\n}\n"
time=2026-03-08T08:15:59.279095646Z level=debug source=/go/src/github.com/cilium/cilium/operator/pkg/gateway-api/gateway_reconcile.go:870 msg="Updating HTTPRoute statuses for Gateway" module=operator.operator-controlplane.leader-lifecycle.gateway-api controller=gateway resource=gateway-conformance-infra/same-namespace numRoutes=0
time=2026-03-08T08:15:59.279113126Z level=debug source=/go/src/github.com/cilium/cilium/operator/pkg/gateway-api/gateway_reconcile.go:909 msg="Updating TLSRoute statuses for Gateway" module=operator.operator-controlplane.leader-lifecycle.gateway-api controller=gateway resource=gateway-conformance-infra/same-namespace numRoutes=0
time=2026-03-08T08:15:59.279123206Z level=debug source=/go/src/github.com/cilium/cilium/operator/pkg/gateway-api/gateway_reconcile.go:943 msg="Updating GRPCRoute statuses for Gateway" module=operator.operator-controlplane.leader-lifecycle.gateway-api controller=gateway resource=gateway-conformance-infra/same-namespace numRoutes=0
time=2026-03-08T08:15:59.279131946Z level=debug source=/go/src/github.com/cilium/cilium/operator/pkg/gateway-api/gateway_reconcile.go:982 msg="Updating BackendTLSPolicy statuses for Gateway" module=operator.operator-controlplane.leader-lifecycle.gateway-api controller=gateway resource=gateway-conformance-infra/same-namespace policies=0
time=2026-03-08T08:15:59.279165126Z level=debug source=/go/src/github.com/cilium/cilium/pkg/k8s/apis/cilium.io/v2/cec_types.go:193 msg="CEC unmarshaled XDS Resource" resource="[type.googleapis.com/envoy.config.route.v3.RouteConfiguration]:  {\n  name:  \"listener-insecure\"\n  virtual_hosts:  {\n    name:  \"abc.example.com\"\n    domains:  \"abc.example.com\"\n    domains:  \"abc.example.com:*\"\n    routes:  {\n      match:  {\n        path:  \"/backendtlspolicy-nonexistent-ca-certificate-ref\"\n      }\n      route:  {\n        cluster:  \"gateway-conformance-infra:backendtlspolicy-nonexistent-ca-certificate-ref-test:443\"\n        max_stream_duration:  {\n          max_stream_duration:  {}\n        }\n      }\n    }\n    routes:  {\n      match:  {\n        path:  \"/backendtlspolicy-malformed-ca-certificate-ref\"\n      }\n      direct_response:  {\n        status:  500\n        body:  {\n          inline_string:  \"\"\n        }\n      }\n    }\n  }\n}\n"
time=2026-03-08T08:15:59.279402746Z level=debug source=/go/src/github.com/cilium/cilium/pkg/k8s/apis/cilium.io/v2/cec_types.go:193 msg="CEC unmarshaled XDS Resource" resource="[type.googleapis.com/envoy.config.cluster.v3.Cluster]:  {\n  name:  \"gateway-conformance-infra:backendtlspolicy-nonexistent-ca-certificate-ref-test:443\"\n  type:  EDS\n  eds_cluster_config:  {\n    service_name:  \"gateway-conformance-infra/backendtlspolicy-nonexistent-ca-certificate-ref-test:443\"\n  }\n  typed_extension_protocol_options:  {\n    key:  \"envoy.extensions.upstreams.http.v3.HttpProtocolOptions\"\n    value:  {\n      [type.googleapis.com/envoy.extensions.upstreams.http.v3.HttpProtocolOptions]:  {\n        common_http_protocol_options:  {\n          idle_timeout:  {\n            seconds:  60\n          }\n        }\n        use_downstream_protocol_config:  {\n          http2_protocol_options:  {}\n        }\n      }\n    }\n  }\n  outlier_detection:  {\n    split_external_local_origin_errors:  true\n  }\n}\n"
time=2026-03-08T08:15:59.29065954Z level=debug source=/go/src/github.com/cilium/cilium/pkg/k8s/apis/cilium.io/v2/cec_types.go:193 msg="CEC unmarshaled XDS Resource" resource="[type.googleapis.com/envoy.config.listener.v3.Listener]:  {\n  name:  \"listener\"\n  filter_chains:  {\n    filter_chain_match:  {\n      transport_protocol:  \"raw_buffer\"\n    }\n    filters:  {\n      name:  \"envoy.filters.network.http_connection_manager\"\n      typed_config:  {\n        [type.googleapis.com/envoy.extensions.filters.network.http_connection_manager.v3.HttpConnectionManager]:  {\n          stat_prefix:  \"listener-insecure\"\n          rds:  {\n            route_config_name:  \"listener-insecure\"\n          }\n          http_filters:  {\n            name:  \"envoy.filters.http.grpc_web\"\n            typed_config:  {\n              [type.googleapis.com/envoy.extensions.filters.http.grpc_web.v3.GrpcWeb]:  {}\n            }\n          }\n          http_filters:  {\n            name:  \"envoy.filters.http.grpc_stats\"\n            typed_config:  {\n              [type.googleapis.com/envoy.extensions.filters.http.grpc_stats.v3.FilterConfig]:  {\n                emit_filter_state:  true\n                enable_upstream_stats:  true\n              }\n            }\n          }\n          http_filters:  {\n            name:  \"envoy.filters.http.router\"\n            typed_config:  {\n              [type.googleapis.com/envoy.extensions.filters.http.router.v3.Router]:  {}\n            }\n          }\n          common_http_protocol_options:  {\n            max_stream_duration:  {}\n          }\n          stream_idle_timeout:  {\n            seconds:  300\n          }\n          use_remote_address:  {\n            value:  true\n          }\n          internal_address_config:  {\n            cidr_ranges:  {\n              address_prefix:  \"10.0.0.0\"\n              prefix_len:  {\n                value:  8\n              }\n            }\n            cidr_ranges:  {\n              address_prefix:  \"172.16.0.0\"\n              prefix_len:  {\n                value:  12\n              }\n            }\n            cidr_ranges:  {\n              address_prefix:  \"192.168.0.0\"\n              prefix_len:  {\n                value:  16\n              }\n            }\n            cidr_ranges:  {\n              address_prefix:  \"127.0.0.1\"\n              prefix_len:  {\n                value:  32\n              }\n            }\n          }\n          upgrade_configs:  {\n            upgrade_type:  \"websocket\"\n          }\n        }\n      }\n    }\n  }\n  listener_filters:  {\n    name:  \"envoy.filters.listener.tls_inspector\"\n    typed_config:  {\n      [type.googleapis.com/envoy.extensions.filters.listener.tls_inspector.v3.TlsInspector]:  {}\n    }\n  }\n  socket_options:  {\n    description:  \"Enable TCP keep-alive (default to enabled)\"\n    level:  1\n    name:  9\n    int_value:  1\n  }\n  socket_options:  {\n    description:  \"TCP keep-alive idle time (in seconds) (defaults to 10s)\"\n    level:  6\n    name:  4\n    int_value:  10\n  }\n  socket_options:  {\n    description:  \"TCP keep-alive probe intervals (in seconds) (defaults to 5s)\"\n    level:  6\n    name:  5\n    int_value:  5\n  }\n  socket_options:  {\n    description:  \"TCP keep-alive probe max failures.\"\n    level:  6\n    name:  6\n    int_value:  10\n  }\n}\n"
time=2026-03-08T08:15:59.2907322Z level=debug source=/go/src/github.com/cilium/cilium/pkg/k8s/apis/cilium.io/v2/cec_types.go:193 msg="CEC unmarshaled XDS Resource" resource="[type.googleapis.com/envoy.config.route.v3.RouteConfiguration]:  {\n  name:  \"listener-insecure\"\n}\n"
time=2026-03-08T08:15:59.29075835Z level=info source=/go/src/github.com/cilium/cilium/operator/pkg/gateway-api/gateway_reconcile.go:458 msg="Checking address status for Gateway" module=operator.operator-controlplane.leader-lifecycle.gateway-api controller=gateway resource=gateway-conformance-infra/same-namespace
time=2026-03-08T08:15:59.29079288Z level=info source=/go/src/github.com/cilium/cilium/operator/pkg/gateway-api/gateway_reconcile.go:494 msg="At least one valid address, marking gateway programmed" module=operator.operator-controlplane.leader-lifecycle.gateway-api controller=gateway resource=gateway-conformance-infra/same-namespace
time=2026-03-08T08:15:59.29121976Z level=debug source=/go/src/github.com/cilium/cilium/pkg/k8s/apis/cilium.io/v2/cec_types.go:193 msg="CEC unmarshaled XDS Resource" resource="[type.googleapis.com/envoy.config.listener.v3.Listener]:  {\n  name:  \"listener\"\n  filter_chains:  {\n    filter_chain_match:  {\n      transport_protocol:  \"raw_buffer\"\n    }\n    filters:  {\n      name:  \"envoy.filters.network.http_connection_manager\"\n      typed_config:  {\n        [type.googleapis.com/envoy.extensions.filters.network.http_connection_manager.v3.HttpConnectionManager]:  {\n          stat_prefix:  \"listener-insecure\"\n          rds:  {\n            route_config_name:  \"listener-insecure\"\n          }\n          http_filters:  {\n            name:  \"envoy.filters.http.grpc_web\"\n            typed_config:  {\n              [type.googleapis.com/envoy.extensions.filters.http.grpc_web.v3.GrpcWeb]:  {}\n            }\n          }\n          http_filters:  {\n            name:  \"envoy.filters.http.grpc_stats\"\n            typed_config:  {\n              [type.googleapis.com/envoy.extensions.filters.http.grpc_stats.v3.FilterConfig]:  {\n                emit_filter_state:  true\n                enable_upstream_stats:  true\n              }\n            }\n          }\n          http_filters:  {\n            name:  \"envoy.filters.http.router\"\n            typed_config:  {\n              [type.googleapis.com/envoy.extensions.filters.http.router.v3.Router]:  {}\n            }\n          }\n          common_http_protocol_options:  {\n            max_stream_duration:  {}\n          }\n          stream_idle_timeout:  {\n            seconds:  300\n          }\n          use_remote_address:  {\n            value:  true\n          }\n          internal_address_config:  {\n            cidr_ranges:  {\n              address_prefix:  \"10.0.0.0\"\n              prefix_len:  {\n                value:  8\n              }\n            }\n            cidr_ranges:  {\n              address_prefix:  \"172.16.0.0\"\n              prefix_len:  {\n                value:  12\n              }\n            }\n            cidr_ranges:  {\n              address_prefix:  \"192.168.0.0\"\n              prefix_len:  {\n                value:  16\n              }\n            }\n            cidr_ranges:  {\n              address_prefix:  \"127.0.0.1\"\n              prefix_len:  {\n                value:  32\n              }\n            }\n          }\n          upgrade_configs:  {\n            upgrade_type:  \"websocket\"\n          }\n        }\n      }\n    }\n  }\n  listener_filters:  {\n    name:  \"envoy.filters.listener.tls_inspector\"\n    typed_config:  {\n      [type.googleapis.com/envoy.extensions.filters.listener.tls_inspector.v3.TlsInspector]:  {}\n    }\n  }\n  socket_options:  {\n    description:  \"Enable TCP keep-alive (default to enabled)\"\n    level:  1\n    name:  9\n    int_value:  1\n  }\n  socket_options:  {\n    description:  \"TCP keep-alive idle time (in seconds) (defaults to 10s)\"\n    level:  6\n    name:  4\n    int_value:  10\n  }\n  socket_options:  {\n    description:  \"TCP keep-alive probe intervals (in seconds) (defaults to 5s)\"\n    level:  6\n    name:  5\n    int_value:  5\n  }\n  socket_options:  {\n    description:  \"TCP keep-alive probe max failures.\"\n    level:  6\n    name:  6\n    int_value:  10\n  }\n}\n"
time=2026-03-08T08:15:59.29135927Z level=debug source=/go/src/github.com/cilium/cilium/pkg/k8s/apis/cilium.io/v2/cec_types.go:193 msg="CEC unmarshaled XDS Resource" resource="[type.googleapis.com/envoy.config.route.v3.RouteConfiguration]:  {\n  name:  \"listener-insecure\"\n}\n"
time=2026-03-08T08:15:59.297831972Z level=info source=/go/src/github.com/cilium/cilium/operator/pkg/gateway-api/gateway_reconcile.go:262 msg="Successfully reconciled Gateway" module=operator.operator-controlplane.leader-lifecycle.gateway-api controller=gateway resource=gateway-conformance-infra/same-namespace
time=2026-03-08T08:15:59.297903702Z level=info source=/go/src/github.com/cilium/cilium/operator/pkg/gateway-api/gateway_reconcile.go:55 msg="Reconciling Gateway" module=operator.operator-controlplane.leader-lifecycle.gateway-api controller=gateway resource=gateway-conformance-infra/same-namespace
time=2026-03-08T08:15:59.298053462Z level=debug source=/go/src/github.com/cilium/cilium/operator/pkg/gateway-api/gateway_reconcile.go:870 msg="Updating HTTPRoute statuses for Gateway" module=operator.operator-controlplane.leader-lifecycle.gateway-api controller=gateway resource=gateway-conformance-infra/same-namespace numRoutes=0
time=2026-03-08T08:15:59.298073202Z level=debug source=/go/src/github.com/cilium/cilium/operator/pkg/gateway-api/gateway_reconcile.go:909 msg="Updating TLSRoute statuses for Gateway" module=operator.operator-controlplane.leader-lifecycle.gateway-api controller=gateway resource=gateway-conformance-infra/same-namespace numRoutes=0
time=2026-03-08T08:15:59.298081742Z level=debug source=/go/src/github.com/cilium/cilium/operator/pkg/gateway-api/gateway_reconcile.go:943 msg="Updating GRPCRoute statuses for Gateway" module=operator.operator-controlplane.leader-lifecycle.gateway-api controller=gateway resource=gateway-conformance-infra/same-namespace numRoutes=0
time=2026-03-08T08:15:59.298089902Z level=debug source=/go/src/github.com/cilium/cilium/operator/pkg/gateway-api/gateway_reconcile.go:982 msg="Updating BackendTLSPolicy statuses for Gateway" module=operator.operator-controlplane.leader-lifecycle.gateway-api controller=gateway resource=gateway-conformance-infra/same-namespace policies=0
time=2026-03-08T08:15:59.301756064Z level=info source=/go/src/github.com/cilium/cilium/operator/pkg/gateway-api/gateway_reconcile.go:458 msg="Checking address status for Gateway" module=operator.operator-controlplane.leader-lifecycle.gateway-api controller=gateway resource=gateway-conformance-infra/same-namespace
time=2026-03-08T08:15:59.301800113Z level=info source=/go/src/github.com/cilium/cilium/operator/pkg/gateway-api/gateway_reconcile.go:494 msg="At least one valid address, marking gateway programmed" module=operator.operator-controlplane.leader-lifecycle.gateway-api controller=gateway resource=gateway-conformance-infra/same-namespace
time=2026-03-08T08:15:59.306741415Z level=info source=/go/src/github.com/cilium/cilium/vendor/github.com/go-logr/logr/logr.go:301 msg="Reconciler error" module=operator.operator-controlplane.leader-lifecycle.controller-runtime controller=gateway controllerGroup=gateway.networking.k8s.io controllerKind=Gateway Gateway.name=same-namespace Gateway.namespace=gateway-conformance-infra namespace=gateway-conformance-infra name=same-namespace reconcileID=512944b5-b576-4ab8-b6f7-2f49b3566e0c error="failed to update Gateway status: Operation cannot be fulfilled on gateways.gateway.networking.k8s.io \"same-namespace\": the object has been modified; please apply your changes to the latest version and try again"
time=2026-03-08T08:15:59.306804935Z level=info source=/go/src/github.com/cilium/cilium/operator/pkg/gateway-api/gateway_reconcile.go:55 msg="Reconciling Gateway" module=operator.operator-controlplane.leader-lifecycle.gateway-api controller=gateway resource=gateway-conformance-infra/same-namespace
time=2026-03-08T08:15:59.306970575Z level=debug source=/go/src/github.com/cilium/cilium/operator/pkg/gateway-api/gateway_reconcile.go:870 msg="Updating HTTPRoute statuses for Gateway" module=operator.operator-controlplane.leader-lifecycle.gateway-api controller=gateway resource=gateway-conformance-infra/same-namespace numRoutes=0
time=2026-03-08T08:15:59.306999585Z level=debug source=/go/src/github.com/cilium/cilium/operator/pkg/gateway-api/gateway_reconcile.go:909 msg="Updating TLSRoute statuses for Gateway" module=operator.operator-controlplane.leader-lifecycle.gateway-api controller=gateway resource=gateway-conformance-infra/same-namespace numRoutes=0
time=2026-03-08T08:15:59.307014245Z level=debug source=/go/src/github.com/cilium/cilium/operator/pkg/gateway-api/gateway_reconcile.go:943 msg="Updating GRPCRoute statuses for Gateway" module=operator.operator-controlplane.leader-lifecycle.gateway-api controller=gateway resource=gateway-conformance-infra/same-namespace numRoutes=0
time=2026-03-08T08:15:59.307028275Z level=debug source=/go/src/github.com/cilium/cilium/operator/pkg/gateway-api/gateway_reconcile.go:982 msg="Updating BackendTLSPolicy statuses for Gateway" module=operator.operator-controlplane.leader-lifecycle.gateway-api controller=gateway resource=gateway-conformance-infra/same-namespace policies=0
time=2026-03-08T08:15:59.311870787Z level=info source=/go/src/github.com/cilium/cilium/operator/pkg/gateway-api/gateway_reconcile.go:458 msg="Checking address status for Gateway" module=operator.operator-controlplane.leader-lifecycle.gateway-api controller=gateway resource=gateway-conformance-infra/same-namespace
time=2026-03-08T08:15:59.311962627Z level=info source=/go/src/github.com/cilium/cilium/operator/pkg/gateway-api/gateway_reconcile.go:494 msg="At least one valid address, marking gateway programmed" module=operator.operator-controlplane.leader-lifecycle.gateway-api controller=gateway resource=gateway-conformance-infra/same-namespace
time=2026-03-08T08:15:59.312082877Z level=info source=/go/src/github.com/cilium/cilium/operator/pkg/gateway-api/gateway_reconcile.go:262 msg="Successfully reconciled Gateway" module=operator.operator-controlplane.leader-lifecycle.gateway-api controller=gateway resource=gateway-conformance-infra/same-namespace
time=2026-03-08T08:15:59.312165817Z level=info source=/go/src/github.com/cilium/cilium/operator/pkg/gateway-api/gateway_reconcile.go:55 msg="Reconciling Gateway" module=operator.operator-controlplane.leader-lifecycle.gateway-api controller=gateway resource=gateway-conformance-infra/same-namespace
time=2026-03-08T08:15:59.312354927Z level=debug source=/go/src/github.com/cilium/cilium/operator/pkg/gateway-api/gateway_reconcile.go:870 msg="Updating HTTPRoute statuses for Gateway" module=operator.operator-controlplane.leader-lifecycle.gateway-api controller=gateway resource=gateway-conformance-infra/same-namespace numRoutes=0
time=2026-03-08T08:15:59.312374887Z level=debug source=/go/src/github.com/cilium/cilium/operator/pkg/gateway-api/gateway_reconcile.go:909 msg="Updating TLSRoute statuses for Gateway" module=operator.operator-controlplane.leader-lifecycle.gateway-api controller=gateway resource=gateway-conformance-infra/same-namespace numRoutes=0
time=2026-03-08T08:15:59.312384497Z level=debug source=/go/src/github.com/cilium/cilium/operator/pkg/gateway-api/gateway_reconcile.go:943 msg="Updating GRPCRoute statuses for Gateway" module=operator.operator-controlplane.leader-lifecycle.gateway-api controller=gateway resource=gateway-conformance-infra/same-namespace numRoutes=0
time=2026-03-08T08:15:59.312397937Z level=debug source=/go/src/github.com/cilium/cilium/operator/pkg/gateway-api/gateway_reconcile.go:982 msg="Updating BackendTLSPolicy statuses for Gateway" module=operator.operator-controlplane.leader-lifecycle.gateway-api controller=gateway resource=gateway-conformance-infra/same-namespace policies=0
time=2026-03-08T08:15:59.316969148Z level=info source=/go/src/github.com/cilium/cilium/operator/pkg/gateway-api/gateway_reconcile.go:458 msg="Checking address status for Gateway" module=operator.operator-controlplane.leader-lifecycle.gateway-api controller=gateway resource=gateway-conformance-infra/same-namespace
time=2026-03-08T08:15:59.317017138Z level=info source=/go/src/github.com/cilium/cilium/operator/pkg/gateway-api/gateway_reconcile.go:494 msg="At least one valid address, marking gateway programmed" module=operator.operator-controlplane.leader-lifecycle.gateway-api controller=gateway resource=gateway-conformance-infra/same-namespace
time=2026-03-08T08:15:59.317120238Z level=info source=/go/src/github.com/cilium/cilium/operator/pkg/gateway-api/gateway_reconcile.go:262 msg="Successfully reconciled Gateway" module=operator.operator-controlplane.leader-lifecycle.gateway-api controller=gateway resource=gateway-conformance-infra/same-namespace
time=2026-03-08T08:16:01.32621635Z level=debug source=/go/src/github.com/cilium/cilium/operator/unmanagedpods/controller.go:154 msg="Found managed pod due to presence of a CEP" module=operator.operator-controlplane.leader-lifecycle.unmanaged-pods-gc error=<nil> k8sPodName=kube-system/coredns-7d764666f9-th7sn identity=0
time=2026-03-08T08:16:01.326271561Z level=debug source=/go/src/github.com/cilium/cilium/operator/unmanagedpods/controller.go:154 msg="Found managed pod due to presence of a CEP" module=operator.operator-controlplane.leader-lifecycle.unmanaged-pods-gc error=<nil> k8sPodName=kube-system/coredns-7d764666f9-wljzk identity=0
time=2026-03-08T08:16:01.326285561Z level=debug source=/go/src/github.com/cilium/cilium/pkg/controller/controller.go:338 msg="Controller func executed" subsys=controller name=restart-unmanaged-pods uuid=8cc2caa3-4793-45bb-9c41-0b26af76c62b duration=117.64µs
time=2026-03-08T08:16:02.479755032Z level=debug source=/go/src/github.com/cilium/cilium/pkg/controller/controller.go:338 msg="Controller func executed" subsys=controller name=k8s-heartbeat uuid=ebb7990b-1f73-4502-82f1-9c0e33a7c507 duration=2.549µs
time=2026-03-08T08:16:02.493152277Z level=debug source=/go/src/github.com/cilium/cilium/pkg/controller/controller.go:338 msg="Controller func executed" subsys=controller name=k8s-heartbeat uuid=255b301a-af15-4be0-ab70-3dc1b6e3bf91 duration=2.64µs
