time=2026-03-08T05:56:16.368356307Z level=debug msg="Skipped reading configuration file" error="Config File \"cilium-operators\" Not Found in \"[/]\""
time=2026-03-08T05:56:16.368901977Z level=info msg="  --agent-not-ready-taint-key='node.cilium.io/agent-not-ready'" subsys=cilium-operator-generic
time=2026-03-08T05:56:16.368932887Z level=info msg="  --auto-create-cilium-pod-ip-pools=''" subsys=cilium-operator-generic
time=2026-03-08T05:56:16.368941107Z level=info msg="  --auto-direct-node-routes='false'" subsys=cilium-operator-generic
time=2026-03-08T05:56:16.368947387Z level=info msg="  --bpf-distributed-lru='false'" subsys=cilium-operator-generic
time=2026-03-08T05:56:16.368954607Z level=info msg="  --bpf-events-drop-enabled='true'" subsys=cilium-operator-generic
time=2026-03-08T05:56:16.368960677Z level=info msg="  --bpf-events-policy-verdict-enabled='true'" subsys=cilium-operator-generic
time=2026-03-08T05:56:16.368966577Z level=info msg="  --bpf-events-trace-enabled='true'" subsys=cilium-operator-generic
time=2026-03-08T05:56:16.368972767Z level=info msg="  --bpf-lb-acceleration='disabled'" subsys=cilium-operator-generic
time=2026-03-08T05:56:16.368978557Z level=info msg="  --bpf-lb-algorithm-annotation='false'" subsys=cilium-operator-generic
time=2026-03-08T05:56:16.368984307Z level=info msg="  --bpf-lb-external-clusterip='false'" subsys=cilium-operator-generic
time=2026-03-08T05:56:16.368990487Z level=info msg="  --bpf-lb-map-max='65536'" subsys=cilium-operator-generic
time=2026-03-08T05:56:16.368996627Z level=info msg="  --bpf-lb-mode-annotation='false'" subsys=cilium-operator-generic
time=2026-03-08T05:56:16.369002717Z level=info msg="  --bpf-lb-sock='false'" subsys=cilium-operator-generic
time=2026-03-08T05:56:16.369008457Z level=info msg="  --bpf-lb-source-range-all-types='false'" subsys=cilium-operator-generic
time=2026-03-08T05:56:16.369014667Z level=info msg="  --bpf-map-dynamic-size-ratio='0.0025'" subsys=cilium-operator-generic
time=2026-03-08T05:56:16.369020917Z level=info msg="  --bpf-policy-map-max='16384'" subsys=cilium-operator-generic
time=2026-03-08T05:56:16.369026907Z level=info msg="  --bpf-policy-stats-map-max='65536'" subsys=cilium-operator-generic
time=2026-03-08T05:56:16.369033147Z level=info msg="  --bpf-root='/sys/fs/bpf'" subsys=cilium-operator-generic
time=2026-03-08T05:56:16.369039707Z level=info msg="  --ces-controller-mode='default'" subsys=cilium-operator-generic
time=2026-03-08T05:56:16.369047227Z level=info msg="  --ces-max-ciliumendpoints-per-ces='100'" subsys=cilium-operator-generic
time=2026-03-08T05:56:16.369054307Z level=info msg="  --ces-rate-limits='[{\"nodes\":0,\"limit\":10,\"burst\":20}]'" subsys=cilium-operator-generic
time=2026-03-08T05:56:16.369060777Z level=info msg="  --ces-slice-mode='fcfs'" subsys=cilium-operator-generic
time=2026-03-08T05:56:16.369067107Z level=info msg="  --cgroup-root='/run/cilium/cgroupv2'" subsys=cilium-operator-generic
time=2026-03-08T05:56:16.369073417Z level=info msg="  --cilium-endpoint-gc-interval='5m0s'" subsys=cilium-operator-generic
time=2026-03-08T05:56:16.369079527Z level=info msg="  --cilium-pod-labels='k8s-app=cilium'" subsys=cilium-operator-generic
time=2026-03-08T05:56:16.369087047Z level=info msg="  --cilium-pod-namespace=''" subsys=cilium-operator-generic
time=2026-03-08T05:56:16.369094317Z level=info msg="  --cluster-id='0'" subsys=cilium-operator-generic
time=2026-03-08T05:56:16.369100537Z level=info msg="  --cluster-name='kind-chart-testing'" subsys=cilium-operator-generic
time=2026-03-08T05:56:16.369110837Z level=info msg="  --cluster-pool-ipv4-cidr=''" subsys=cilium-operator-generic
time=2026-03-08T05:56:16.369117527Z level=info msg="  --cluster-pool-ipv4-mask-size='24'" subsys=cilium-operator-generic
time=2026-03-08T05:56:16.369127697Z level=info msg="  --cluster-pool-ipv6-cidr=''" subsys=cilium-operator-generic
time=2026-03-08T05:56:16.369133997Z level=info msg="  --cluster-pool-ipv6-mask-size='112'" subsys=cilium-operator-generic
time=2026-03-08T05:56:16.369140647Z level=info msg="  --clustermesh-cache-ttl='0s'" subsys=cilium-operator-generic
time=2026-03-08T05:56:16.369147537Z level=info msg="  --clustermesh-concurrent-service-endpoint-syncs='5'" subsys=cilium-operator-generic
time=2026-03-08T05:56:16.369155107Z level=info msg="  --clustermesh-config=''" subsys=cilium-operator-generic
time=2026-03-08T05:56:16.369161487Z level=info msg="  --clustermesh-default-global-namespace='true'" subsys=cilium-operator-generic
time=2026-03-08T05:56:16.369167917Z level=info msg="  --clustermesh-enable-endpoint-sync='false'" subsys=cilium-operator-generic
time=2026-03-08T05:56:16.369174107Z level=info msg="  --clustermesh-enable-mcs-api='false'" subsys=cilium-operator-generic
time=2026-03-08T05:56:16.369180757Z level=info msg="  --clustermesh-endpoint-updates-batch-period='500ms'" subsys=cilium-operator-generic
time=2026-03-08T05:56:16.369205807Z level=info msg="  --clustermesh-endpoints-per-slice='100'" subsys=cilium-operator-generic
time=2026-03-08T05:56:16.369212317Z level=info msg="  --clustermesh-mcs-api-install-crds='true'" subsys=cilium-operator-generic
time=2026-03-08T05:56:16.369219477Z level=info msg="  --clustermesh-sync-timeout='1m0s'" subsys=cilium-operator-generic
time=2026-03-08T05:56:16.369226567Z level=info msg="  --cmdref=''" subsys=cilium-operator-generic
time=2026-03-08T05:56:16.369232617Z level=info msg="  --cni-exclusive='true'" subsys=cilium-operator-generic
time=2026-03-08T05:56:16.369238707Z level=info msg="  --cni-log-file='/var/run/cilium/cilium-cni.log'" subsys=cilium-operator-generic
time=2026-03-08T05:56:16.369245527Z level=info msg="  --config=''" subsys=cilium-operator-generic
time=2026-03-08T05:56:16.369251737Z level=info msg="  --config-dir='/tmp/cilium/config-map'" subsys=cilium-operator-generic
time=2026-03-08T05:56:16.369262057Z level=info msg="  --controller-group-metrics=''" subsys=cilium-operator-generic
time=2026-03-08T05:56:16.369268727Z level=info msg="  --custom-cni-conf='false'" subsys=cilium-operator-generic
time=2026-03-08T05:56:16.369276007Z level=info msg="  --datapath-mode='veth'" subsys=cilium-operator-generic
time=2026-03-08T05:56:16.369281967Z level=info msg="  --debug='true'" subsys=cilium-operator-generic
time=2026-03-08T05:56:16.369288217Z level=info msg="  --debug-verbose='envoy'" subsys=cilium-operator-generic
time=2026-03-08T05:56:16.369294527Z level=info msg="  --default-lb-service-ipam='lbipam'" subsys=cilium-operator-generic
time=2026-03-08T05:56:16.369300757Z level=info msg="  --direct-routing-skip-unreachable='false'" subsys=cilium-operator-generic
time=2026-03-08T05:56:16.369307277Z level=info msg="  --disable-endpoint-crd='false'" subsys=cilium-operator-generic
time=2026-03-08T05:56:16.369313567Z level=info msg="  --dnsproxy-enable-transparent-mode='true'" subsys=cilium-operator-generic
time=2026-03-08T05:56:16.369320077Z level=info msg="  --dnsproxy-socket-linger-timeout='10'" subsys=cilium-operator-generic
time=2026-03-08T05:56:16.369327117Z level=info msg="  --double-write-metric-reporter-interval='1m0s'" subsys=cilium-operator-generic
time=2026-03-08T05:56:16.369339447Z level=info msg="  --egress-gateway-reconciliation-trigger-interval='1s'" subsys=cilium-operator-generic
time=2026-03-08T05:56:16.369347137Z level=info msg="  --enable-auto-protect-node-port-range='true'" subsys=cilium-operator-generic
time=2026-03-08T05:56:16.369353357Z level=info msg="  --enable-bpf-clock-probe='false'" subsys=cilium-operator-generic
time=2026-03-08T05:56:16.369359917Z level=info msg="  --enable-cilium-clusterwide-network-policy='true'" subsys=cilium-operator-generic
time=2026-03-08T05:56:16.369366387Z level=info msg="  --enable-cilium-endpoint-slice='false'" subsys=cilium-operator-generic
time=2026-03-08T05:56:16.369372727Z level=info msg="  --enable-cilium-network-policy='true'" subsys=cilium-operator-generic
time=2026-03-08T05:56:16.369384477Z level=info msg="  --enable-cilium-operator-server-access='*'" subsys=cilium-operator-generic
time=2026-03-08T05:56:16.369391027Z level=info msg="  --enable-ciliumnode-crd='true'" subsys=cilium-operator-generic
time=2026-03-08T05:56:16.369397517Z level=info msg="  --enable-egress-gateway='false'" subsys=cilium-operator-generic
time=2026-03-08T05:56:16.369403437Z level=info msg="  --enable-endpoint-health-checking='true'" subsys=cilium-operator-generic
time=2026-03-08T05:56:16.369409677Z level=info msg="  --enable-endpoint-lockdown-on-policy-overflow='false'" subsys=cilium-operator-generic
time=2026-03-08T05:56:16.369415887Z level=info msg="  --enable-envoy-config='true'" subsys=cilium-operator-generic
time=2026-03-08T05:56:16.369421857Z level=info msg="  --enable-gateway-api='true'" subsys=cilium-operator-generic
time=2026-03-08T05:56:16.369427877Z level=info msg="  --enable-gateway-api-alpn='false'" subsys=cilium-operator-generic
time=2026-03-08T05:56:16.369434227Z level=info msg="  --enable-gateway-api-app-protocol='false'" subsys=cilium-operator-generic
time=2026-03-08T05:56:16.369440467Z level=info msg="  --enable-gateway-api-proxy-protocol='false'" subsys=cilium-operator-generic
time=2026-03-08T05:56:16.369447117Z level=info msg="  --enable-gateway-api-secrets-sync='true'" subsys=cilium-operator-generic
time=2026-03-08T05:56:16.369453857Z level=info msg="  --enable-gops='true'" subsys=cilium-operator-generic
time=2026-03-08T05:56:16.369459877Z level=info msg="  --enable-health-check-loadbalancer-ip='false'" subsys=cilium-operator-generic
time=2026-03-08T05:56:16.369466107Z level=info msg="  --enable-health-check-nodeport='true'" subsys=cilium-operator-generic
time=2026-03-08T05:56:16.369472147Z level=info msg="  --enable-health-checking='true'" subsys=cilium-operator-generic
time=2026-03-08T05:56:16.369478147Z level=info msg="  --enable-hubble='true'" subsys=cilium-operator-generic
time=2026-03-08T05:56:16.369484287Z level=info msg="  --enable-icmp-rules='true'" subsys=cilium-operator-generic
time=2026-03-08T05:56:16.369490657Z level=info msg="  --enable-ingress-controller='false'" subsys=cilium-operator-generic
time=2026-03-08T05:56:16.369497137Z level=info msg="  --enable-ingress-proxy-protocol='false'" subsys=cilium-operator-generic
time=2026-03-08T05:56:16.369504457Z level=info msg="  --enable-ingress-secrets-sync='true'" subsys=cilium-operator-generic
time=2026-03-08T05:56:16.369510627Z level=info msg="  --enable-ipsec='false'" subsys=cilium-operator-generic
time=2026-03-08T05:56:16.369516417Z level=info msg="  --enable-ipv4='true'" subsys=cilium-operator-generic
time=2026-03-08T05:56:16.369522697Z level=info msg="  --enable-ipv4-big-tcp='false'" subsys=cilium-operator-generic
time=2026-03-08T05:56:16.369528747Z level=info msg="  --enable-ipv4-masquerade='true'" subsys=cilium-operator-generic
time=2026-03-08T05:56:16.369534717Z level=info msg="  --enable-ipv6='false'" subsys=cilium-operator-generic
time=2026-03-08T05:56:16.369540687Z level=info msg="  --enable-ipv6-big-tcp='false'" subsys=cilium-operator-generic
time=2026-03-08T05:56:16.369546737Z level=info msg="  --enable-ipv6-masquerade='true'" subsys=cilium-operator-generic
time=2026-03-08T05:56:16.369553447Z level=info msg="  --enable-k8s='true'" subsys=cilium-operator-generic
time=2026-03-08T05:56:16.369559297Z level=info msg="  --enable-k8s-api-discovery='true'" subsys=cilium-operator-generic
time=2026-03-08T05:56:16.369565997Z level=info msg="  --enable-k8s-cluster-network-policy='false'" subsys=cilium-operator-generic
time=2026-03-08T05:56:16.369572827Z level=info msg="  --enable-k8s-networkpolicy='true'" subsys=cilium-operator-generic
time=2026-03-08T05:56:16.369579117Z level=info msg="  --enable-l2-announcements='true'" subsys=cilium-operator-generic
time=2026-03-08T05:56:16.369585217Z level=info msg="  --enable-l2-neigh-discovery='false'" subsys=cilium-operator-generic
time=2026-03-08T05:56:16.369591447Z level=info msg="  --enable-l7-proxy='true'" subsys=cilium-operator-generic
time=2026-03-08T05:56:16.369597637Z level=info msg="  --enable-lb-ipam='true'" subsys=cilium-operator-generic
time=2026-03-08T05:56:16.369603907Z level=info msg="  --enable-local-redirect-policy='false'" subsys=cilium-operator-generic
time=2026-03-08T05:56:16.369610167Z level=info msg="  --enable-masquerade-to-route-source='false'" subsys=cilium-operator-generic
time=2026-03-08T05:56:16.369616177Z level=info msg="  --enable-metrics='true'" subsys=cilium-operator-generic
time=2026-03-08T05:56:16.369622287Z level=info msg="  --enable-no-service-endpoints-routable='true'" subsys=cilium-operator-generic
time=2026-03-08T05:56:16.369628957Z level=info msg="  --enable-node-ipam='false'" subsys=cilium-operator-generic
time=2026-03-08T05:56:16.369635227Z level=info msg="  --enable-node-selector-labels='false'" subsys=cilium-operator-generic
time=2026-03-08T05:56:16.369641377Z level=info msg="  --enable-non-default-deny-policies='true'" subsys=cilium-operator-generic
time=2026-03-08T05:56:16.369647297Z level=info msg="  --enable-policy='default'" subsys=cilium-operator-generic
time=2026-03-08T05:56:16.369653447Z level=info msg="  --enable-policy-secrets-sync='true'" subsys=cilium-operator-generic
time=2026-03-08T05:56:16.369659507Z level=info msg="  --enable-sctp='false'" subsys=cilium-operator-generic
time=2026-03-08T05:56:16.369665457Z level=info msg="  --enable-source-ip-verification='true'" subsys=cilium-operator-generic
time=2026-03-08T05:56:16.369671737Z level=info msg="  --enable-srv6='false'" subsys=cilium-operator-generic
time=2026-03-08T05:56:16.369677687Z level=info msg="  --enable-tcx='true'" subsys=cilium-operator-generic
time=2026-03-08T05:56:16.369683547Z level=info msg="  --enable-vtep='false'" subsys=cilium-operator-generic
time=2026-03-08T05:56:16.369693457Z level=info msg="  --enable-well-known-identities='false'" subsys=cilium-operator-generic
time=2026-03-08T05:56:16.369699957Z level=info msg="  --enable-wireguard='false'" subsys=cilium-operator-generic
time=2026-03-08T05:56:16.369706087Z level=info msg="  --enable-xt-socket-fallback='true'" subsys=cilium-operator-generic
time=2026-03-08T05:56:16.369712267Z level=info msg="  --enable-ztunnel='false'" subsys=cilium-operator-generic
time=2026-03-08T05:56:16.369718567Z level=info msg="  --enforce-ingress-https='true'" subsys=cilium-operator-generic
time=2026-03-08T05:56:16.369724637Z level=info msg="  --envoy-access-log-buffer-size='4096'" subsys=cilium-operator-generic
time=2026-03-08T05:56:16.369730757Z level=info msg="  --envoy-base-id='0'" subsys=cilium-operator-generic
time=2026-03-08T05:56:16.369749557Z level=info msg="  --envoy-config-retry-interval='15s'" subsys=cilium-operator-generic
time=2026-03-08T05:56:16.369755567Z level=info msg="  --envoy-keep-cap-netbindservice='false'" subsys=cilium-operator-generic
time=2026-03-08T05:56:16.369761397Z level=info msg="  --external-envoy-proxy='true'" subsys=cilium-operator-generic
time=2026-03-08T05:56:16.369767807Z level=info msg="  --gateway-api-hostnetwork-enabled='false'" subsys=cilium-operator-generic
time=2026-03-08T05:56:16.369775287Z level=info msg="  --gateway-api-hostnetwork-nodelabelselector=''" subsys=cilium-operator-generic
time=2026-03-08T05:56:16.369781937Z level=info msg="  --gateway-api-secrets-namespace='cilium-secrets'" subsys=cilium-operator-generic
time=2026-03-08T05:56:16.369788307Z level=info msg="  --gateway-api-service-externaltrafficpolicy='Cluster'" subsys=cilium-operator-generic
time=2026-03-08T05:56:16.369795567Z level=info msg="  --gateway-api-xff-num-trusted-hops='0'" subsys=cilium-operator-generic
time=2026-03-08T05:56:16.369802137Z level=info msg="  --gops-port='9891'" subsys=cilium-operator-generic
time=2026-03-08T05:56:16.369808317Z level=info msg="  --health-check-icmp-failure-threshold='3'" subsys=cilium-operator-generic
time=2026-03-08T05:56:16.369814647Z level=info msg="  --http-retry-count='3'" subsys=cilium-operator-generic
time=2026-03-08T05:56:16.369820727Z level=info msg="  --http-stream-idle-timeout='300'" subsys=cilium-operator-generic
time=2026-03-08T05:56:16.369826747Z level=info msg="  --hubble-disable-tls='false'" subsys=cilium-operator-generic
time=2026-03-08T05:56:16.369832707Z level=info msg="  --hubble-listen-address=':4244'" subsys=cilium-operator-generic
time=2026-03-08T05:56:16.369838827Z level=info msg="  --hubble-network-policy-correlation-enabled='true'" subsys=cilium-operator-generic
time=2026-03-08T05:56:16.369844937Z level=info msg="  --hubble-socket-path='/var/run/cilium/hubble.sock'" subsys=cilium-operator-generic
time=2026-03-08T05:56:16.369851807Z level=info msg="  --hubble-tls-cert-file='/var/lib/cilium/tls/hubble/server.crt'" subsys=cilium-operator-generic
time=2026-03-08T05:56:16.369858337Z level=info msg="  --hubble-tls-client-ca-files='/var/lib/cilium/tls/hubble/client-ca.crt'" subsys=cilium-operator-generic
time=2026-03-08T05:56:16.369864777Z level=info msg="  --hubble-tls-key-file='/var/lib/cilium/tls/hubble/server.key'" subsys=cilium-operator-generic
time=2026-03-08T05:56:16.369871037Z level=info msg="  --identity-allocation-mode='crd'" subsys=cilium-operator-generic
time=2026-03-08T05:56:16.369877357Z level=info msg="  --identity-gc-interval='15m0s'" subsys=cilium-operator-generic
time=2026-03-08T05:56:16.369884277Z level=info msg="  --identity-gc-rate-interval='1m0s'" subsys=cilium-operator-generic
time=2026-03-08T05:56:16.369891697Z level=info msg="  --identity-gc-rate-limit='2500'" subsys=cilium-operator-generic
time=2026-03-08T05:56:16.369897837Z level=info msg="  --identity-heartbeat-timeout='30m0s'" subsys=cilium-operator-generic
time=2026-03-08T05:56:16.369903937Z level=info msg="  --identity-management-mode='agent'" subsys=cilium-operator-generic
time=2026-03-08T05:56:16.369910597Z level=info msg="  --ingress-default-lb-mode='dedicated'" subsys=cilium-operator-generic
time=2026-03-08T05:56:16.369917707Z level=info msg="  --ingress-default-request-timeout='0s'" subsys=cilium-operator-generic
time=2026-03-08T05:56:16.369924847Z level=info msg="  --ingress-default-secret-name=''" subsys=cilium-operator-generic
time=2026-03-08T05:56:16.369932027Z level=info msg="  --ingress-default-secret-namespace=''" subsys=cilium-operator-generic
time=2026-03-08T05:56:16.369938697Z level=info msg="  --ingress-default-xff-num-trusted-hops='0'" subsys=cilium-operator-generic
time=2026-03-08T05:56:16.369945547Z level=info msg="  --ingress-hostnetwork-enabled='false'" subsys=cilium-operator-generic
time=2026-03-08T05:56:16.369952027Z level=info msg="  --ingress-hostnetwork-http-listener-port='0'" subsys=cilium-operator-generic
time=2026-03-08T05:56:16.369958687Z level=info msg="  --ingress-hostnetwork-https-listener-port='0'" subsys=cilium-operator-generic
time=2026-03-08T05:56:16.369966957Z level=info msg="  --ingress-hostnetwork-nodelabelselector=''" subsys=cilium-operator-generic
time=2026-03-08T05:56:16.369973517Z level=info msg="  --ingress-hostnetwork-shared-listener-port='0'" subsys=cilium-operator-generic
time=2026-03-08T05:56:16.369980297Z level=info msg="  --ingress-hostnetwork-tls-passthrough-listener-port='0'" subsys=cilium-operator-generic
time=2026-03-08T05:56:16.369992217Z level=info msg="  --ingress-lb-annotation-prefixes='lbipam.cilium.io,service.beta.kubernetes.io,service.kubernetes.io,cloud.google.com'" subsys=cilium-operator-generic
time=2026-03-08T05:56:16.370003447Z level=info msg="  --ingress-secrets-namespace='cilium-secrets'" subsys=cilium-operator-generic
time=2026-03-08T05:56:16.370009667Z level=info msg="  --ingress-shared-lb-service-name='cilium-ingress'" subsys=cilium-operator-generic
time=2026-03-08T05:56:16.370016077Z level=info msg="  --install-no-conntrack-iptables-rules='false'" subsys=cilium-operator-generic
time=2026-03-08T05:56:16.370023507Z level=info msg="  --instance-tags-filter=''" subsys=cilium-operator-generic
time=2026-03-08T05:56:16.370029677Z level=info msg="  --ipam='kubernetes'" subsys=cilium-operator-generic
time=2026-03-08T05:56:16.370035867Z level=info msg="  --ipam-cilium-node-update-rate='15s'" subsys=cilium-operator-generic
time=2026-03-08T05:56:16.370042107Z level=info msg="  --iptables-random-fully='false'" subsys=cilium-operator-generic
time=2026-03-08T05:56:16.370049477Z level=info msg="  --k8s-api-server=''" subsys=cilium-operator-generic
time=2026-03-08T05:56:16.370060427Z level=info msg="  --k8s-api-server-urls=''" subsys=cilium-operator-generic
time=2026-03-08T05:56:16.370067227Z level=info msg="  --k8s-client-connection-keep-alive='30s'" subsys=cilium-operator-generic
time=2026-03-08T05:56:16.370073957Z level=info msg="  --k8s-client-connection-timeout='30s'" subsys=cilium-operator-generic
time=2026-03-08T05:56:16.370080387Z level=info msg="  --k8s-heartbeat-timeout='30s'" subsys=cilium-operator-generic
time=2026-03-08T05:56:16.370087687Z level=info msg="  --k8s-kubeconfig-path=''" subsys=cilium-operator-generic
time=2026-03-08T05:56:16.370094127Z level=info msg="  --k8s-namespace='kube-system'" subsys=cilium-operator-generic
time=2026-03-08T05:56:16.370100407Z level=info msg="  --k8s-require-ipv4-pod-cidr='false'" subsys=cilium-operator-generic
time=2026-03-08T05:56:16.370106657Z level=info msg="  --k8s-require-ipv6-pod-cidr='false'" subsys=cilium-operator-generic
time=2026-03-08T05:56:16.370113847Z level=info msg="  --k8s-service-proxy-name=''" subsys=cilium-operator-generic
time=2026-03-08T05:56:16.370120017Z level=info msg="  --kube-proxy-replacement='true'" subsys=cilium-operator-generic
time=2026-03-08T05:56:16.370127057Z level=info msg="  --kube-proxy-replacement-healthz-bind-address=''" subsys=cilium-operator-generic
time=2026-03-08T05:56:16.370134037Z level=info msg="  --kvstore=''" subsys=cilium-operator-generic
time=2026-03-08T05:56:16.370141007Z level=info msg="  --kvstore-lease-ttl='15m0s'" subsys=cilium-operator-generic
time=2026-03-08T05:56:16.370147667Z level=info msg="  --kvstore-max-consecutive-quorum-errors='2'" subsys=cilium-operator-generic
time=2026-03-08T05:56:16.370161837Z level=info msg="  --kvstore-opt=''" subsys=cilium-operator-generic
time=2026-03-08T05:56:16.370170207Z level=info msg="  --leader-election-lease-duration='15s'" subsys=cilium-operator-generic
time=2026-03-08T05:56:16.370176367Z level=info msg="  --leader-election-renew-deadline='10s'" subsys=cilium-operator-generic
time=2026-03-08T05:56:16.370183787Z level=info msg="  --leader-election-resource-lock-timeout='0s'" subsys=cilium-operator-generic
time=2026-03-08T05:56:16.370190237Z level=info msg="  --leader-election-retry-period='2s'" subsys=cilium-operator-generic
time=2026-03-08T05:56:16.370197697Z level=info msg="  --limit-ipam-api-burst='20'" subsys=cilium-operator-generic
time=2026-03-08T05:56:16.370205407Z level=info msg="  --limit-ipam-api-qps='4'" subsys=cilium-operator-generic
time=2026-03-08T05:56:16.370213097Z level=info msg="  --loadbalancer-l7=''" subsys=cilium-operator-generic
time=2026-03-08T05:56:16.370220137Z level=info msg="  --loadbalancer-l7-algorithm='round_robin'" subsys=cilium-operator-generic
time=2026-03-08T05:56:16.370280737Z level=info msg="  --loadbalancer-l7-ports=''" subsys=cilium-operator-generic
time=2026-03-08T05:56:16.370298367Z level=info msg="  --log-driver=''" subsys=cilium-operator-generic
time=2026-03-08T05:56:16.370305897Z level=info msg="  --log-opt=''" subsys=cilium-operator-generic
time=2026-03-08T05:56:16.370312737Z level=info msg="  --max-connected-clusters='255'" subsys=cilium-operator-generic
time=2026-03-08T05:56:16.370319527Z level=info msg="  --mesh-auth-enabled='false'" subsys=cilium-operator-generic
time=2026-03-08T05:56:16.370325687Z level=info msg="  --mesh-auth-gc-interval='5m0s'" subsys=cilium-operator-generic
time=2026-03-08T05:56:16.370332347Z level=info msg="  --mesh-auth-mutual-enabled='false'" subsys=cilium-operator-generic
time=2026-03-08T05:56:16.370348397Z level=info msg="  --mesh-auth-queue-size='1024'" subsys=cilium-operator-generic
time=2026-03-08T05:56:16.370354487Z level=info msg="  --mesh-auth-rotated-identities-queue-size='1024'" subsys=cilium-operator-generic
time=2026-03-08T05:56:16.370361427Z level=info msg="  --mesh-auth-spiffe-trust-domain='spiffe.cilium'" subsys=cilium-operator-generic
time=2026-03-08T05:56:16.370368377Z level=info msg="  --mesh-auth-spire-agent-socket='/run/spire/sockets/agent/agent.sock'" subsys=cilium-operator-generic
time=2026-03-08T05:56:16.370375447Z level=info msg="  --mesh-auth-spire-server-address='spire-server.spire.svc:8081'" subsys=cilium-operator-generic
time=2026-03-08T05:56:16.370382437Z level=info msg="  --mesh-auth-spire-server-connection-timeout='10s'" subsys=cilium-operator-generic
time=2026-03-08T05:56:16.370389657Z level=info msg="  --metrics-sampling-interval='5m'" subsys=cilium-operator-generic
time=2026-03-08T05:56:16.370395767Z level=info msg="  --monitor-aggregation='medium'" subsys=cilium-operator-generic
time=2026-03-08T05:56:16.370402217Z level=info msg="  --monitor-aggregation-flags='all'" subsys=cilium-operator-generic
time=2026-03-08T05:56:16.370408407Z level=info msg="  --monitor-aggregation-interval='5s'" subsys=cilium-operator-generic
time=2026-03-08T05:56:16.370414437Z level=info msg="  --nat-map-stats-entries='32'" subsys=cilium-operator-generic
time=2026-03-08T05:56:16.370420617Z level=info msg="  --nat-map-stats-interval='30s'" subsys=cilium-operator-generic
time=2026-03-08T05:56:16.370426637Z level=info msg="  --node-port-bind-protection='true'" subsys=cilium-operator-generic
time=2026-03-08T05:56:16.370433437Z level=info msg="  --nodeport-addresses=''" subsys=cilium-operator-generic
time=2026-03-08T05:56:16.370439717Z level=info msg="  --nodes-gc-interval='5m0s'" subsys=cilium-operator-generic
time=2026-03-08T05:56:16.370446057Z level=info msg="  --operator-api-serve-addr='127.0.0.1:9234'" subsys=cilium-operator-generic
time=2026-03-08T05:56:16.370453107Z level=info msg="  --operator-k8s-client-burst='200'" subsys=cilium-operator-generic
time=2026-03-08T05:56:16.370460177Z level=info msg="  --operator-k8s-client-qps='100'" subsys=cilium-operator-generic
time=2026-03-08T05:56:16.370466617Z level=info msg="  --operator-pprof='false'" subsys=cilium-operator-generic
time=2026-03-08T05:56:16.370473587Z level=info msg="  --operator-pprof-address='localhost'" subsys=cilium-operator-generic
time=2026-03-08T05:56:16.370480307Z level=info msg="  --operator-pprof-block-profile-rate='0'" subsys=cilium-operator-generic
time=2026-03-08T05:56:16.370487277Z level=info msg="  --operator-pprof-mutex-profile-fraction='0'" subsys=cilium-operator-generic
time=2026-03-08T05:56:16.370493617Z level=info msg="  --operator-pprof-port='6061'" subsys=cilium-operator-generic
time=2026-03-08T05:56:16.370500717Z level=info msg="  --operator-prometheus-enable-tls='false'" subsys=cilium-operator-generic
time=2026-03-08T05:56:16.370506987Z level=info msg="  --operator-prometheus-serve-addr=':9963'" subsys=cilium-operator-generic
time=2026-03-08T05:56:16.370514397Z level=info msg="  --operator-prometheus-tls-cert-file=''" subsys=cilium-operator-generic
time=2026-03-08T05:56:16.370525817Z level=info msg="  --operator-prometheus-tls-client-ca-files=''" subsys=cilium-operator-generic
time=2026-03-08T05:56:16.370533027Z level=info msg="  --operator-prometheus-tls-key-file=''" subsys=cilium-operator-generic
time=2026-03-08T05:56:16.370539697Z level=info msg="  --packetization-layer-pmtud-mode='blackhole'" subsys=cilium-operator-generic
time=2026-03-08T05:56:16.370546247Z level=info msg="  --parallel-alloc-workers='50'" subsys=cilium-operator-generic
time=2026-03-08T05:56:16.370552697Z level=info msg="  --pod-restart-selector='k8s-app=kube-dns'" subsys=cilium-operator-generic
time=2026-03-08T05:56:16.370559447Z level=info msg="  --policy-cidr-match-mode=''" subsys=cilium-operator-generic
time=2026-03-08T05:56:16.370565817Z level=info msg="  --policy-default-local-cluster='true'" subsys=cilium-operator-generic
time=2026-03-08T05:56:16.370572097Z level=info msg="  --policy-deny-response='none'" subsys=cilium-operator-generic
time=2026-03-08T05:56:16.370578367Z level=info msg="  --policy-secrets-namespace='cilium-secrets'" subsys=cilium-operator-generic
time=2026-03-08T05:56:16.370584667Z level=info msg="  --policy-secrets-only-from-secrets-namespace='true'" subsys=cilium-operator-generic
time=2026-03-08T05:56:16.370590867Z level=info msg="  --preallocate-bpf-maps='false'" subsys=cilium-operator-generic
time=2026-03-08T05:56:16.370596927Z level=info msg="  --procfs='/host/proc'" subsys=cilium-operator-generic
time=2026-03-08T05:56:16.370602987Z level=info msg="  --proxy-cluster-max-connections='1024'" subsys=cilium-operator-generic
time=2026-03-08T05:56:16.370609097Z level=info msg="  --proxy-cluster-max-requests='1024'" subsys=cilium-operator-generic
time=2026-03-08T05:56:16.370615157Z level=info msg="  --proxy-connect-timeout='2'" subsys=cilium-operator-generic
time=2026-03-08T05:56:16.370621087Z level=info msg="  --proxy-idle-timeout-seconds='60'" subsys=cilium-operator-generic
time=2026-03-08T05:56:16.370626897Z level=info msg="  --proxy-initial-fetch-timeout='30'" subsys=cilium-operator-generic
time=2026-03-08T05:56:16.370633197Z level=info msg="  --proxy-max-active-downstream-connections='50000'" subsys=cilium-operator-generic
time=2026-03-08T05:56:16.370639287Z level=info msg="  --proxy-max-concurrent-retries='128'" subsys=cilium-operator-generic
time=2026-03-08T05:56:16.370645207Z level=info msg="  --proxy-max-connection-duration-seconds='0'" subsys=cilium-operator-generic
time=2026-03-08T05:56:16.370651287Z level=info msg="  --proxy-max-requests-per-connection='0'" subsys=cilium-operator-generic
time=2026-03-08T05:56:16.370657427Z level=info msg="  --proxy-use-original-source-address='true'" subsys=cilium-operator-generic
time=2026-03-08T05:56:16.370663657Z level=info msg="  --proxy-xff-num-trusted-hops-egress='0'" subsys=cilium-operator-generic
time=2026-03-08T05:56:16.370669727Z level=info msg="  --proxy-xff-num-trusted-hops-ingress='0'" subsys=cilium-operator-generic
time=2026-03-08T05:56:16.370676197Z level=info msg="  --remove-cilium-node-taints='true'" subsys=cilium-operator-generic
time=2026-03-08T05:56:16.370682257Z level=info msg="  --routing-mode='tunnel'" subsys=cilium-operator-generic
time=2026-03-08T05:56:16.370692007Z level=info msg="  --service-no-backend-response='reject'" subsys=cilium-operator-generic
time=2026-03-08T05:56:16.370698647Z level=info msg="  --set-cilium-is-up-condition='true'" subsys=cilium-operator-generic
time=2026-03-08T05:56:16.370705187Z level=info msg="  --set-cilium-node-taints='true'" subsys=cilium-operator-generic
time=2026-03-08T05:56:16.370711737Z level=info msg="  --shell-sock-path='/var/run/cilium/shell.sock'" subsys=cilium-operator-generic
time=2026-03-08T05:56:16.370718107Z level=info msg="  --skip-crd-creation='false'" subsys=cilium-operator-generic
time=2026-03-08T05:56:16.370727787Z level=info msg="  --subnet-ids-filter=''" subsys=cilium-operator-generic
time=2026-03-08T05:56:16.370735037Z level=info msg="  --subnet-tags-filter=''" subsys=cilium-operator-generic
time=2026-03-08T05:56:16.370741717Z level=info msg="  --synchronize-k8s-nodes='true'" subsys=cilium-operator-generic
time=2026-03-08T05:56:16.370748317Z level=info msg="  --synchronize-k8s-services='true'" subsys=cilium-operator-generic
time=2026-03-08T05:56:16.370754837Z level=info msg="  --taint-sync-workers='10'" subsys=cilium-operator-generic
time=2026-03-08T05:56:16.370760677Z level=info msg="  --tofqdns-dns-reject-response-code='refused'" subsys=cilium-operator-generic
time=2026-03-08T05:56:16.370766917Z level=info msg="  --tofqdns-enable-dns-compression='true'" subsys=cilium-operator-generic
time=2026-03-08T05:56:16.370773067Z level=info msg="  --tofqdns-endpoint-max-ip-per-hostname='1000'" subsys=cilium-operator-generic
time=2026-03-08T05:56:16.370779237Z level=info msg="  --tofqdns-idle-connection-grace-period='0s'" subsys=cilium-operator-generic
time=2026-03-08T05:56:16.370785397Z level=info msg="  --tofqdns-max-deferred-connection-deletes='10000'" subsys=cilium-operator-generic
time=2026-03-08T05:56:16.370791487Z level=info msg="  --tofqdns-preallocate-identities='true'" subsys=cilium-operator-generic
time=2026-03-08T05:56:16.370797497Z level=info msg="  --tofqdns-proxy-response-max-delay='100ms'" subsys=cilium-operator-generic
time=2026-03-08T05:56:16.370804577Z level=info msg="  --tunnel-protocol='vxlan'" subsys=cilium-operator-generic
time=2026-03-08T05:56:16.370810577Z level=info msg="  --tunnel-source-port-range='0-0'" subsys=cilium-operator-generic
time=2026-03-08T05:56:16.370816947Z level=info msg="  --unmanaged-pod-watcher-interval='15s'" subsys=cilium-operator-generic
time=2026-03-08T05:56:16.370822997Z level=info msg="  --validate-network-policy='true'" subsys=cilium-operator-generic
time=2026-03-08T05:56:16.370829817Z level=info msg="  --version='false'" subsys=cilium-operator-generic
time=2026-03-08T05:56:16.370836907Z level=info msg="  --vtep-cidr=''" subsys=cilium-operator-generic
time=2026-03-08T05:56:16.370843697Z level=info msg="  --vtep-endpoint=''" subsys=cilium-operator-generic
time=2026-03-08T05:56:16.370850207Z level=info msg="  --vtep-mac=''" subsys=cilium-operator-generic
time=2026-03-08T05:56:16.370856617Z level=info msg="  --vtep-mask=''" subsys=cilium-operator-generic
time=2026-03-08T05:56:16.370862817Z level=info msg="  --write-cni-conf-when-ready='/host/etc/cni/net.d/05-cilium.conflist'" subsys=cilium-operator-generic
time=2026-03-08T05:56:16.371012747Z level=info msg="Cilium Operator" subsys=cilium-operator-generic version="1.20.0-dev 1f476743 2026-02-09T13:11:27-08:00 go version go1.26.0 linux/amd64"
time=2026-03-08T05:56:16.371081097Z level=debug source=/go/src/github.com/cilium/cilium/vendor/github.com/cilium/hive/cell/invoke.go:38 msg=Invoking function="pprof.Cell[...].func1 (pkg/pprof/cell.go:57)"
time=2026-03-08T05:56:16.371752887Z level=debug source=/go/src/github.com/cilium/cilium/vendor/github.com/cilium/hive/cell/invoke.go:59 msg=Invoked duration=651.02µs function="pprof.Cell[...].func1 (pkg/pprof/cell.go:57)"
time=2026-03-08T05:56:16.371777256Z level=debug source=/go/src/github.com/cilium/cilium/vendor/github.com/cilium/hive/cell/invoke.go:38 msg=Invoking function="gops.registerGopsHooks (pkg/gops/cell.go:40)"
time=2026-03-08T05:56:16.371988767Z level=debug source=/go/src/github.com/cilium/cilium/vendor/github.com/cilium/hive/cell/invoke.go:59 msg=Invoked duration=202.46µs function="gops.registerGopsHooks (pkg/gops/cell.go:40)"
time=2026-03-08T05:56:16.372005836Z level=debug source=/go/src/github.com/cilium/cilium/vendor/github.com/cilium/hive/cell/invoke.go:38 msg=Invoking function="kvstore.Config.Validate (pkg/kvstore/cell.go:87)"
time=2026-03-08T05:56:16.372214007Z level=debug source=/go/src/github.com/cilium/cilium/vendor/github.com/cilium/hive/cell/invoke.go:59 msg=Invoked duration=200.789µs function="kvstore.Config.Validate (pkg/kvstore/cell.go:87)"
time=2026-03-08T05:56:16.372229987Z level=debug source=/go/src/github.com/cilium/cilium/vendor/github.com/cilium/hive/cell/invoke.go:38 msg=Invoking function="metrics.initializeMetrics (.../operator/metrics/metrics.go:41)"
time=2026-03-08T05:56:16.373074547Z level=info source=/go/src/github.com/cilium/cilium/pkg/crypto/certloader/cell.go:43 msg="Certloader TLS watcher disabled" module=operator.operator-infra.operator-metrics config=certloader-server-tls
time=2026-03-08T05:56:16.373112127Z level=debug source=/go/src/github.com/cilium/cilium/operator/metrics/certloader.go:77 msg="Operator prometheus TLS disabled" module=operator.operator-infra.operator-metrics
time=2026-03-08T05:56:16.373729836Z level=debug source=/go/src/github.com/cilium/cilium/vendor/github.com/cilium/hive/cell/invoke.go:59 msg=Invoked duration=1.490849ms function="metrics.initializeMetrics (.../operator/metrics/metrics.go:41)"
time=2026-03-08T05:56:16.373750807Z level=debug source=/go/src/github.com/cilium/cilium/vendor/github.com/cilium/hive/cell/invoke.go:38 msg=Invoking function="shell.registerShell (.../hive/shell/server.go:40)"
time=2026-03-08T05:56:16.375132956Z level=debug source=/go/src/github.com/cilium/cilium/vendor/github.com/cilium/hive/cell/invoke.go:59 msg=Invoked duration=1.3727ms function="shell.registerShell (.../hive/shell/server.go:40)"
time=2026-03-08T05:56:16.375159807Z level=debug source=/go/src/github.com/cilium/cilium/vendor/github.com/cilium/hive/cell/invoke.go:38 msg=Invoking function="types.ClusterInfo.InitClusterIDMax (.../clustermesh/types/types.go:41)"
time=2026-03-08T05:56:16.375372996Z level=debug source=/go/src/github.com/cilium/cilium/vendor/github.com/cilium/hive/cell/invoke.go:59 msg=Invoked duration=203.56µs function="types.ClusterInfo.InitClusterIDMax (.../clustermesh/types/types.go:41)"
time=2026-03-08T05:56:16.375391776Z level=debug source=/go/src/github.com/cilium/cilium/vendor/github.com/cilium/hive/cell/invoke.go:38 msg=Invoking function="types.ClusterInfo.Validate (.../clustermesh/types/option.go:50)"
time=2026-03-08T05:56:16.375406336Z level=debug source=/go/src/github.com/cilium/cilium/vendor/github.com/cilium/hive/cell/invoke.go:59 msg=Invoked duration=6.6µs function="types.ClusterInfo.Validate (.../clustermesh/types/option.go:50)"
time=2026-03-08T05:56:16.375415036Z level=debug source=/go/src/github.com/cilium/cilium/vendor/github.com/cilium/hive/cell/invoke.go:38 msg=Invoking function="controller.Init (pkg/controller/cell.go:71)"
time=2026-03-08T05:56:16.375594736Z level=debug source=/go/src/github.com/cilium/cilium/vendor/github.com/cilium/hive/cell/invoke.go:59 msg=Invoked duration=172.42µs function="controller.Init (pkg/controller/cell.go:71)"
time=2026-03-08T05:56:16.375610527Z level=debug source=/go/src/github.com/cilium/cilium/vendor/github.com/cilium/hive/cell/invoke.go:38 msg=Invoking function="api.init.func1 (.../operator/api/cell.go:31)"
time=2026-03-08T05:56:16.387514167Z level=debug source=/go/src/github.com/cilium/cilium/vendor/github.com/cilium/hive/cell/invoke.go:59 msg=Invoked duration=11.8907ms function="api.init.func1 (.../operator/api/cell.go:31)"
time=2026-03-08T05:56:16.387599556Z level=debug source=/go/src/github.com/cilium/cilium/vendor/github.com/cilium/hive/cell/invoke.go:38 msg=Invoking function="apis.createCRDs (.../k8s/apis/cell.go:62)"
time=2026-03-08T05:56:16.388288567Z level=debug source=/go/src/github.com/cilium/cilium/vendor/github.com/cilium/hive/cell/invoke.go:59 msg=Invoked duration=675.509µs function="apis.createCRDs (.../k8s/apis/cell.go:62)"
time=2026-03-08T05:56:16.388314116Z level=debug source=/go/src/github.com/cilium/cilium/vendor/github.com/cilium/hive/cell/invoke.go:38 msg=Invoking function="heartbeat.init.func1 (.../kvstore/heartbeat/cell.go:30)"
time=2026-03-08T05:56:16.388678916Z level=debug source=/go/src/github.com/cilium/cilium/vendor/github.com/cilium/hive/cell/invoke.go:59 msg=Invoked duration=355.44µs function="heartbeat.init.func1 (.../kvstore/heartbeat/cell.go:30)"
time=2026-03-08T05:56:16.388697587Z level=debug source=/go/src/github.com/cilium/cilium/vendor/github.com/cilium/hive/cell/invoke.go:38 msg=Invoking function="clustercfg.RegisterEnforcer (.../clustermesh/clustercfg/enforce.go:24)"
time=2026-03-08T05:56:16.389021976Z level=debug source=/go/src/github.com/cilium/cilium/vendor/github.com/cilium/hive/cell/invoke.go:59 msg=Invoked duration=315.76µs function="clustercfg.RegisterEnforcer (.../clustermesh/clustercfg/enforce.go:24)"
time=2026-03-08T05:56:16.389038476Z level=debug source=/go/src/github.com/cilium/cilium/vendor/github.com/cilium/hive/cell/invoke.go:38 msg=Invoking function="bgp.registerBGPResourceManager (pkg/bgp/manager.go:88)"
time=2026-03-08T05:56:16.389524396Z level=debug source=/go/src/github.com/cilium/cilium/vendor/github.com/cilium/hive/cell/invoke.go:59 msg=Invoked duration=477.391µs function="bgp.registerBGPResourceManager (pkg/bgp/manager.go:88)"
time=2026-03-08T05:56:16.389543456Z level=debug source=/go/src/github.com/cilium/cilium/vendor/github.com/cilium/hive/cell/invoke.go:38 msg=Invoking function="bgp.registerPeerConfigStatusReconciler (pkg/bgp/peer.go:49)"
time=2026-03-08T05:56:16.389613267Z level=debug source=/go/src/github.com/cilium/cilium/vendor/github.com/cilium/hive/cell/invoke.go:59 msg=Invoked duration=61.649µs function="bgp.registerPeerConfigStatusReconciler (pkg/bgp/peer.go:49)"
time=2026-03-08T05:56:16.389628087Z level=debug source=/go/src/github.com/cilium/cilium/vendor/github.com/cilium/hive/cell/invoke.go:38 msg=Invoking function="lbipam.init.func1 (pkg/lbipam/cell.go:32)"
time=2026-03-08T05:56:16.390017316Z level=debug source=/go/src/github.com/cilium/cilium/vendor/github.com/cilium/hive/cell/invoke.go:59 msg=Invoked duration=381.26µs function="lbipam.init.func1 (pkg/lbipam/cell.go:32)"
time=2026-03-08T05:56:16.390034656Z level=debug source=/go/src/github.com/cilium/cilium/vendor/github.com/cilium/hive/cell/invoke.go:38 msg=Invoking function="nodeipam.registerNodeSvcLBReconciler (pkg/nodeipam/cell.go:36)"
time=2026-03-08T05:56:16.391060527Z level=debug source=/go/src/github.com/cilium/cilium/vendor/github.com/cilium/hive/cell/invoke.go:59 msg=Invoked duration=1.016191ms function="nodeipam.registerNodeSvcLBReconciler (pkg/nodeipam/cell.go:36)"
time=2026-03-08T05:56:16.391086556Z level=debug source=/go/src/github.com/cilium/cilium/vendor/github.com/cilium/hive/cell/invoke.go:38 msg=Invoking function="auth.registerIdentityWatcher (.../operator/auth/watcher.go:44)"
time=2026-03-08T05:56:16.391538356Z level=debug source=/go/src/github.com/cilium/cilium/vendor/github.com/cilium/hive/cell/invoke.go:59 msg=Invoked duration=442.84µs function="auth.registerIdentityWatcher (.../operator/auth/watcher.go:44)"
time=2026-03-08T05:56:16.391561947Z level=debug source=/go/src/github.com/cilium/cilium/vendor/github.com/cilium/hive/cell/invoke.go:38 msg=Invoking function="endpointslicesync.registerEndpointSliceSync (.../clustermesh/endpointslicesync/endpointslicesync.go:15)"
time=2026-03-08T05:56:16.391915416Z level=debug source=/go/src/github.com/cilium/cilium/vendor/github.com/cilium/hive/cell/invoke.go:59 msg=Invoked duration=343.699µs function="endpointslicesync.registerEndpointSliceSync (.../clustermesh/endpointslicesync/endpointslicesync.go:15)"
time=2026-03-08T05:56:16.391934316Z level=debug source=/go/src/github.com/cilium/cilium/vendor/github.com/cilium/hive/cell/invoke.go:38 msg=Invoking function="mcsapi.registerMCSAPIController (.../clustermesh/mcsapi/cell.go:107)"
time=2026-03-08T05:56:16.392282416Z level=debug source=/go/src/github.com/cilium/cilium/vendor/github.com/cilium/hive/cell/invoke.go:59 msg=Invoked duration=338.92µs function="mcsapi.registerMCSAPIController (.../clustermesh/mcsapi/cell.go:107)"
time=2026-03-08T05:56:16.392301936Z level=debug source=/go/src/github.com/cilium/cilium/vendor/github.com/cilium/hive/cell/invoke.go:38 msg=Invoking function="locksweeper.runLockSweeper (.../kvstore/locksweeper/locksweeper.go:36)"
time=2026-03-08T05:56:16.392552886Z level=debug source=/go/src/github.com/cilium/cilium/vendor/github.com/cilium/hive/cell/invoke.go:59 msg=Invoked duration=241.82µs function="locksweeper.runLockSweeper (.../kvstore/locksweeper/locksweeper.go:36)"
time=2026-03-08T05:56:16.392567936Z level=debug source=/go/src/github.com/cilium/cilium/vendor/github.com/cilium/hive/cell/invoke.go:38 msg=Invoking function="watchers.registerCiliumNodeGC (.../operator/watchers/cilium_node_gc_cell.go:61)"
time=2026-03-08T05:56:16.392857136Z level=debug source=/go/src/github.com/cilium/cilium/vendor/github.com/cilium/hive/cell/invoke.go:59 msg=Invoked duration=281.12µs function="watchers.registerCiliumNodeGC (.../operator/watchers/cilium_node_gc_cell.go:61)"
time=2026-03-08T05:56:16.392873466Z level=debug source=/go/src/github.com/cilium/cilium/vendor/github.com/cilium/hive/cell/invoke.go:38 msg=Invoking function="cmd.registerLegacyOnLeader (cmd/root.go:625)"
time=2026-03-08T05:56:16.393104936Z level=debug source=/go/src/github.com/cilium/cilium/vendor/github.com/cilium/hive/cell/invoke.go:59 msg=Invoked duration=223.8µs function="cmd.registerLegacyOnLeader (cmd/root.go:625)"
time=2026-03-08T05:56:16.393118966Z level=debug source=/go/src/github.com/cilium/cilium/vendor/github.com/cilium/hive/cell/invoke.go:38 msg=Invoking function="identitygc.registerGC (.../operator/identitygc/gc.go:91)"
time=2026-03-08T05:56:16.393517706Z level=debug source=/go/src/github.com/cilium/cilium/vendor/github.com/cilium/hive/cell/invoke.go:59 msg=Invoked duration=390.85µs function="identitygc.registerGC (.../operator/identitygc/gc.go:91)"
time=2026-03-08T05:56:16.393534006Z level=debug source=/go/src/github.com/cilium/cilium/vendor/github.com/cilium/hive/cell/invoke.go:38 msg=Invoking function="ciliumidentity.registerController (pkg/ciliumidentity/controller.go:96)"
time=2026-03-08T05:56:16.393944556Z level=debug source=/go/src/github.com/cilium/cilium/vendor/github.com/cilium/hive/cell/invoke.go:59 msg=Invoked duration=402.14µs function="ciliumidentity.registerController (pkg/ciliumidentity/controller.go:96)"
time=2026-03-08T05:56:16.393964386Z level=debug source=/go/src/github.com/cilium/cilium/vendor/github.com/cilium/hive/cell/invoke.go:38 msg=Invoking function="doublewrite.registerDoubleWriteMetricReporter (.../operator/doublewrite/metricreporter.go:63)"
time=2026-03-08T05:56:16.394233986Z level=debug source=/go/src/github.com/cilium/cilium/vendor/github.com/cilium/hive/cell/invoke.go:59 msg=Invoked duration=260.52µs function="doublewrite.registerDoubleWriteMetricReporter (.../operator/doublewrite/metricreporter.go:63)"
time=2026-03-08T05:56:16.394250786Z level=debug source=/go/src/github.com/cilium/cilium/vendor/github.com/cilium/hive/cell/invoke.go:38 msg=Invoking function="ciliumendpointslice.registerController (pkg/ciliumendpointslice/controller.go:139)"
time=2026-03-08T05:56:16.395063506Z level=debug source=/go/src/github.com/cilium/cilium/vendor/github.com/cilium/hive/cell/invoke.go:59 msg=Invoked duration=802.71µs function="ciliumendpointslice.registerController (pkg/ciliumendpointslice/controller.go:139)"
time=2026-03-08T05:56:16.395090096Z level=debug source=/go/src/github.com/cilium/cilium/vendor/github.com/cilium/hive/cell/invoke.go:38 msg=Invoking function="endpointgc.registerGC (.../operator/endpointgc/gc.go:57)"
time=2026-03-08T05:56:16.395409986Z level=debug source=/go/src/github.com/cilium/cilium/vendor/github.com/cilium/hive/cell/invoke.go:59 msg=Invoked duration=310.48µs function="endpointgc.registerGC (.../operator/endpointgc/gc.go:57)"
time=2026-03-08T05:56:16.395429496Z level=debug source=/go/src/github.com/cilium/cilium/vendor/github.com/cilium/hive/cell/invoke.go:38 msg=Invoking function="unmanagedpods.registerController (.../operator/unmanagedpods/controller.go:45)"
time=2026-03-08T05:56:16.395748956Z level=debug source=/go/src/github.com/cilium/cilium/vendor/github.com/cilium/hive/cell/invoke.go:59 msg=Invoked duration=310.31µs function="unmanagedpods.registerController (.../operator/unmanagedpods/controller.go:45)"
time=2026-03-08T05:56:16.395769786Z level=debug source=/go/src/github.com/cilium/cilium/vendor/github.com/cilium/hive/cell/invoke.go:38 msg=Invoking function="policyderivative.registerWatchers (.../operator/policyderivative/controller.go:28)"
time=2026-03-08T05:56:16.396051876Z level=debug source=/go/src/github.com/cilium/cilium/vendor/github.com/cilium/hive/cell/invoke.go:59 msg=Invoked duration=273.25µs function="policyderivative.registerWatchers (.../operator/policyderivative/controller.go:28)"
time=2026-03-08T05:56:16.396067986Z level=debug source=/go/src/github.com/cilium/cilium/vendor/github.com/cilium/hive/cell/invoke.go:38 msg=Invoking function="endpointslicegc.registerGC (.../operator/endpointslicegc/gc.go:42)"
time=2026-03-08T05:56:16.396344106Z level=debug source=/go/src/github.com/cilium/cilium/vendor/github.com/cilium/hive/cell/invoke.go:59 msg=Invoked duration=265.23µs function="endpointslicegc.registerGC (.../operator/endpointslicegc/gc.go:42)"
time=2026-03-08T05:56:16.396361826Z level=debug source=/go/src/github.com/cilium/cilium/vendor/github.com/cilium/hive/cell/invoke.go:38 msg=Invoking function="gateway-api.initGatewayAPIController (pkg/gateway-api/cell.go:210)"
time=2026-03-08T05:56:16.396758376Z level=info source=/go/src/github.com/cilium/cilium/operator/pkg/gateway-api/cell.go:118 msg="Checking for required and optional GatewayAPI resources" module=operator.operator-controlplane.leader-lifecycle.gateway-api requiredGVK="[gateway.networking.k8s.io/v1, Kind=gatewayclasses gateway.networking.k8s.io/v1, Kind=gateways gateway.networking.k8s.io/v1, Kind=httproutes gateway.networking.k8s.io/v1, Kind=grpcroutes gateway.networking.k8s.io/v1beta1, Kind=referencegrants]" optionalGVK="[gateway.networking.k8s.io/v1alpha2, Kind=tlsroutes multicluster.x-k8s.io/v1alpha1, Kind=serviceimports]"
time=2026-03-08T05:56:16.438020145Z level=debug source=/go/src/github.com/cilium/cilium/operator/pkg/gateway-api/cell.go:393 msg="CRD is not present, will not handle it" module=operator.operator-controlplane.leader-lifecycle.gateway-api optionalGVK="multicluster.x-k8s.io/v1alpha1, Kind=serviceimports"
time=2026-03-08T05:56:16.438133585Z level=debug source=/go/src/github.com/cilium/cilium/pkg/hive/health/provider.go:89 msg="upserting health status" module=health lastLevel=none reporter-id=operator.operator-controlplane.leader-lifecycle.gateway-api. status="operator.operator-controlplane.leader-lifecycle.gateway-api.: [OK] Gateway API CRDs discovered"
time=2026-03-08T05:56:16.446005205Z level=info source=/go/src/github.com/cilium/cilium/operator/pkg/gateway-api/cell.go:431 msg="TLSRoute CRD is installed, TLSRoute support is enabled" module=operator.operator-controlplane.leader-lifecycle.gateway-api
time=2026-03-08T05:56:16.446065445Z level=debug source=/go/src/github.com/cilium/cilium/vendor/github.com/cilium/hive/cell/invoke.go:59 msg=Invoked duration=49.691869ms function="gateway-api.initGatewayAPIController (pkg/gateway-api/cell.go:210)"
time=2026-03-08T05:56:16.446082985Z level=debug source=/go/src/github.com/cilium/cilium/vendor/github.com/cilium/hive/cell/invoke.go:38 msg=Invoking function="ingress.registerReconciler (pkg/ingress/cell.go:109)"
time=2026-03-08T05:56:16.446948445Z level=debug source=/go/src/github.com/cilium/cilium/vendor/github.com/cilium/hive/cell/invoke.go:59 msg=Invoked duration=853.57µs function="ingress.registerReconciler (pkg/ingress/cell.go:109)"
time=2026-03-08T05:56:16.446981835Z level=debug source=/go/src/github.com/cilium/cilium/vendor/github.com/cilium/hive/cell/invoke.go:38 msg=Invoking function="secretsync.initSecretSyncReconciliation (pkg/secretsync/cell.go:69)"
time=2026-03-08T05:56:16.447726485Z level=debug source=/go/src/github.com/cilium/cilium/operator/pkg/secretsync/cell.go:75 msg="Synchronized Secrets and Configmaps will resync" module=operator.operator-controlplane.leader-lifecycle.secret-sync syncInterval=1h0m0s
time=2026-03-08T05:56:16.447758425Z level=info source=/go/src/github.com/cilium/cilium/operator/pkg/secretsync/secretsync.go:106 msg="Setting up Secret synchronization" module=operator.operator-controlplane.leader-lifecycle.secret-sync registrations="[*v2.CiliumClusterwideNetworkPolicy -> \"cilium-secrets\" *v1.Gateway -> \"cilium-secrets\" *v2.CiliumNetworkPolicy -> \"cilium-secrets\"]"
time=2026-03-08T05:56:16.447822735Z level=info source=/go/src/github.com/cilium/cilium/operator/pkg/secretsync/configmapsync.go:92 msg="Setting up ConfigMap synchronization" module=operator.operator-controlplane.leader-lifecycle.secret-sync registrations="[*v1.BackendTLSPolicy -> \"cilium-secrets\"]"
time=2026-03-08T05:56:16.447871025Z level=debug source=/go/src/github.com/cilium/cilium/vendor/github.com/cilium/hive/cell/invoke.go:59 msg=Invoked duration=872.09µs function="secretsync.initSecretSyncReconciliation (pkg/secretsync/cell.go:69)"
time=2026-03-08T05:56:16.447894535Z level=debug source=/go/src/github.com/cilium/cilium/vendor/github.com/cilium/hive/cell/invoke.go:38 msg=Invoking function="watchers.registerServiceSync (.../operator/watchers/service_sync.go:79)"
time=2026-03-08T05:56:16.448527685Z level=debug source=/go/src/github.com/cilium/cilium/vendor/github.com/cilium/hive/cell/invoke.go:59 msg=Invoked duration=618.72µs function="watchers.registerServiceSync (.../operator/watchers/service_sync.go:79)"
time=2026-03-08T05:56:16.448556705Z level=debug source=/go/src/github.com/cilium/cilium/vendor/github.com/cilium/hive/cell/invoke.go:38 msg=Invoking function="mcsapi.registerServiceExportSync (.../clustermesh/mcsapi/serviceexportsync.go:73)"
time=2026-03-08T05:56:16.449102455Z level=debug source=/go/src/github.com/cilium/cilium/vendor/github.com/cilium/hive/cell/invoke.go:59 msg=Invoked duration=530.16µs function="mcsapi.registerServiceExportSync (.../clustermesh/mcsapi/serviceexportsync.go:73)"
time=2026-03-08T05:56:16.449131395Z level=debug source=/go/src/github.com/cilium/cilium/vendor/github.com/cilium/hive/cell/invoke.go:38 msg=Invoking function="ciliumenvoyconfig.registerL7LoadBalancingController (pkg/ciliumenvoyconfig/cell.go:60)"
time=2026-03-08T05:56:16.449598015Z level=debug source=/go/src/github.com/cilium/cilium/vendor/github.com/cilium/hive/cell/invoke.go:59 msg=Invoked duration=450.87µs function="ciliumenvoyconfig.registerL7LoadBalancingController (pkg/ciliumenvoyconfig/cell.go:60)"
time=2026-03-08T05:56:16.449625935Z level=debug source=/go/src/github.com/cilium/cilium/vendor/github.com/cilium/hive/cell/invoke.go:38 msg=Invoking function="networkpolicy.registerPolicyValidator (pkg/networkpolicy/cell.go:78)"
time=2026-03-08T05:56:16.450180435Z level=info source=/go/src/github.com/cilium/cilium/operator/pkg/networkpolicy/cell.go:93 msg="Registering CNP / CCNP validator" module=operator.operator-controlplane.leader-lifecycle.network-policy-validator
time=2026-03-08T05:56:16.450220135Z level=debug source=/go/src/github.com/cilium/cilium/vendor/github.com/cilium/hive/cell/invoke.go:59 msg=Invoked duration=581.92µs function="networkpolicy.registerPolicyValidator (pkg/networkpolicy/cell.go:78)"
time=2026-03-08T05:56:16.450234585Z level=debug source=/go/src/github.com/cilium/cilium/vendor/github.com/cilium/hive/cell/invoke.go:38 msg=Invoking function="operator.updateOperatorConfigMetricOnStart (.../features/operator/features.go:13)"
time=2026-03-08T05:56:16.450634185Z level=debug source=/go/src/github.com/cilium/cilium/vendor/github.com/cilium/hive/cell/invoke.go:59 msg=Invoked duration=387.68µs function="operator.updateOperatorConfigMetricOnStart (.../features/operator/features.go:13)"
time=2026-03-08T05:56:16.450657225Z level=debug source=/go/src/github.com/cilium/cilium/vendor/github.com/cilium/hive/cell/invoke.go:38 msg=Invoking function="nodesgc.init.func1 (.../kvstore/nodesgc/cell.go:18)"
time=2026-03-08T05:56:16.450953705Z level=debug source=/go/src/github.com/cilium/cilium/vendor/github.com/cilium/hive/cell/invoke.go:59 msg=Invoked duration=287.65µs function="nodesgc.init.func1 (.../kvstore/nodesgc/cell.go:18)"
time=2026-03-08T05:56:16.450971775Z level=debug source=/go/src/github.com/cilium/cilium/vendor/github.com/cilium/hive/cell/invoke.go:38 msg=Invoking function="ipam.startClusterPoolAllocator (pkg/ipam/clusterpool.go:43)"
time=2026-03-08T05:56:16.451377645Z level=debug source=/go/src/github.com/cilium/cilium/vendor/github.com/cilium/hive/cell/invoke.go:59 msg=Invoked duration=392.2µs function="ipam.startClusterPoolAllocator (pkg/ipam/clusterpool.go:43)"
time=2026-03-08T05:56:16.451400345Z level=debug source=/go/src/github.com/cilium/cilium/vendor/github.com/cilium/hive/cell/invoke.go:38 msg=Invoking function="ipam.startMultiPoolAllocator (pkg/ipam/multipool.go:71)"
time=2026-03-08T05:56:16.451759135Z level=debug source=/go/src/github.com/cilium/cilium/vendor/github.com/cilium/hive/cell/invoke.go:59 msg=Invoked duration=350.23µs function="ipam.startMultiPoolAllocator (pkg/ipam/multipool.go:71)"
time=2026-03-08T05:56:16.451777905Z level=debug source=/go/src/github.com/cilium/cilium/vendor/github.com/cilium/hive/cell/invoke.go:38 msg=Invoking function="cmd.registerOperatorHooks (cmd/root.go:459)"
time=2026-03-08T05:56:16.451969225Z level=debug source=/go/src/github.com/cilium/cilium/vendor/github.com/cilium/hive/cell/invoke.go:59 msg=Invoked duration=183.27µs function="cmd.registerOperatorHooks (cmd/root.go:459)"
time=2026-03-08T05:56:16.451986495Z level=debug source=/go/src/github.com/cilium/cilium/vendor/github.com/cilium/hive/cell/invoke.go:38 msg=Invoking function="health.metricPublisher (.../hive/health/metrics.go:59)"
time=2026-03-08T05:56:16.452194665Z level=debug source=/go/src/github.com/cilium/cilium/vendor/github.com/cilium/hive/cell/invoke.go:59 msg=Invoked duration=200.24µs function="health.metricPublisher (.../hive/health/metrics.go:59)"
time=2026-03-08T05:56:16.452238015Z level=info source=/go/src/github.com/cilium/cilium/vendor/github.com/cilium/hive/hive.go:385 msg="Starting hive"
time=2026-03-08T05:56:16.452279585Z level=debug source=/go/src/github.com/cilium/cilium/vendor/github.com/cilium/hive/cell/lifecycle.go:139 msg="Executing start hook" function="gops.registerGopsHooks.func1 (pkg/gops/cell.go:47) (operator.operator-infra.gops)"
time=2026-03-08T05:56:16.452297995Z level=info source=/go/src/github.com/cilium/cilium/pkg/gops/cell.go:48 msg="Started gops server" module=operator.operator-infra.gops address=127.0.0.1:9891
time=2026-03-08T05:56:16.459965754Z level=debug source=/go/src/github.com/cilium/cilium/vendor/github.com/cilium/hive/cell/lifecycle.go:149 msg="Start hook executed" function="gops.registerGopsHooks.func1 (pkg/gops/cell.go:47) (operator.operator-infra.gops)" duration=7.660959ms
time=2026-03-08T05:56:16.460029044Z level=debug source=/go/src/github.com/cilium/cilium/vendor/github.com/cilium/hive/cell/lifecycle.go:139 msg="Executing start hook" function="*job.registry.Start (jobs)"
time=2026-03-08T05:56:16.460046684Z level=debug source=/go/src/github.com/cilium/cilium/vendor/github.com/cilium/hive/cell/lifecycle.go:149 msg="Start hook executed" function="*job.registry.Start (jobs)" duration=1.25µs
time=2026-03-08T05:56:16.460069474Z level=debug source=/go/src/github.com/cilium/cilium/vendor/github.com/cilium/hive/cell/lifecycle.go:139 msg="Executing start hook" function="statedb.newHiveDB.func1 (.../cilium/statedb/cell.go:34) (statedb)"
time=2026-03-08T05:56:16.460082804Z level=debug source=/go/src/github.com/cilium/cilium/vendor/github.com/cilium/hive/cell/lifecycle.go:149 msg="Start hook executed" function="statedb.newHiveDB.func1 (.../cilium/statedb/cell.go:34) (statedb)" duration=6.3µs
time=2026-03-08T05:56:16.460094594Z level=debug source=/go/src/github.com/cilium/cilium/vendor/github.com/cilium/hive/cell/lifecycle.go:139 msg="Executing start hook" function="*health.provider.Start (health)"
time=2026-03-08T05:56:16.460102564Z level=debug source=/go/src/github.com/cilium/cilium/vendor/github.com/cilium/hive/cell/lifecycle.go:149 msg="Start hook executed" function="*health.provider.Start (health)" duration=540ns
time=2026-03-08T05:56:16.460123544Z level=debug source=/go/src/github.com/cilium/cilium/vendor/github.com/cilium/hive/cell/lifecycle.go:139 msg="Executing start hook" function="*job.queuedJob.Start (jobs)" detail="operator-prometheus-server (metrics.(*Registry).AddServerRuntimeHooks.func1 (pkg/metrics/registry.go:97))"
time=2026-03-08T05:56:16.460152444Z level=debug source=/go/src/github.com/cilium/cilium/vendor/github.com/cilium/hive/cell/lifecycle.go:149 msg="Start hook executed" function="*job.queuedJob.Start (jobs)" detail="operator-prometheus-server (metrics.(*Registry).AddServerRuntimeHooks.func1 (pkg/metrics/registry.go:97))" duration=19.97µs
time=2026-03-08T05:56:16.460172744Z level=debug source=/go/src/github.com/cilium/cilium/vendor/github.com/cilium/hive/cell/lifecycle.go:139 msg="Executing start hook" function="client.(*compositeClientset).onStart (operator.operator-infra.operator-k8s-client-builder.k8s-client-builder)"
time=2026-03-08T05:56:16.460221094Z level=info source=/go/src/github.com/cilium/cilium/pkg/k8s/client/cell.go:319 msg="Establishing connection to apiserver" module=operator.operator-infra.operator-k8s-client-builder.k8s-client-builder ipAddr=https://10.245.0.1:443
time=2026-03-08T05:56:16.460321534Z level=debug source=/go/src/github.com/cilium/cilium/vendor/github.com/cilium/hive/job/oneshot.go:136 msg="Starting one-shot job" module=operator.operator-infra.operator-metrics.operator-metrics name=operator-prometheus-server func="metrics.(*Registry).AddServerRuntimeHooks.func1 (pkg/metrics/registry.go:97)"
time=2026-03-08T05:56:16.460407644Z level=debug source=/go/src/github.com/cilium/cilium/pkg/hive/health/provider.go:89 msg="upserting health status" module=health lastLevel=none reporter-id=operator.operator-infra.operator-metrics.operator-metrics.job-operator-prometheus-server status="operator.operator-infra.operator-metrics.operator-metrics.job-operator-prometheus-server: [OK] Running"
time=2026-03-08T05:56:16.460476554Z level=info source=/go/src/github.com/cilium/cilium/pkg/metrics/registry.go:99 msg="Serving prometheus metrics" module=operator.operator-infra.operator-metrics.operator-metrics server=operator-prometheus-server address=:9963 tls=false
time=2026-03-08T05:56:16.463167984Z level=info source=/go/src/github.com/cilium/cilium/pkg/k8s/client/cell.go:346 msg="Connected to apiserver" module=operator.operator-infra.operator-k8s-client-builder.k8s-client-builder
time=2026-03-08T05:56:16.463256314Z level=debug source=/go/src/github.com/cilium/cilium/pkg/controller/manager.go:123 msg="Starting new controller" subsys=controller name=k8s-heartbeat uuid=09a619f7-bb34-4db5-a2c1-364fde6829b5
time=2026-03-08T05:56:16.463402584Z level=debug source=/go/src/github.com/cilium/cilium/pkg/controller/controller.go:338 msg="Controller func executed" subsys=controller name=k8s-heartbeat uuid=09a619f7-bb34-4db5-a2c1-364fde6829b5 duration=11.19µs
time=2026-03-08T05:56:16.464462634Z level=debug source=/go/src/github.com/cilium/cilium/vendor/github.com/cilium/hive/cell/lifecycle.go:149 msg="Start hook executed" function="client.(*compositeClientset).onStart (operator.operator-infra.operator-k8s-client-builder.k8s-client-builder)" duration=4.278ms
time=2026-03-08T05:56:16.464496014Z level=debug source=/go/src/github.com/cilium/cilium/vendor/github.com/cilium/hive/cell/lifecycle.go:139 msg="Executing start hook" function="*resource.resource[*github.com/cilium/cilium/pkg/k8s/slim/k8s/api/core/v1.Service].Start (operator.operator-infra)"
time=2026-03-08T05:56:16.464515034Z level=debug source=/go/src/github.com/cilium/cilium/vendor/github.com/cilium/hive/cell/lifecycle.go:149 msg="Start hook executed" function="*resource.resource[*github.com/cilium/cilium/pkg/k8s/slim/k8s/api/core/v1.Service].Start (operator.operator-infra)" duration=9.35µs
time=2026-03-08T05:56:16.464541074Z level=debug source=/go/src/github.com/cilium/cilium/vendor/github.com/cilium/hive/cell/lifecycle.go:139 msg="Executing start hook" function="*job.queuedJob.Start (jobs)" detail="service-reloader-initializer (dial.newResourceServiceResolver.func2 (pkg/dial/resolver.go:70))"
time=2026-03-08T05:56:16.464557564Z level=debug source=/go/src/github.com/cilium/cilium/vendor/github.com/cilium/hive/cell/lifecycle.go:149 msg="Start hook executed" function="*job.queuedJob.Start (jobs)" detail="service-reloader-initializer (dial.newResourceServiceResolver.func2 (pkg/dial/resolver.go:70))" duration=4.82µs
time=2026-03-08T05:56:16.464572944Z level=debug source=/go/src/github.com/cilium/cilium/vendor/github.com/cilium/hive/cell/lifecycle.go:139 msg="Executing start hook" function="*job.queuedJob.Start (jobs)" detail="collect (metrics.(*sampler).collectLoop)"
time=2026-03-08T05:56:16.464586294Z level=debug source=/go/src/github.com/cilium/cilium/vendor/github.com/cilium/hive/cell/lifecycle.go:149 msg="Start hook executed" function="*job.queuedJob.Start (jobs)" detail="collect (metrics.(*sampler).collectLoop)" duration=1.49µs
time=2026-03-08T05:56:16.464601024Z level=debug source=/go/src/github.com/cilium/cilium/vendor/github.com/cilium/hive/cell/lifecycle.go:139 msg="Executing start hook" function="*job.queuedJob.Start (jobs)" detail="cleanup (metrics.(*sampler).cleanup)"
time=2026-03-08T05:56:16.464614894Z level=debug source=/go/src/github.com/cilium/cilium/vendor/github.com/cilium/hive/cell/lifecycle.go:149 msg="Start hook executed" function="*job.queuedJob.Start (jobs)" detail="cleanup (metrics.(*sampler).cleanup)" duration=1.39µs
time=2026-03-08T05:56:16.464629544Z level=debug source=/go/src/github.com/cilium/cilium/vendor/github.com/cilium/hive/cell/lifecycle.go:139 msg="Executing start hook" function="*job.queuedJob.Start (jobs)" detail="listener (shell.shell.listener)"
time=2026-03-08T05:56:16.464638474Z level=debug source=/go/src/github.com/cilium/cilium/vendor/github.com/cilium/hive/cell/lifecycle.go:149 msg="Start hook executed" function="*job.queuedJob.Start (jobs)" detail="listener (shell.shell.listener)" duration=1.66µs
time=2026-03-08T05:56:16.464650684Z level=debug source=/go/src/github.com/cilium/cilium/vendor/github.com/cilium/hive/cell/lifecycle.go:139 msg="Executing start hook" function="*api.server.Start (operator.operator-controlplane.cilium-operator-api)"
time=2026-03-08T05:56:16.464639224Z level=debug source=/go/src/github.com/cilium/cilium/vendor/github.com/cilium/hive/job/oneshot.go:136 msg="Starting one-shot job" module=operator.operator-infra.service-resolver name=service-reloader-initializer func="dial.newResourceServiceResolver.func2 (pkg/dial/resolver.go:70)"
time=2026-03-08T05:56:16.464698004Z level=debug source=/go/src/github.com/cilium/cilium/vendor/github.com/cilium/hive/job/oneshot.go:136 msg="Starting one-shot job" module=operator.operator-infra.operator-metrics.operator-metrics name=collect func=metrics.(*sampler).collectLoop
time=2026-03-08T05:56:16.464725204Z level=debug source=/go/src/github.com/cilium/cilium/pkg/hive/health/provider.go:89 msg="upserting health status" module=health lastLevel=none reporter-id=operator.operator-infra.service-resolver.job-service-reloader-initializer status="operator.operator-infra.service-resolver.job-service-reloader-initializer: [OK] Running"
time=2026-03-08T05:56:16.464781444Z level=debug source=/go/src/github.com/cilium/cilium/vendor/github.com/cilium/hive/job/timer.go:175 msg="Starting timer job" module=operator.operator-infra.operator-metrics.operator-metrics name=cleanup func=metrics.(*sampler).cleanup
time=2026-03-08T05:56:16.464797084Z level=debug source=/go/src/github.com/cilium/cilium/pkg/hive/health/provider.go:89 msg="upserting health status" module=health lastLevel=none reporter-id=operator.operator-infra.operator-metrics.operator-metrics.job-collect status="operator.operator-infra.operator-metrics.operator-metrics.job-collect: [OK] Running"
time=2026-03-08T05:56:16.464868584Z level=debug source=/go/src/github.com/cilium/cilium/vendor/github.com/cilium/hive/job/oneshot.go:136 msg="Starting one-shot job" module=jobs name=listener func=shell.shell.listener
time=2026-03-08T05:56:16.464952684Z level=debug source=/go/src/github.com/cilium/cilium/pkg/hive/health/provider.go:89 msg="upserting health status" module=health lastLevel=none reporter-id=operator.operator-infra.shell.job-listener status="operator.operator-infra.shell.job-listener: [OK] Running"
time=2026-03-08T05:56:16.465072834Z level=debug source=/go/src/github.com/cilium/cilium/pkg/hive/health/provider.go:89 msg="upserting health status" module=health lastLevel=none reporter-id=operator.operator-infra.operator-metrics.operator-metrics.timer-job-cleanup status="operator.operator-infra.operator-metrics.operator-metrics.timer-job-cleanup: [OK] Primed"
time=2026-03-08T05:56:16.465221354Z level=info source=/go/src/github.com/cilium/cilium/vendor/github.com/cilium/hive/shell/server.go:87 msg="Shell listening" module=operator.operator-infra.shell socket=/var/run/cilium/shell.sock
time=2026-03-08T05:56:16.472534984Z level=debug source=/go/src/github.com/cilium/cilium/vendor/github.com/cilium/hive/cell/lifecycle.go:149 msg="Start hook executed" function="*api.server.Start (operator.operator-controlplane.cilium-operator-api)" duration=7.86851ms
time=2026-03-08T05:56:16.472605554Z level=debug source=/go/src/github.com/cilium/cilium/vendor/github.com/cilium/hive/cell/lifecycle.go:139 msg="Executing start hook" function="client.(*compositeClientset).onStart (operator.operator-infra.operator-k8s-client-builder.k8s-client-builder)"
time=2026-03-08T05:56:16.472637364Z level=info source=/go/src/github.com/cilium/cilium/pkg/k8s/client/cell.go:319 msg="Establishing connection to apiserver" module=operator.operator-infra.operator-k8s-client-builder.k8s-client-builder ipAddr=https://10.245.0.1:443
time=2026-03-08T05:56:16.479262134Z level=info source=/go/src/github.com/cilium/cilium/pkg/k8s/client/cell.go:346 msg="Connected to apiserver" module=operator.operator-infra.operator-k8s-client-builder.k8s-client-builder
time=2026-03-08T05:56:16.479325714Z level=debug source=/go/src/github.com/cilium/cilium/pkg/controller/manager.go:123 msg="Starting new controller" subsys=controller name=k8s-heartbeat uuid=baa517db-db81-4ed9-875c-02e51764d30d
time=2026-03-08T05:56:16.479486354Z level=debug source=/go/src/github.com/cilium/cilium/pkg/controller/controller.go:338 msg="Controller func executed" subsys=controller name=k8s-heartbeat uuid=baa517db-db81-4ed9-875c-02e51764d30d duration=16.17µs
time=2026-03-08T05:56:16.480233214Z level=debug source=/go/src/github.com/cilium/cilium/vendor/github.com/cilium/hive/cell/lifecycle.go:149 msg="Start hook executed" function="client.(*compositeClientset).onStart (operator.operator-infra.operator-k8s-client-builder.k8s-client-builder)" duration=7.60602ms
time=2026-03-08T05:56:16.480286454Z level=debug source=/go/src/github.com/cilium/cilium/vendor/github.com/cilium/hive/cell/lifecycle.go:139 msg="Executing start hook" function="cmd.registerOperatorHooks.func1 (cmd/root.go:462) (operator)"
time=2026-03-08T05:56:16.480320624Z level=debug source=/go/src/github.com/cilium/cilium/vendor/github.com/cilium/hive/cell/lifecycle.go:149 msg="Start hook executed" function="cmd.registerOperatorHooks.func1 (cmd/root.go:462) (operator)" duration=20.84µs
time=2026-03-08T05:56:16.480351264Z level=debug source=/go/src/github.com/cilium/cilium/vendor/github.com/cilium/hive/cell/lifecycle.go:139 msg="Executing start hook" function="*job.queuedJob.Start (jobs)" detail="module-status-metrics (health.metricPublisher.func2 (.../hive/health/metrics.go:78))"
time=2026-03-08T05:56:16.480368224Z level=debug source=/go/src/github.com/cilium/cilium/vendor/github.com/cilium/hive/cell/lifecycle.go:149 msg="Start hook executed" function="*job.queuedJob.Start (jobs)" detail="module-status-metrics (health.metricPublisher.func2 (.../hive/health/metrics.go:78))" duration=8.14µs
time=2026-03-08T05:56:16.480384344Z level=info source=/go/src/github.com/cilium/cilium/vendor/github.com/cilium/hive/hive.go:389 msg="Started hive" duration=28.134579ms
time=2026-03-08T05:56:16.480473914Z level=debug source=/go/src/github.com/cilium/cilium/vendor/github.com/cilium/hive/job/oneshot.go:136 msg="Starting one-shot job" module=health name=module-status-metrics func="health.metricPublisher.func2 (.../hive/health/metrics.go:78)"
time=2026-03-08T05:56:16.480557274Z level=debug source=/go/src/github.com/cilium/cilium/pkg/hive/health/provider.go:89 msg="upserting health status" module=health lastLevel=none reporter-id=health.job-module-status-metrics status="health.job-module-status-metrics: [OK] Running"
time=2026-03-08T05:56:16.480824364Z level=info source=/go/src/github.com/cilium/cilium/operator/cmd/root.go:570 msg="Waiting for leader election" module=operator
time=2026-03-08T05:56:16.480933174Z level=info source=/go/src/github.com/cilium/cilium/pkg/logging/klog_bridge.go:175 msg="\"Attempting to acquire leader lease...\" lock=\"kube-system/cilium-operator-resource-lock\"" subsys=klog
time=2026-03-08T05:56:16.489388604Z level=info source=/go/src/github.com/cilium/cilium/operator/cmd/root.go:598 msg="Leading the operator HA deployment" module=operator
time=2026-03-08T05:56:16.489516804Z level=info source=/go/src/github.com/cilium/cilium/pkg/logging/klog_bridge.go:175 msg="\"Successfully acquired lease\" lock=\"kube-system/cilium-operator-resource-lock\"" subsys=klog
time=2026-03-08T05:56:16.489940834Z level=debug source=/go/src/github.com/cilium/cilium/vendor/github.com/cilium/hive/cell/lifecycle.go:139 msg="Executing start hook" module=operator function=*job.registry.Start
time=2026-03-08T05:56:16.489995794Z level=info source=/go/src/github.com/cilium/cilium/vendor/github.com/cilium/hive/cell/lifecycle.go:147 msg="Start hook executed" module=operator function=*job.registry.Start duration=1.3µs
time=2026-03-08T05:56:16.490039214Z level=debug source=/go/src/github.com/cilium/cilium/vendor/github.com/cilium/hive/cell/lifecycle.go:139 msg="Executing start hook" module=operator function="apis.createCRDs.func1 (.../k8s/apis/cell.go:64)"
time=2026-03-08T05:56:16.496059573Z level=info source=/go/src/github.com/cilium/cilium/pkg/k8s/apis/crdhelpers/register.go:45 msg="Creating CRD (CustomResourceDefinition)..." module=operator.operator-controlplane.leader-lifecycle.create-crds name=ciliumidentities.cilium.io
time=2026-03-08T05:56:16.502094523Z level=debug source=/go/src/github.com/cilium/cilium/pkg/k8s/apis/crdhelpers/register.go:105 msg="Checking if CRD (CustomResourceDefinition) needs update..." module=operator.operator-controlplane.leader-lifecycle.create-crds name=ciliumidentities.cilium.io
time=2026-03-08T05:56:16.502147813Z level=debug source=/go/src/github.com/cilium/cilium/pkg/k8s/apis/crdhelpers/register.go:185 msg="Waiting for CRD (CustomResourceDefinition) to be available..." module=operator.operator-controlplane.leader-lifecycle.create-crds name=ciliumidentities.cilium.io
time=2026-03-08T05:56:17.502716997Z level=info source=/go/src/github.com/cilium/cilium/pkg/k8s/apis/crdhelpers/register.go:68 msg="CRD (CustomResourceDefinition) is installed and up-to-date" module=operator.operator-controlplane.leader-lifecycle.create-crds name=ciliumidentities.cilium.io
time=2026-03-08T05:56:17.506407327Z level=info source=/go/src/github.com/cilium/cilium/pkg/k8s/apis/crdhelpers/register.go:45 msg="Creating CRD (CustomResourceDefinition)..." module=operator.operator-controlplane.leader-lifecycle.create-crds name=ciliumpodippools.cilium.io
time=2026-03-08T05:56:17.514918607Z level=debug source=/go/src/github.com/cilium/cilium/pkg/k8s/apis/crdhelpers/register.go:105 msg="Checking if CRD (CustomResourceDefinition) needs update..." module=operator.operator-controlplane.leader-lifecycle.create-crds name=ciliumpodippools.cilium.io
time=2026-03-08T05:56:17.514974577Z level=debug source=/go/src/github.com/cilium/cilium/pkg/k8s/apis/crdhelpers/register.go:185 msg="Waiting for CRD (CustomResourceDefinition) to be available..." module=operator.operator-controlplane.leader-lifecycle.create-crds name=ciliumpodippools.cilium.io
time=2026-03-08T05:56:18.515079851Z level=info source=/go/src/github.com/cilium/cilium/pkg/k8s/apis/crdhelpers/register.go:68 msg="CRD (CustomResourceDefinition) is installed and up-to-date" module=operator.operator-controlplane.leader-lifecycle.create-crds name=ciliumpodippools.cilium.io
time=2026-03-08T05:56:18.518838541Z level=info source=/go/src/github.com/cilium/cilium/pkg/k8s/apis/crdhelpers/register.go:45 msg="Creating CRD (CustomResourceDefinition)..." module=operator.operator-controlplane.leader-lifecycle.create-crds name=ciliumendpoints.cilium.io
time=2026-03-08T05:56:18.526708911Z level=debug source=/go/src/github.com/cilium/cilium/pkg/k8s/apis/crdhelpers/register.go:105 msg="Checking if CRD (CustomResourceDefinition) needs update..." module=operator.operator-controlplane.leader-lifecycle.create-crds name=ciliumendpoints.cilium.io
time=2026-03-08T05:56:18.526764761Z level=debug source=/go/src/github.com/cilium/cilium/pkg/k8s/apis/crdhelpers/register.go:185 msg="Waiting for CRD (CustomResourceDefinition) to be available..." module=operator.operator-controlplane.leader-lifecycle.create-crds name=ciliumendpoints.cilium.io
time=2026-03-08T05:56:19.527679185Z level=info source=/go/src/github.com/cilium/cilium/pkg/k8s/apis/crdhelpers/register.go:68 msg="CRD (CustomResourceDefinition) is installed and up-to-date" module=operator.operator-controlplane.leader-lifecycle.create-crds name=ciliumendpoints.cilium.io
time=2026-03-08T05:56:19.532536685Z level=info source=/go/src/github.com/cilium/cilium/pkg/k8s/apis/crdhelpers/register.go:45 msg="Creating CRD (CustomResourceDefinition)..." module=operator.operator-controlplane.leader-lifecycle.create-crds name=ciliumnodes.cilium.io
time=2026-03-08T05:56:19.542031575Z level=debug source=/go/src/github.com/cilium/cilium/pkg/k8s/apis/crdhelpers/register.go:105 msg="Checking if CRD (CustomResourceDefinition) needs update..." module=operator.operator-controlplane.leader-lifecycle.create-crds name=ciliumnodes.cilium.io
time=2026-03-08T05:56:19.542081665Z level=debug source=/go/src/github.com/cilium/cilium/pkg/k8s/apis/crdhelpers/register.go:185 msg="Waiting for CRD (CustomResourceDefinition) to be available..." module=operator.operator-controlplane.leader-lifecycle.create-crds name=ciliumnodes.cilium.io
time=2026-03-08T05:56:20.542240539Z level=info source=/go/src/github.com/cilium/cilium/pkg/k8s/apis/crdhelpers/register.go:68 msg="CRD (CustomResourceDefinition) is installed and up-to-date" module=operator.operator-controlplane.leader-lifecycle.create-crds name=ciliumnodes.cilium.io
time=2026-03-08T05:56:20.563949919Z level=info source=/go/src/github.com/cilium/cilium/pkg/k8s/apis/crdhelpers/register.go:45 msg="Creating CRD (CustomResourceDefinition)..." module=operator.operator-controlplane.leader-lifecycle.create-crds name=ciliumnetworkpolicies.cilium.io
time=2026-03-08T05:56:20.607546898Z level=info source=/go/src/github.com/cilium/cilium/pkg/logging/klog_bridge.go:175 msg="\"Warning: unrecognized format \\\"idn-hostname\\\"\"" subsys=klog
time=2026-03-08T05:56:20.608551027Z level=debug source=/go/src/github.com/cilium/cilium/pkg/k8s/apis/crdhelpers/register.go:105 msg="Checking if CRD (CustomResourceDefinition) needs update..." module=operator.operator-controlplane.leader-lifecycle.create-crds name=ciliumnetworkpolicies.cilium.io
time=2026-03-08T05:56:20.608579227Z level=debug source=/go/src/github.com/cilium/cilium/pkg/k8s/apis/crdhelpers/register.go:185 msg="Waiting for CRD (CustomResourceDefinition) to be available..." module=operator.operator-controlplane.leader-lifecycle.create-crds name=ciliumnetworkpolicies.cilium.io
time=2026-03-08T05:56:21.609355941Z level=info source=/go/src/github.com/cilium/cilium/pkg/k8s/apis/crdhelpers/register.go:68 msg="CRD (CustomResourceDefinition) is installed and up-to-date" module=operator.operator-controlplane.leader-lifecycle.create-crds name=ciliumnetworkpolicies.cilium.io
time=2026-03-08T05:56:21.636601561Z level=info source=/go/src/github.com/cilium/cilium/pkg/k8s/apis/crdhelpers/register.go:45 msg="Creating CRD (CustomResourceDefinition)..." module=operator.operator-controlplane.leader-lifecycle.create-crds name=ciliumclusterwidenetworkpolicies.cilium.io
time=2026-03-08T05:56:21.68874931Z level=info source=/go/src/github.com/cilium/cilium/pkg/logging/klog_bridge.go:175 msg="\"Warning: unrecognized format \\\"idn-hostname\\\"\"" subsys=klog
time=2026-03-08T05:56:21.69041525Z level=debug source=/go/src/github.com/cilium/cilium/pkg/k8s/apis/crdhelpers/register.go:105 msg="Checking if CRD (CustomResourceDefinition) needs update..." module=operator.operator-controlplane.leader-lifecycle.create-crds name=ciliumclusterwidenetworkpolicies.cilium.io
time=2026-03-08T05:56:21.69050123Z level=debug source=/go/src/github.com/cilium/cilium/pkg/k8s/apis/crdhelpers/register.go:185 msg="Waiting for CRD (CustomResourceDefinition) to be available..." module=operator.operator-controlplane.leader-lifecycle.create-crds name=ciliumclusterwidenetworkpolicies.cilium.io
time=2026-03-08T05:56:22.691187213Z level=info source=/go/src/github.com/cilium/cilium/pkg/k8s/apis/crdhelpers/register.go:68 msg="CRD (CustomResourceDefinition) is installed and up-to-date" module=operator.operator-controlplane.leader-lifecycle.create-crds name=ciliumclusterwidenetworkpolicies.cilium.io
time=2026-03-08T05:56:22.694105304Z level=info source=/go/src/github.com/cilium/cilium/pkg/k8s/apis/crdhelpers/register.go:45 msg="Creating CRD (CustomResourceDefinition)..." module=operator.operator-controlplane.leader-lifecycle.create-crds name=ciliumcidrgroups.cilium.io
time=2026-03-08T05:56:22.701719563Z level=debug source=/go/src/github.com/cilium/cilium/pkg/k8s/apis/crdhelpers/register.go:105 msg="Checking if CRD (CustomResourceDefinition) needs update..." module=operator.operator-controlplane.leader-lifecycle.create-crds name=ciliumcidrgroups.cilium.io
time=2026-03-08T05:56:22.701758953Z level=debug source=/go/src/github.com/cilium/cilium/pkg/k8s/apis/crdhelpers/register.go:185 msg="Waiting for CRD (CustomResourceDefinition) to be available..." module=operator.operator-controlplane.leader-lifecycle.create-crds name=ciliumcidrgroups.cilium.io
time=2026-03-08T05:56:23.702853848Z level=info source=/go/src/github.com/cilium/cilium/pkg/k8s/apis/crdhelpers/register.go:68 msg="CRD (CustomResourceDefinition) is installed and up-to-date" module=operator.operator-controlplane.leader-lifecycle.create-crds name=ciliumcidrgroups.cilium.io
time=2026-03-08T05:56:23.706441958Z level=info source=/go/src/github.com/cilium/cilium/pkg/k8s/apis/crdhelpers/register.go:45 msg="Creating CRD (CustomResourceDefinition)..." module=operator.operator-controlplane.leader-lifecycle.create-crds name=ciliumclusterwideenvoyconfigs.cilium.io
time=2026-03-08T05:56:23.714049377Z level=debug source=/go/src/github.com/cilium/cilium/pkg/k8s/apis/crdhelpers/register.go:105 msg="Checking if CRD (CustomResourceDefinition) needs update..." module=operator.operator-controlplane.leader-lifecycle.create-crds name=ciliumclusterwideenvoyconfigs.cilium.io
time=2026-03-08T05:56:23.714100327Z level=debug source=/go/src/github.com/cilium/cilium/pkg/k8s/apis/crdhelpers/register.go:185 msg="Waiting for CRD (CustomResourceDefinition) to be available..." module=operator.operator-controlplane.leader-lifecycle.create-crds name=ciliumclusterwideenvoyconfigs.cilium.io
time=2026-03-08T05:56:24.714245901Z level=info source=/go/src/github.com/cilium/cilium/pkg/k8s/apis/crdhelpers/register.go:68 msg="CRD (CustomResourceDefinition) is installed and up-to-date" module=operator.operator-controlplane.leader-lifecycle.create-crds name=ciliumclusterwideenvoyconfigs.cilium.io
time=2026-03-08T05:56:24.717434531Z level=info source=/go/src/github.com/cilium/cilium/pkg/k8s/apis/crdhelpers/register.go:45 msg="Creating CRD (CustomResourceDefinition)..." module=operator.operator-controlplane.leader-lifecycle.create-crds name=ciliumenvoyconfigs.cilium.io
time=2026-03-08T05:56:24.725281181Z level=debug source=/go/src/github.com/cilium/cilium/pkg/k8s/apis/crdhelpers/register.go:105 msg="Checking if CRD (CustomResourceDefinition) needs update..." module=operator.operator-controlplane.leader-lifecycle.create-crds name=ciliumenvoyconfigs.cilium.io
time=2026-03-08T05:56:24.725314201Z level=debug source=/go/src/github.com/cilium/cilium/pkg/k8s/apis/crdhelpers/register.go:185 msg="Waiting for CRD (CustomResourceDefinition) to be available..." module=operator.operator-controlplane.leader-lifecycle.create-crds name=ciliumenvoyconfigs.cilium.io
time=2026-03-08T05:56:25.725834946Z level=info source=/go/src/github.com/cilium/cilium/pkg/k8s/apis/crdhelpers/register.go:68 msg="CRD (CustomResourceDefinition) is installed and up-to-date" module=operator.operator-controlplane.leader-lifecycle.create-crds name=ciliumenvoyconfigs.cilium.io
time=2026-03-08T05:56:25.729946046Z level=info source=/go/src/github.com/cilium/cilium/pkg/k8s/apis/crdhelpers/register.go:45 msg="Creating CRD (CustomResourceDefinition)..." module=operator.operator-controlplane.leader-lifecycle.create-crds name=ciliumloadbalancerippools.cilium.io
time=2026-03-08T05:56:25.738111215Z level=debug source=/go/src/github.com/cilium/cilium/pkg/k8s/apis/crdhelpers/register.go:105 msg="Checking if CRD (CustomResourceDefinition) needs update..." module=operator.operator-controlplane.leader-lifecycle.create-crds name=ciliumloadbalancerippools.cilium.io
time=2026-03-08T05:56:25.738169745Z level=debug source=/go/src/github.com/cilium/cilium/pkg/k8s/apis/crdhelpers/register.go:185 msg="Waiting for CRD (CustomResourceDefinition) to be available..." module=operator.operator-controlplane.leader-lifecycle.create-crds name=ciliumloadbalancerippools.cilium.io
time=2026-03-08T05:56:26.73837434Z level=info source=/go/src/github.com/cilium/cilium/pkg/k8s/apis/crdhelpers/register.go:68 msg="CRD (CustomResourceDefinition) is installed and up-to-date" module=operator.operator-controlplane.leader-lifecycle.create-crds name=ciliumloadbalancerippools.cilium.io
time=2026-03-08T05:56:26.74215412Z level=info source=/go/src/github.com/cilium/cilium/pkg/k8s/apis/crdhelpers/register.go:45 msg="Creating CRD (CustomResourceDefinition)..." module=operator.operator-controlplane.leader-lifecycle.create-crds name=ciliuml2announcementpolicies.cilium.io
time=2026-03-08T05:56:26.749139Z level=debug source=/go/src/github.com/cilium/cilium/pkg/k8s/apis/crdhelpers/register.go:105 msg="Checking if CRD (CustomResourceDefinition) needs update..." module=operator.operator-controlplane.leader-lifecycle.create-crds name=ciliuml2announcementpolicies.cilium.io
time=2026-03-08T05:56:26.749201429Z level=debug source=/go/src/github.com/cilium/cilium/pkg/k8s/apis/crdhelpers/register.go:185 msg="Waiting for CRD (CustomResourceDefinition) to be available..." module=operator.operator-controlplane.leader-lifecycle.create-crds name=ciliuml2announcementpolicies.cilium.io
time=2026-03-08T05:56:27.749469124Z level=info source=/go/src/github.com/cilium/cilium/pkg/k8s/apis/crdhelpers/register.go:68 msg="CRD (CustomResourceDefinition) is installed and up-to-date" module=operator.operator-controlplane.leader-lifecycle.create-crds name=ciliuml2announcementpolicies.cilium.io
time=2026-03-08T05:56:27.753143244Z level=info source=/go/src/github.com/cilium/cilium/pkg/k8s/apis/crdhelpers/register.go:45 msg="Creating CRD (CustomResourceDefinition)..." module=operator.operator-controlplane.leader-lifecycle.create-crds name=ciliumgatewayclassconfigs.cilium.io
time=2026-03-08T05:56:27.760790954Z level=debug source=/go/src/github.com/cilium/cilium/pkg/k8s/apis/crdhelpers/register.go:105 msg="Checking if CRD (CustomResourceDefinition) needs update..." module=operator.operator-controlplane.leader-lifecycle.create-crds name=ciliumgatewayclassconfigs.cilium.io
time=2026-03-08T05:56:27.760856204Z level=debug source=/go/src/github.com/cilium/cilium/pkg/k8s/apis/crdhelpers/register.go:185 msg="Waiting for CRD (CustomResourceDefinition) to be available..." module=operator.operator-controlplane.leader-lifecycle.create-crds name=ciliumgatewayclassconfigs.cilium.io
time=2026-03-08T05:56:28.761229548Z level=info source=/go/src/github.com/cilium/cilium/pkg/k8s/apis/crdhelpers/register.go:68 msg="CRD (CustomResourceDefinition) is installed and up-to-date" module=operator.operator-controlplane.leader-lifecycle.create-crds name=ciliumgatewayclassconfigs.cilium.io
time=2026-03-08T05:56:28.764548388Z level=info source=/go/src/github.com/cilium/cilium/pkg/k8s/apis/crdhelpers/register.go:45 msg="Creating CRD (CustomResourceDefinition)..." module=operator.operator-controlplane.leader-lifecycle.create-crds name=ciliumnodeconfigs.cilium.io
time=2026-03-08T05:56:28.771203948Z level=debug source=/go/src/github.com/cilium/cilium/pkg/k8s/apis/crdhelpers/register.go:105 msg="Checking if CRD (CustomResourceDefinition) needs update..." module=operator.operator-controlplane.leader-lifecycle.create-crds name=ciliumnodeconfigs.cilium.io
time=2026-03-08T05:56:28.771378758Z level=debug source=/go/src/github.com/cilium/cilium/pkg/k8s/apis/crdhelpers/register.go:185 msg="Waiting for CRD (CustomResourceDefinition) to be available..." module=operator.operator-controlplane.leader-lifecycle.create-crds name=ciliumnodeconfigs.cilium.io
time=2026-03-08T05:56:29.772414632Z level=info source=/go/src/github.com/cilium/cilium/pkg/k8s/apis/crdhelpers/register.go:68 msg="CRD (CustomResourceDefinition) is installed and up-to-date" module=operator.operator-controlplane.leader-lifecycle.create-crds name=ciliumnodeconfigs.cilium.io
time=2026-03-08T05:56:29.772537652Z level=info source=/go/src/github.com/cilium/cilium/vendor/github.com/cilium/hive/cell/lifecycle.go:147 msg="Start hook executed" module=operator function="apis.createCRDs.func1 (.../k8s/apis/cell.go:64)" duration=13.282481928s
time=2026-03-08T05:56:29.772580252Z level=debug source=/go/src/github.com/cilium/cilium/vendor/github.com/cilium/hive/cell/lifecycle.go:139 msg="Executing start hook" module=operator function=*resource.resource[*github.com/cilium/cilium/pkg/k8s/apis/cilium.io/v2.CiliumBGPClusterConfig].Start
time=2026-03-08T05:56:29.772617332Z level=info source=/go/src/github.com/cilium/cilium/vendor/github.com/cilium/hive/cell/lifecycle.go:147 msg="Start hook executed" module=operator function=*resource.resource[*github.com/cilium/cilium/pkg/k8s/apis/cilium.io/v2.CiliumBGPClusterConfig].Start duration=25.73µs
time=2026-03-08T05:56:29.772635942Z level=debug source=/go/src/github.com/cilium/cilium/vendor/github.com/cilium/hive/cell/lifecycle.go:139 msg="Executing start hook" module=operator function=*resource.resource[*github.com/cilium/cilium/pkg/k8s/apis/cilium.io/v2.CiliumBGPNodeConfigOverride].Start
time=2026-03-08T05:56:29.772644672Z level=info source=/go/src/github.com/cilium/cilium/vendor/github.com/cilium/hive/cell/lifecycle.go:147 msg="Start hook executed" module=operator function=*resource.resource[*github.com/cilium/cilium/pkg/k8s/apis/cilium.io/v2.CiliumBGPNodeConfigOverride].Start duration=1.08µs
time=2026-03-08T05:56:29.772657852Z level=debug source=/go/src/github.com/cilium/cilium/vendor/github.com/cilium/hive/cell/lifecycle.go:139 msg="Executing start hook" module=operator function=*resource.resource[*github.com/cilium/cilium/pkg/k8s/apis/cilium.io/v2.CiliumBGPNodeConfig].Start
time=2026-03-08T05:56:29.772667732Z level=info source=/go/src/github.com/cilium/cilium/vendor/github.com/cilium/hive/cell/lifecycle.go:147 msg="Start hook executed" module=operator function=*resource.resource[*github.com/cilium/cilium/pkg/k8s/apis/cilium.io/v2.CiliumBGPNodeConfig].Start duration=2.21µs
time=2026-03-08T05:56:29.772678772Z level=debug source=/go/src/github.com/cilium/cilium/vendor/github.com/cilium/hive/cell/lifecycle.go:139 msg="Executing start hook" module=operator function=*resource.resource[*github.com/cilium/cilium/pkg/k8s/apis/cilium.io/v2.CiliumBGPPeerConfig].Start
time=2026-03-08T05:56:29.772687502Z level=info source=/go/src/github.com/cilium/cilium/vendor/github.com/cilium/hive/cell/lifecycle.go:147 msg="Start hook executed" module=operator function=*resource.resource[*github.com/cilium/cilium/pkg/k8s/apis/cilium.io/v2.CiliumBGPPeerConfig].Start duration=870ns
time=2026-03-08T05:56:29.772698932Z level=debug source=/go/src/github.com/cilium/cilium/vendor/github.com/cilium/hive/cell/lifecycle.go:139 msg="Executing start hook" module=operator function=*resource.resource[*github.com/cilium/cilium/pkg/k8s/apis/cilium.io/v2.CiliumNode].Start
time=2026-03-08T05:56:29.772707602Z level=info source=/go/src/github.com/cilium/cilium/vendor/github.com/cilium/hive/cell/lifecycle.go:147 msg="Start hook executed" module=operator function=*resource.resource[*github.com/cilium/cilium/pkg/k8s/apis/cilium.io/v2.CiliumNode].Start duration=1.3µs
time=2026-03-08T05:56:29.772719712Z level=debug source=/go/src/github.com/cilium/cilium/vendor/github.com/cilium/hive/cell/lifecycle.go:139 msg="Executing start hook" module=operator function=*resource.resource[*github.com/cilium/cilium/pkg/k8s/apis/cilium.io/v2.CiliumLoadBalancerIPPool].Start
time=2026-03-08T05:56:29.772729002Z level=info source=/go/src/github.com/cilium/cilium/vendor/github.com/cilium/hive/cell/lifecycle.go:147 msg="Start hook executed" module=operator function=*resource.resource[*github.com/cilium/cilium/pkg/k8s/apis/cilium.io/v2.CiliumLoadBalancerIPPool].Start duration=1.27µs
time=2026-03-08T05:56:29.772752112Z level=debug source=/go/src/github.com/cilium/cilium/vendor/github.com/cilium/hive/cell/lifecycle.go:139 msg="Executing start hook" module=operator function=*job.queuedJob.Start detail="lbipam-main (lbipam.newLBIPAMCell.func1 (pkg/lbipam/cell.go:90))"
time=2026-03-08T05:56:29.772775632Z level=info source=/go/src/github.com/cilium/cilium/vendor/github.com/cilium/hive/cell/lifecycle.go:147 msg="Start hook executed" module=operator function=*job.queuedJob.Start detail="lbipam-main (lbipam.newLBIPAMCell.func1 (pkg/lbipam/cell.go:90))" duration=7.8µs
time=2026-03-08T05:56:29.772792772Z level=debug source=/go/src/github.com/cilium/cilium/vendor/github.com/cilium/hive/cell/lifecycle.go:139 msg="Executing start hook" module=operator function=*job.queuedJob.Start detail="manager (controller-runtime.newManager.func2 (pkg/controller-runtime/cell.go:85))"
time=2026-03-08T05:56:29.772802082Z level=info source=/go/src/github.com/cilium/cilium/vendor/github.com/cilium/hive/cell/lifecycle.go:147 msg="Start hook executed" module=operator function=*job.queuedJob.Start detail="manager (controller-runtime.newManager.func2 (pkg/controller-runtime/cell.go:85))" duration=1.46µs
time=2026-03-08T05:56:29.772812452Z level=debug source=/go/src/github.com/cilium/cilium/vendor/github.com/cilium/hive/cell/lifecycle.go:139 msg="Executing start hook" module=operator function=*resource.resource[*github.com/cilium/cilium/pkg/k8s/apis/cilium.io/v2.CiliumIdentity].Start
time=2026-03-08T05:56:29.772824822Z level=info source=/go/src/github.com/cilium/cilium/vendor/github.com/cilium/hive/cell/lifecycle.go:147 msg="Start hook executed" module=operator function=*resource.resource[*github.com/cilium/cilium/pkg/k8s/apis/cilium.io/v2.CiliumIdentity].Start duration=3.99µs
time=2026-03-08T05:56:29.772836622Z level=debug source=/go/src/github.com/cilium/cilium/vendor/github.com/cilium/hive/cell/lifecycle.go:139 msg="Executing start hook" module=operator function=watchers.(*ciliumNodeGC).start
time=2026-03-08T05:56:29.772929042Z level=debug source=/go/src/github.com/cilium/cilium/vendor/github.com/cilium/hive/job/oneshot.go:136 msg="Starting one-shot job" module=operator.operator-controlplane.leader-lifecycle.lbipam name=lbipam-main func="lbipam.newLBIPAMCell.func1 (pkg/lbipam/cell.go:90)"
time=2026-03-08T05:56:29.772963852Z level=debug source=/go/src/github.com/cilium/cilium/vendor/github.com/cilium/hive/job/oneshot.go:136 msg="Starting one-shot job" module=operator.operator-controlplane.leader-lifecycle.controller-runtime name=manager func="controller-runtime.newManager.func2 (pkg/controller-runtime/cell.go:85)"
time=2026-03-08T05:56:29.773101352Z level=debug source=/go/src/github.com/cilium/cilium/pkg/hive/health/provider.go:89 msg="upserting health status" module=health lastLevel=none reporter-id=operator.operator-controlplane.leader-lifecycle.lbipam.job-lbipam-main status="operator.operator-controlplane.leader-lifecycle.lbipam.job-lbipam-main: [OK] Running"
time=2026-03-08T05:56:29.773346122Z level=info source=/go/src/github.com/cilium/cilium/operator/pkg/lbipam/lbipam.go:142 msg="LB-IPAM initializing" module=operator.operator-controlplane.leader-lifecycle.lbipam
time=2026-03-08T05:56:29.773292812Z level=debug source=/go/src/github.com/cilium/cilium/pkg/hive/health/provider.go:89 msg="upserting health status" module=health lastLevel=none reporter-id=operator.operator-controlplane.leader-lifecycle.controller-runtime.job-manager status="operator.operator-controlplane.leader-lifecycle.controller-runtime.job-manager: [OK] Running"
time=2026-03-08T05:56:29.773559532Z level=debug+1 source=/go/src/github.com/cilium/cilium/vendor/github.com/go-logr/logr/logr.go:280 msg="Starting reflector" module=operator.operator-controlplane.leader-lifecycle.controller-runtime logger=controller-runtime/cache type=*v1.Gateway resyncPeriod=9h31m6.652380467s reflector=sigs.k8s.io/controller-runtime/pkg/cache/internal/informers.go:114
time=2026-03-08T05:56:29.773629262Z level=debug+1 source=/go/src/github.com/cilium/cilium/vendor/github.com/go-logr/logr/logr.go:280 msg="Listing and watching" module=operator.operator-controlplane.leader-lifecycle.controller-runtime logger=controller-runtime/cache type=*v1.Gateway reflector=sigs.k8s.io/controller-runtime/pkg/cache/internal/informers.go:114
time=2026-03-08T05:56:29.773626542Z level=debug+1 source=/go/src/github.com/cilium/cilium/vendor/github.com/go-logr/logr/logr.go:280 msg="Starting reflector" module=operator.operator-controlplane.leader-lifecycle.controller-runtime logger=controller-runtime/cache type=*v1.BackendTLSPolicy resyncPeriod=9h41m45.973269757s reflector=sigs.k8s.io/controller-runtime/pkg/cache/internal/informers.go:114
time=2026-03-08T05:56:29.773673512Z level=debug+1 source=/go/src/github.com/cilium/cilium/vendor/github.com/go-logr/logr/logr.go:280 msg="Listing and watching" module=operator.operator-controlplane.leader-lifecycle.controller-runtime logger=controller-runtime/cache type=*v1.BackendTLSPolicy reflector=sigs.k8s.io/controller-runtime/pkg/cache/internal/informers.go:114
time=2026-03-08T05:56:29.773663272Z level=debug+1 source=/go/src/github.com/cilium/cilium/vendor/github.com/go-logr/logr/logr.go:280 msg="Starting reflector" module=operator.operator-controlplane.leader-lifecycle.controller-runtime logger=controller-runtime/cache type=*v1.GatewayClass resyncPeriod=10h20m22.069075617s reflector=sigs.k8s.io/controller-runtime/pkg/cache/internal/informers.go:114
time=2026-03-08T05:56:29.773698242Z level=debug+1 source=/go/src/github.com/cilium/cilium/vendor/github.com/go-logr/logr/logr.go:280 msg="Listing and watching" module=operator.operator-controlplane.leader-lifecycle.controller-runtime logger=controller-runtime/cache type=*v1.GatewayClass reflector=sigs.k8s.io/controller-runtime/pkg/cache/internal/informers.go:114
time=2026-03-08T05:56:29.773673472Z level=debug+1 source=/go/src/github.com/cilium/cilium/vendor/github.com/go-logr/logr/logr.go:280 msg="Starting reflector" module=operator.operator-controlplane.leader-lifecycle.controller-runtime logger=controller-runtime/cache type=*v1alpha2.TLSRoute resyncPeriod=9h58m25.911342714s reflector=sigs.k8s.io/controller-runtime/pkg/cache/internal/informers.go:114
time=2026-03-08T05:56:29.773725542Z level=debug+1 source=/go/src/github.com/cilium/cilium/vendor/github.com/go-logr/logr/logr.go:280 msg="Listing and watching" module=operator.operator-controlplane.leader-lifecycle.controller-runtime logger=controller-runtime/cache type=*v1alpha2.TLSRoute reflector=sigs.k8s.io/controller-runtime/pkg/cache/internal/informers.go:114
time=2026-03-08T05:56:29.773559392Z level=debug+1 source=/go/src/github.com/cilium/cilium/vendor/github.com/go-logr/logr/logr.go:280 msg="Starting reflector" module=operator.operator-controlplane.leader-lifecycle.controller-runtime logger=controller-runtime/cache type=*v1.GRPCRoute resyncPeriod=9h4m56.746392132s reflector=sigs.k8s.io/controller-runtime/pkg/cache/internal/informers.go:114
time=2026-03-08T05:56:29.773615922Z level=debug+1 source=/go/src/github.com/cilium/cilium/vendor/github.com/go-logr/logr/logr.go:280 msg="Starting reflector" module=operator.operator-controlplane.leader-lifecycle.controller-runtime logger=controller-runtime/cache type=*v1.HTTPRoute resyncPeriod=10h54m31.715391514s reflector=sigs.k8s.io/controller-runtime/pkg/cache/internal/informers.go:114
time=2026-03-08T05:56:29.773804572Z level=debug+1 source=/go/src/github.com/cilium/cilium/vendor/github.com/go-logr/logr/logr.go:280 msg="Listing and watching" module=operator.operator-controlplane.leader-lifecycle.controller-runtime logger=controller-runtime/cache type=*v1.HTTPRoute reflector=sigs.k8s.io/controller-runtime/pkg/cache/internal/informers.go:114
time=2026-03-08T05:56:29.773776272Z level=debug+1 source=/go/src/github.com/cilium/cilium/vendor/github.com/go-logr/logr/logr.go:280 msg="Listing and watching" module=operator.operator-controlplane.leader-lifecycle.controller-runtime logger=controller-runtime/cache type=*v1.GRPCRoute reflector=sigs.k8s.io/controller-runtime/pkg/cache/internal/informers.go:114
time=2026-03-08T05:56:29.776507052Z level=debug source=/go/src/github.com/cilium/cilium/vendor/github.com/go-logr/logr/logr.go:280 msg="Exiting watch because received the bookmark that marks the end of initial events stream" module=operator.operator-controlplane.leader-lifecycle.controller-runtime logger=controller-runtime/cache reflector=sigs.k8s.io/controller-runtime/pkg/cache/internal/informers.go:114 totalItems=1 duration=2.66851ms
time=2026-03-08T05:56:29.776579272Z level=debug+2 source=/go/src/github.com/cilium/cilium/vendor/github.com/go-logr/logr/logr.go:280 msg="Caches populated" module=operator.operator-controlplane.leader-lifecycle.controller-runtime logger=controller-runtime/cache type=*v1.HTTPRoute reflector=sigs.k8s.io/controller-runtime/pkg/cache/internal/informers.go:114
time=2026-03-08T05:56:29.776572992Z level=debug source=/go/src/github.com/cilium/cilium/vendor/github.com/go-logr/logr/logr.go:280 msg="Exiting watch because received the bookmark that marks the end of initial events stream" module=operator.operator-controlplane.leader-lifecycle.controller-runtime logger=controller-runtime/cache reflector=sigs.k8s.io/controller-runtime/pkg/cache/internal/informers.go:114 totalItems=1 duration=2.87028ms
time=2026-03-08T05:56:29.776663752Z level=debug+2 source=/go/src/github.com/cilium/cilium/vendor/github.com/go-logr/logr/logr.go:280 msg="Caches populated" module=operator.operator-controlplane.leader-lifecycle.controller-runtime logger=controller-runtime/cache type=*v1.BackendTLSPolicy reflector=sigs.k8s.io/controller-runtime/pkg/cache/internal/informers.go:114
time=2026-03-08T05:56:29.776710282Z level=debug source=/go/src/github.com/cilium/cilium/vendor/github.com/go-logr/logr/logr.go:280 msg="Exiting watch because received the bookmark that marks the end of initial events stream" module=operator.operator-controlplane.leader-lifecycle.controller-runtime logger=controller-runtime/cache reflector=sigs.k8s.io/controller-runtime/pkg/cache/internal/informers.go:114 totalItems=1 duration=2.82159ms
time=2026-03-08T05:56:29.776767882Z level=debug+2 source=/go/src/github.com/cilium/cilium/vendor/github.com/go-logr/logr/logr.go:280 msg="Caches populated" module=operator.operator-controlplane.leader-lifecycle.controller-runtime logger=controller-runtime/cache type=*v1.GRPCRoute reflector=sigs.k8s.io/controller-runtime/pkg/cache/internal/informers.go:114
time=2026-03-08T05:56:29.776785932Z level=debug source=/go/src/github.com/cilium/cilium/vendor/github.com/go-logr/logr/logr.go:280 msg="Exiting watch because received the bookmark that marks the end of initial events stream" module=operator.operator-controlplane.leader-lifecycle.controller-runtime logger=controller-runtime/cache reflector=sigs.k8s.io/controller-runtime/pkg/cache/internal/informers.go:114 totalItems=1 duration=3.03879ms
time=2026-03-08T05:56:29.776824342Z level=debug source=/go/src/github.com/cilium/cilium/vendor/github.com/go-logr/logr/logr.go:280 msg="Exiting watch because received the bookmark that marks the end of initial events stream" module=operator.operator-controlplane.leader-lifecycle.controller-runtime logger=controller-runtime/cache reflector=sigs.k8s.io/controller-runtime/pkg/cache/internal/informers.go:114 totalItems=1 duration=3.16554ms
time=2026-03-08T05:56:29.776884082Z level=debug+2 source=/go/src/github.com/cilium/cilium/vendor/github.com/go-logr/logr/logr.go:280 msg="Caches populated" module=operator.operator-controlplane.leader-lifecycle.controller-runtime logger=controller-runtime/cache type=*v1.Gateway reflector=sigs.k8s.io/controller-runtime/pkg/cache/internal/informers.go:114
time=2026-03-08T05:56:29.776849052Z level=debug+2 source=/go/src/github.com/cilium/cilium/vendor/github.com/go-logr/logr/logr.go:280 msg="Caches populated" module=operator.operator-controlplane.leader-lifecycle.controller-runtime logger=controller-runtime/cache type=*v1alpha2.TLSRoute reflector=sigs.k8s.io/controller-runtime/pkg/cache/internal/informers.go:114
time=2026-03-08T05:56:29.776912692Z level=debug source=/go/src/github.com/cilium/cilium/vendor/github.com/go-logr/logr/logr.go:280 msg="Exiting watch because received the bookmark that marks the end of initial events stream" module=operator.operator-controlplane.leader-lifecycle.controller-runtime logger=controller-runtime/cache reflector=sigs.k8s.io/controller-runtime/pkg/cache/internal/informers.go:114 totalItems=2 duration=3.19534ms
time=2026-03-08T05:56:29.776993782Z level=debug+2 source=/go/src/github.com/cilium/cilium/vendor/github.com/go-logr/logr/logr.go:280 msg="Caches populated" module=operator.operator-controlplane.leader-lifecycle.controller-runtime logger=controller-runtime/cache type=*v1.GatewayClass reflector=sigs.k8s.io/controller-runtime/pkg/cache/internal/informers.go:114
time=2026-03-08T05:56:29.874055459Z level=debug source=/go/src/github.com/cilium/cilium/operator/pkg/lbipam/lbipam.go:1840 msg="Settling pool conflicts" module=operator.operator-controlplane.leader-lifecycle.lbipam
time=2026-03-08T05:56:29.874075209Z level=info source=/go/src/github.com/cilium/cilium/operator/watchers/cilium_node_gc_cell.go:130 msg="Starting to garbage collect stale CiliumNode custom resources" module=operator.operator-controlplane.leader-lifecycle.cilium-node-gc
time=2026-03-08T05:56:29.874498339Z level=info source=/go/src/github.com/cilium/cilium/vendor/sigs.k8s.io/controller-runtime/pkg/internal/controller/controller.go:353 msg="Starting EventSource" module=operator.operator-controlplane.leader-lifecycle.controller-runtime controller=gammaService controllerGroup="" controllerKind=Service source="kind source: *v1beta1.ReferenceGrant"
time=2026-03-08T05:56:29.874510229Z level=info source=/go/src/github.com/cilium/cilium/vendor/sigs.k8s.io/controller-runtime/pkg/internal/controller/controller.go:353 msg="Starting EventSource" module=operator.operator-controlplane.leader-lifecycle.controller-runtime controller=gammaService controllerGroup="" controllerKind=Service source="kind source: *v1.Service"
time=2026-03-08T05:56:29.874557249Z level=info source=/go/src/github.com/cilium/cilium/vendor/sigs.k8s.io/controller-runtime/pkg/internal/controller/controller.go:353 msg="Starting EventSource" module=operator.operator-controlplane.leader-lifecycle.controller-runtime controller=gammaService controllerGroup="" controllerKind=Service source="kind source: *v1.HTTPRoute"
time=2026-03-08T05:56:29.874561609Z level=info source=/go/src/github.com/cilium/cilium/vendor/sigs.k8s.io/controller-runtime/pkg/internal/controller/controller.go:353 msg="Starting EventSource" module=operator.operator-controlplane.leader-lifecycle.controller-runtime controller=gammaService controllerGroup="" controllerKind=Service source="kind source: *v2.CiliumEnvoyConfig"
time=2026-03-08T05:56:29.874598879Z level=info source=/go/src/github.com/cilium/cilium/vendor/sigs.k8s.io/controller-runtime/pkg/internal/controller/controller.go:353 msg="Starting EventSource" module=operator.operator-controlplane.leader-lifecycle.controller-runtime controller=gateway controllerGroup=gateway.networking.k8s.io controllerKind=Gateway source="kind source: *v1.HTTPRoute"
time=2026-03-08T05:56:29.874574279Z level=info source=/go/src/github.com/cilium/cilium/vendor/sigs.k8s.io/controller-runtime/pkg/internal/controller/controller.go:353 msg="Starting EventSource" module=operator.operator-controlplane.leader-lifecycle.controller-runtime controller=gateway controllerGroup=gateway.networking.k8s.io controllerKind=Gateway source="kind source: *v1alpha2.TLSRoute"
time=2026-03-08T05:56:29.874620699Z level=info source=/go/src/github.com/cilium/cilium/vendor/sigs.k8s.io/controller-runtime/pkg/internal/controller/controller.go:353 msg="Starting EventSource" module=operator.operator-controlplane.leader-lifecycle.controller-runtime controller=gateway controllerGroup=gateway.networking.k8s.io controllerKind=Gateway source="kind source: *v1.Service"
time=2026-03-08T05:56:29.874582319Z level=info source=/go/src/github.com/cilium/cilium/vendor/sigs.k8s.io/controller-runtime/pkg/internal/controller/controller.go:353 msg="Starting EventSource" module=operator.operator-controlplane.leader-lifecycle.controller-runtime controller=gateway controllerGroup=gateway.networking.k8s.io controllerKind=Gateway source="kind source: *v1.Gateway"
time=2026-03-08T05:56:29.874596769Z level=info source=/go/src/github.com/cilium/cilium/vendor/sigs.k8s.io/controller-runtime/pkg/internal/controller/controller.go:353 msg="Starting EventSource" module=operator.operator-controlplane.leader-lifecycle.controller-runtime controller=gatewayclass controllerGroup=gateway.networking.k8s.io controllerKind=GatewayClass source="kind source: *v2alpha1.CiliumGatewayClassConfig"
time=2026-03-08T05:56:29.874648539Z level=info source=/go/src/github.com/cilium/cilium/vendor/sigs.k8s.io/controller-runtime/pkg/internal/controller/controller.go:353 msg="Starting EventSource" module=operator.operator-controlplane.leader-lifecycle.controller-runtime controller=gateway controllerGroup=gateway.networking.k8s.io controllerKind=Gateway source="kind source: *v1.GatewayClass"
time=2026-03-08T05:56:29.874643709Z level=info source=/go/src/github.com/cilium/cilium/vendor/sigs.k8s.io/controller-runtime/pkg/internal/controller/controller.go:353 msg="Starting EventSource" module=operator.operator-controlplane.leader-lifecycle.controller-runtime controller=gateway controllerGroup=gateway.networking.k8s.io controllerKind=Gateway source="kind source: *v1.GRPCRoute"
time=2026-03-08T05:56:29.874661129Z level=info source=/go/src/github.com/cilium/cilium/vendor/sigs.k8s.io/controller-runtime/pkg/internal/controller/controller.go:353 msg="Starting EventSource" module=operator.operator-controlplane.leader-lifecycle.controller-runtime controller=secret controllerGroup="" controllerKind=Secret source="kind source: *v2.CiliumNetworkPolicy"
time=2026-03-08T05:56:29.874682779Z level=info source=/go/src/github.com/cilium/cilium/vendor/sigs.k8s.io/controller-runtime/pkg/internal/controller/controller.go:353 msg="Starting EventSource" module=operator.operator-controlplane.leader-lifecycle.controller-runtime controller=gatewayclass controllerGroup=gateway.networking.k8s.io controllerKind=GatewayClass source="kind source: *v1.GatewayClass"
time=2026-03-08T05:56:29.874601589Z level=info source=/go/src/github.com/cilium/cilium/vendor/sigs.k8s.io/controller-runtime/pkg/internal/controller/controller.go:353 msg="Starting EventSource" module=operator.operator-controlplane.leader-lifecycle.controller-runtime controller=gateway controllerGroup=gateway.networking.k8s.io controllerKind=Gateway source="kind source: *v2.CiliumEnvoyConfig"
time=2026-03-08T05:56:29.874713079Z level=info source=/go/src/github.com/cilium/cilium/vendor/sigs.k8s.io/controller-runtime/pkg/internal/controller/controller.go:353 msg="Starting EventSource" module=operator.operator-controlplane.leader-lifecycle.controller-runtime controller=gateway controllerGroup=gateway.networking.k8s.io controllerKind=Gateway source="kind source: *v1.BackendTLSPolicy"
time=2026-03-08T05:56:29.874732869Z level=info source=/go/src/github.com/cilium/cilium/vendor/sigs.k8s.io/controller-runtime/pkg/internal/controller/controller.go:353 msg="Starting EventSource" module=operator.operator-controlplane.leader-lifecycle.controller-runtime controller=gateway controllerGroup=gateway.networking.k8s.io controllerKind=Gateway source="kind source: *v1beta1.ReferenceGrant"
time=2026-03-08T05:56:29.874751969Z level=info source=/go/src/github.com/cilium/cilium/vendor/sigs.k8s.io/controller-runtime/pkg/internal/controller/controller.go:353 msg="Starting EventSource" module=operator.operator-controlplane.leader-lifecycle.controller-runtime controller=gateway controllerGroup=gateway.networking.k8s.io controllerKind=Gateway source="kind source: *v1.ConfigMap"
time=2026-03-08T05:56:29.874761229Z level=info source=/go/src/github.com/cilium/cilium/vendor/sigs.k8s.io/controller-runtime/pkg/internal/controller/controller.go:353 msg="Starting EventSource" module=operator.operator-controlplane.leader-lifecycle.controller-runtime controller=secret controllerGroup="" controllerKind=Secret source="kind source: *v1.Secret"
time=2026-03-08T05:56:29.874718019Z level=info source=/go/src/github.com/cilium/cilium/vendor/sigs.k8s.io/controller-runtime/pkg/internal/controller/controller.go:353 msg="Starting EventSource" module=operator.operator-controlplane.leader-lifecycle.controller-runtime controller=gateway controllerGroup=gateway.networking.k8s.io controllerKind=Gateway source="kind source: *v1.Namespace"
time=2026-03-08T05:56:29.874768899Z level=info source=/go/src/github.com/cilium/cilium/vendor/sigs.k8s.io/controller-runtime/pkg/internal/controller/controller.go:353 msg="Starting EventSource" module=operator.operator-controlplane.leader-lifecycle.controller-runtime controller=ciliumgatewayclassconfig controllerGroup=cilium.io controllerKind=CiliumGatewayClassConfig source="kind source: *v2alpha1.CiliumGatewayClassConfig"
time=2026-03-08T05:56:29.874672719Z level=info source=/go/src/github.com/cilium/cilium/vendor/sigs.k8s.io/controller-runtime/pkg/internal/controller/controller.go:353 msg="Starting EventSource" module=operator.operator-controlplane.leader-lifecycle.controller-runtime controller=gammaService controllerGroup="" controllerKind=Service source="kind source: *v1.GRPCRoute"
time=2026-03-08T05:56:29.874696449Z level=info source=/go/src/github.com/cilium/cilium/vendor/sigs.k8s.io/controller-runtime/pkg/internal/controller/controller.go:353 msg="Starting EventSource" module=operator.operator-controlplane.leader-lifecycle.controller-runtime controller=secret controllerGroup="" controllerKind=Secret source="kind source: *v1.Secret"
time=2026-03-08T05:56:29.874555669Z level=info source=/go/src/github.com/cilium/cilium/vendor/sigs.k8s.io/controller-runtime/pkg/internal/controller/controller.go:353 msg="Starting EventSource" module=operator.operator-controlplane.leader-lifecycle.controller-runtime controller=gateway controllerGroup=gateway.networking.k8s.io controllerKind=Gateway source="kind source: *v1.Service"
time=2026-03-08T05:56:29.874714029Z level=info source=/go/src/github.com/cilium/cilium/vendor/sigs.k8s.io/controller-runtime/pkg/internal/controller/controller.go:353 msg="Starting EventSource" module=operator.operator-controlplane.leader-lifecycle.controller-runtime controller=secret controllerGroup="" controllerKind=Secret source="kind source: *v2.CiliumClusterwideNetworkPolicy"
time=2026-03-08T05:56:29.874815109Z level=debug+1 source=/go/src/github.com/cilium/cilium/vendor/github.com/go-logr/logr/logr.go:280 msg="Starting reflector" module=operator.operator-controlplane.leader-lifecycle.controller-runtime logger=controller-runtime/cache type=*v1.Service resyncPeriod=9h24m6.43984446s reflector=sigs.k8s.io/controller-runtime/pkg/cache/internal/informers.go:114
time=2026-03-08T05:56:29.874847129Z level=info source=/go/src/github.com/cilium/cilium/vendor/sigs.k8s.io/controller-runtime/pkg/internal/controller/controller.go:353 msg="Starting EventSource" module=operator.operator-controlplane.leader-lifecycle.controller-runtime controller=configmap controllerGroup="" controllerKind=ConfigMap source="kind source: *v1.BackendTLSPolicy"
time=2026-03-08T05:56:29.874857169Z level=debug+1 source=/go/src/github.com/cilium/cilium/vendor/github.com/go-logr/logr/logr.go:280 msg="Listing and watching" module=operator.operator-controlplane.leader-lifecycle.controller-runtime logger=controller-runtime/cache type=*v1.Service reflector=sigs.k8s.io/controller-runtime/pkg/cache/internal/informers.go:114
time=2026-03-08T05:56:29.874906559Z level=info source=/go/src/github.com/cilium/cilium/vendor/sigs.k8s.io/controller-runtime/pkg/internal/controller/controller.go:353 msg="Starting EventSource" module=operator.operator-controlplane.leader-lifecycle.controller-runtime controller=configmap controllerGroup="" controllerKind=ConfigMap source="kind source: *v1.Secret"
time=2026-03-08T05:56:29.874934509Z level=info source=/go/src/github.com/cilium/cilium/vendor/sigs.k8s.io/controller-runtime/pkg/internal/controller/controller.go:353 msg="Starting EventSource" module=operator.operator-controlplane.leader-lifecycle.controller-runtime controller=configmap controllerGroup="" controllerKind=ConfigMap source="kind source: *v1.ConfigMap"
time=2026-03-08T05:56:29.874735329Z level=info source=/go/src/github.com/cilium/cilium/vendor/sigs.k8s.io/controller-runtime/pkg/internal/controller/controller.go:353 msg="Starting EventSource" module=operator.operator-controlplane.leader-lifecycle.controller-runtime controller=gateway controllerGroup=gateway.networking.k8s.io controllerKind=Gateway source="kind source: *v1.Secret"
time=2026-03-08T05:56:29.874717869Z level=info source=/go/src/github.com/cilium/cilium/vendor/sigs.k8s.io/controller-runtime/pkg/internal/controller/controller.go:353 msg="Starting EventSource" module=operator.operator-controlplane.leader-lifecycle.controller-runtime controller=secret controllerGroup="" controllerKind=Secret source="kind source: *v1.Gateway"
time=2026-03-08T05:56:29.881872169Z level=debug+1 source=/go/src/github.com/cilium/cilium/vendor/github.com/go-logr/logr/logr.go:280 msg="Starting reflector" module=operator.operator-controlplane.leader-lifecycle.controller-runtime logger=controller-runtime/cache type=*v2.CiliumEnvoyConfig resyncPeriod=9h38m27.686987909s reflector=sigs.k8s.io/controller-runtime/pkg/cache/internal/informers.go:114
time=2026-03-08T05:56:29.881960069Z level=debug+1 source=/go/src/github.com/cilium/cilium/vendor/github.com/go-logr/logr/logr.go:280 msg="Listing and watching" module=operator.operator-controlplane.leader-lifecycle.controller-runtime logger=controller-runtime/cache type=*v2.CiliumEnvoyConfig reflector=sigs.k8s.io/controller-runtime/pkg/cache/internal/informers.go:114
time=2026-03-08T05:56:29.883906789Z level=debug source=/go/src/github.com/cilium/cilium/vendor/github.com/go-logr/logr/logr.go:280 msg="Exiting watch because received the bookmark that marks the end of initial events stream" module=operator.operator-controlplane.leader-lifecycle.controller-runtime logger=controller-runtime/cache reflector=sigs.k8s.io/controller-runtime/pkg/cache/internal/informers.go:114 totalItems=5 duration=8.972291ms
time=2026-03-08T05:56:29.884054829Z level=debug+2 source=/go/src/github.com/cilium/cilium/vendor/github.com/go-logr/logr/logr.go:280 msg="Caches populated" module=operator.operator-controlplane.leader-lifecycle.controller-runtime logger=controller-runtime/cache type=*v1.Service reflector=sigs.k8s.io/controller-runtime/pkg/cache/internal/informers.go:114
time=2026-03-08T05:56:29.884620029Z level=debug+1 source=/go/src/github.com/cilium/cilium/vendor/github.com/go-logr/logr/logr.go:280 msg="Starting reflector" module=operator.operator-controlplane.leader-lifecycle.controller-runtime logger=controller-runtime/cache type=*v2alpha1.CiliumGatewayClassConfig resyncPeriod=10h55m30.233539986s reflector=sigs.k8s.io/controller-runtime/pkg/cache/internal/informers.go:114
time=2026-03-08T05:56:29.884663209Z level=debug+1 source=/go/src/github.com/cilium/cilium/vendor/github.com/go-logr/logr/logr.go:280 msg="Listing and watching" module=operator.operator-controlplane.leader-lifecycle.controller-runtime logger=controller-runtime/cache type=*v2alpha1.CiliumGatewayClassConfig reflector=sigs.k8s.io/controller-runtime/pkg/cache/internal/informers.go:114
time=2026-03-08T05:56:29.884823389Z level=debug+1 source=/go/src/github.com/cilium/cilium/vendor/github.com/go-logr/logr/logr.go:280 msg="Starting reflector" module=operator.operator-controlplane.leader-lifecycle.controller-runtime logger=controller-runtime/cache type=*v1beta1.ReferenceGrant resyncPeriod=9h1m33.597380253s reflector=sigs.k8s.io/controller-runtime/pkg/cache/internal/informers.go:114
time=2026-03-08T05:56:29.88490036Z level=debug+1 source=/go/src/github.com/cilium/cilium/vendor/github.com/go-logr/logr/logr.go:280 msg="Listing and watching" module=operator.operator-controlplane.leader-lifecycle.controller-runtime logger=controller-runtime/cache type=*v1beta1.ReferenceGrant reflector=sigs.k8s.io/controller-runtime/pkg/cache/internal/informers.go:114
time=2026-03-08T05:56:29.88515376Z level=debug+1 source=/go/src/github.com/cilium/cilium/vendor/github.com/go-logr/logr/logr.go:280 msg="Starting reflector" module=operator.operator-controlplane.leader-lifecycle.controller-runtime logger=controller-runtime/cache type=*v2.CiliumNetworkPolicy resyncPeriod=10h24m41.162141783s reflector=sigs.k8s.io/controller-runtime/pkg/cache/internal/informers.go:114
time=2026-03-08T05:56:29.88525062Z level=debug+1 source=/go/src/github.com/cilium/cilium/vendor/github.com/go-logr/logr/logr.go:280 msg="Listing and watching" module=operator.operator-controlplane.leader-lifecycle.controller-runtime logger=controller-runtime/cache type=*v2.CiliumNetworkPolicy reflector=sigs.k8s.io/controller-runtime/pkg/cache/internal/informers.go:114
time=2026-03-08T05:56:29.885249349Z level=debug+1 source=/go/src/github.com/cilium/cilium/vendor/github.com/go-logr/logr/logr.go:280 msg="Starting reflector" module=operator.operator-controlplane.leader-lifecycle.controller-runtime logger=controller-runtime/cache type=*v2.CiliumClusterwideNetworkPolicy resyncPeriod=9h37m7.278277003s reflector=sigs.k8s.io/controller-runtime/pkg/cache/internal/informers.go:114
time=2026-03-08T05:56:29.885290069Z level=debug+1 source=/go/src/github.com/cilium/cilium/vendor/github.com/go-logr/logr/logr.go:280 msg="Listing and watching" module=operator.operator-controlplane.leader-lifecycle.controller-runtime logger=controller-runtime/cache type=*v2.CiliumClusterwideNetworkPolicy reflector=sigs.k8s.io/controller-runtime/pkg/cache/internal/informers.go:114
time=2026-03-08T05:56:29.8852941Z level=debug+1 source=/go/src/github.com/cilium/cilium/vendor/github.com/go-logr/logr/logr.go:280 msg="Starting reflector" module=operator.operator-controlplane.leader-lifecycle.controller-runtime logger=controller-runtime/cache type=*v1.Namespace resyncPeriod=9h30m15.612094011s reflector=sigs.k8s.io/controller-runtime/pkg/cache/internal/informers.go:114
time=2026-03-08T05:56:29.885339209Z level=debug+1 source=/go/src/github.com/cilium/cilium/vendor/github.com/go-logr/logr/logr.go:280 msg="Listing and watching" module=operator.operator-controlplane.leader-lifecycle.controller-runtime logger=controller-runtime/cache type=*v1.Namespace reflector=sigs.k8s.io/controller-runtime/pkg/cache/internal/informers.go:114
time=2026-03-08T05:56:29.88517898Z level=debug+1 source=/go/src/github.com/cilium/cilium/vendor/github.com/go-logr/logr/logr.go:280 msg="Starting reflector" module=operator.operator-controlplane.leader-lifecycle.controller-runtime logger=controller-runtime/cache type=*v1.Secret resyncPeriod=10h29m4.106799594s reflector=sigs.k8s.io/controller-runtime/pkg/cache/internal/informers.go:114
time=2026-03-08T05:56:29.8854108Z level=debug+1 source=/go/src/github.com/cilium/cilium/vendor/github.com/go-logr/logr/logr.go:280 msg="Listing and watching" module=operator.operator-controlplane.leader-lifecycle.controller-runtime logger=controller-runtime/cache type=*v1.Secret reflector=sigs.k8s.io/controller-runtime/pkg/cache/internal/informers.go:114
time=2026-03-08T05:56:29.885275669Z level=debug+1 source=/go/src/github.com/cilium/cilium/vendor/github.com/go-logr/logr/logr.go:280 msg="Starting reflector" module=operator.operator-controlplane.leader-lifecycle.controller-runtime logger=controller-runtime/cache type=*v1.ConfigMap resyncPeriod=10h42m28.438821892s reflector=sigs.k8s.io/controller-runtime/pkg/cache/internal/informers.go:114
time=2026-03-08T05:56:29.885508549Z level=debug+1 source=/go/src/github.com/cilium/cilium/vendor/github.com/go-logr/logr/logr.go:280 msg="Listing and watching" module=operator.operator-controlplane.leader-lifecycle.controller-runtime logger=controller-runtime/cache type=*v1.ConfigMap reflector=sigs.k8s.io/controller-runtime/pkg/cache/internal/informers.go:114
time=2026-03-08T05:56:29.886818719Z level=debug source=/go/src/github.com/cilium/cilium/vendor/github.com/go-logr/logr/logr.go:280 msg="Exiting watch because received the bookmark that marks the end of initial events stream" module=operator.operator-controlplane.leader-lifecycle.controller-runtime logger=controller-runtime/cache reflector=sigs.k8s.io/controller-runtime/pkg/cache/internal/informers.go:114 totalItems=1 duration=4.832499ms
time=2026-03-08T05:56:29.886921229Z level=debug+2 source=/go/src/github.com/cilium/cilium/vendor/github.com/go-logr/logr/logr.go:280 msg="Caches populated" module=operator.operator-controlplane.leader-lifecycle.controller-runtime logger=controller-runtime/cache type=*v2.CiliumEnvoyConfig reflector=sigs.k8s.io/controller-runtime/pkg/cache/internal/informers.go:114
time=2026-03-08T05:56:29.890071559Z level=debug source=/go/src/github.com/cilium/cilium/vendor/github.com/go-logr/logr/logr.go:280 msg="Exiting watch because received the bookmark that marks the end of initial events stream" module=operator.operator-controlplane.leader-lifecycle.controller-runtime logger=controller-runtime/cache reflector=sigs.k8s.io/controller-runtime/pkg/cache/internal/informers.go:114 totalItems=1 duration=5.14348ms
time=2026-03-08T05:56:29.890251089Z level=debug+2 source=/go/src/github.com/cilium/cilium/vendor/github.com/go-logr/logr/logr.go:280 msg="Caches populated" module=operator.operator-controlplane.leader-lifecycle.controller-runtime logger=controller-runtime/cache type=*v1beta1.ReferenceGrant reflector=sigs.k8s.io/controller-runtime/pkg/cache/internal/informers.go:114
time=2026-03-08T05:56:29.890960379Z level=debug source=/go/src/github.com/cilium/cilium/vendor/github.com/go-logr/logr/logr.go:280 msg="Exiting watch because received the bookmark that marks the end of initial events stream" module=operator.operator-controlplane.leader-lifecycle.controller-runtime logger=controller-runtime/cache reflector=sigs.k8s.io/controller-runtime/pkg/cache/internal/informers.go:114 totalItems=7 duration=5.573799ms
time=2026-03-08T05:56:29.891066729Z level=debug+2 source=/go/src/github.com/cilium/cilium/vendor/github.com/go-logr/logr/logr.go:280 msg="Caches populated" module=operator.operator-controlplane.leader-lifecycle.controller-runtime logger=controller-runtime/cache type=*v1.Namespace reflector=sigs.k8s.io/controller-runtime/pkg/cache/internal/informers.go:114
time=2026-03-08T05:56:29.896944179Z level=debug source=/go/src/github.com/cilium/cilium/vendor/github.com/go-logr/logr/logr.go:280 msg="Exiting watch because received the bookmark that marks the end of initial events stream" module=operator.operator-controlplane.leader-lifecycle.controller-runtime logger=controller-runtime/cache reflector=sigs.k8s.io/controller-runtime/pkg/cache/internal/informers.go:114 totalItems=17 duration=11.390799ms
time=2026-03-08T05:56:29.897140039Z level=debug+2 source=/go/src/github.com/cilium/cilium/vendor/github.com/go-logr/logr/logr.go:280 msg="Caches populated" module=operator.operator-controlplane.leader-lifecycle.controller-runtime logger=controller-runtime/cache type=*v1.ConfigMap reflector=sigs.k8s.io/controller-runtime/pkg/cache/internal/informers.go:114
time=2026-03-08T05:56:29.901124029Z level=debug source=/go/src/github.com/cilium/cilium/vendor/github.com/go-logr/logr/logr.go:280 msg="Exiting watch because received the bookmark that marks the end of initial events stream" module=operator.operator-controlplane.leader-lifecycle.controller-runtime logger=controller-runtime/cache reflector=sigs.k8s.io/controller-runtime/pkg/cache/internal/informers.go:114 totalItems=5 duration=15.652519ms
time=2026-03-08T05:56:29.901240459Z level=debug+2 source=/go/src/github.com/cilium/cilium/vendor/github.com/go-logr/logr/logr.go:280 msg="Caches populated" module=operator.operator-controlplane.leader-lifecycle.controller-runtime logger=controller-runtime/cache type=*v1.Secret reflector=sigs.k8s.io/controller-runtime/pkg/cache/internal/informers.go:114
time=2026-03-08T05:56:30.912490883Z level=debug source=/go/src/github.com/cilium/cilium/vendor/github.com/go-logr/logr/logr.go:280 msg="Got a Retry-After response" module=operator.operator-controlplane.leader-lifecycle.controller-runtime logger=controller-runtime/cache delay=1s attempt=1 url="https://10.245.0.1:443/apis/cilium.io/v2alpha1/ciliumgatewayclassconfigs?allowWatchBookmarks=true&resourceVersionMatch=NotOlderThan&sendInitialEvents=true&timeoutSeconds=596&watch=true"
time=2026-03-08T05:56:30.915847383Z level=debug source=/go/src/github.com/cilium/cilium/vendor/github.com/go-logr/logr/logr.go:280 msg="Exiting watch because received the bookmark that marks the end of initial events stream" module=operator.operator-controlplane.leader-lifecycle.controller-runtime logger=controller-runtime/cache reflector=sigs.k8s.io/controller-runtime/pkg/cache/internal/informers.go:114 totalItems=1 duration=1.031152904s
time=2026-03-08T05:56:30.915904983Z level=debug+2 source=/go/src/github.com/cilium/cilium/vendor/github.com/go-logr/logr/logr.go:280 msg="Caches populated" module=operator.operator-controlplane.leader-lifecycle.controller-runtime logger=controller-runtime/cache type=*v2alpha1.CiliumGatewayClassConfig reflector=sigs.k8s.io/controller-runtime/pkg/cache/internal/informers.go:114
time=2026-03-08T05:56:30.932895202Z level=debug source=/go/src/github.com/cilium/cilium/vendor/github.com/go-logr/logr/logr.go:280 msg="Got a Retry-After response" module=operator.operator-controlplane.leader-lifecycle.controller-runtime logger=controller-runtime/cache delay=1s attempt=1 url="https://10.245.0.1:443/apis/cilium.io/v2/ciliumnetworkpolicies?allowWatchBookmarks=true&resourceVersionMatch=NotOlderThan&sendInitialEvents=true&timeoutSeconds=431&watch=true"
time=2026-03-08T05:56:30.936484282Z level=debug source=/go/src/github.com/cilium/cilium/vendor/github.com/go-logr/logr/logr.go:280 msg="Exiting watch because received the bookmark that marks the end of initial events stream" module=operator.operator-controlplane.leader-lifecycle.controller-runtime logger=controller-runtime/cache reflector=sigs.k8s.io/controller-runtime/pkg/cache/internal/informers.go:114 totalItems=1 duration=1.051201742s
time=2026-03-08T05:56:30.936526432Z level=debug+2 source=/go/src/github.com/cilium/cilium/vendor/github.com/go-logr/logr/logr.go:280 msg="Caches populated" module=operator.operator-controlplane.leader-lifecycle.controller-runtime logger=controller-runtime/cache type=*v2.CiliumNetworkPolicy reflector=sigs.k8s.io/controller-runtime/pkg/cache/internal/informers.go:114
time=2026-03-08T05:56:30.949166622Z level=debug source=/go/src/github.com/cilium/cilium/vendor/github.com/go-logr/logr/logr.go:280 msg="Got a Retry-After response" module=operator.operator-controlplane.leader-lifecycle.controller-runtime logger=controller-runtime/cache delay=1s attempt=1 url="https://10.245.0.1:443/apis/cilium.io/v2/ciliumclusterwidenetworkpolicies?allowWatchBookmarks=true&resourceVersionMatch=NotOlderThan&sendInitialEvents=true&timeoutSeconds=423&watch=true"
time=2026-03-08T05:56:30.952604532Z level=debug source=/go/src/github.com/cilium/cilium/vendor/github.com/go-logr/logr/logr.go:280 msg="Exiting watch because received the bookmark that marks the end of initial events stream" module=operator.operator-controlplane.leader-lifecycle.controller-runtime logger=controller-runtime/cache reflector=sigs.k8s.io/controller-runtime/pkg/cache/internal/informers.go:114 totalItems=1 duration=1.067284282s
time=2026-03-08T05:56:30.952657972Z level=debug+2 source=/go/src/github.com/cilium/cilium/vendor/github.com/go-logr/logr/logr.go:280 msg="Caches populated" module=operator.operator-controlplane.leader-lifecycle.controller-runtime logger=controller-runtime/cache type=*v2.CiliumClusterwideNetworkPolicy reflector=sigs.k8s.io/controller-runtime/pkg/cache/internal/informers.go:114
time=2026-03-08T05:56:30.974677531Z level=debug source=/go/src/github.com/cilium/cilium/pkg/controller/manager.go:123 msg="Starting new controller" subsys=controller name=cilium-node-gc uuid=1e266311-1a0a-4f23-bb93-2d7f39367dfe
time=2026-03-08T05:56:30.974751121Z level=info source=/go/src/github.com/cilium/cilium/vendor/github.com/cilium/hive/cell/lifecycle.go:147 msg="Start hook executed" module=operator function=watchers.(*ciliumNodeGC).start duration=1.201901169s
time=2026-03-08T05:56:30.974775491Z level=debug source=/go/src/github.com/cilium/cilium/vendor/github.com/cilium/hive/cell/lifecycle.go:139 msg="Executing start hook" module=operator function=cmd.(*legacyOnLeader).onStart
time=2026-03-08T05:56:30.974796311Z level=info source=/go/src/github.com/cilium/cilium/operator/cmd/root.go:665 msg="Managing Cilium Node Taints or Setting Cilium Is Up Condition for Kubernetes Nodes" module=operator.operator-controlplane.leader-lifecycle.legacy-cell k8sNamespace=kube-system label-selector="k8s-app=cilium" remove-cilium-node-taints=true set-cilium-node-taints=true set-cilium-is-up-condition=true
time=2026-03-08T05:56:30.974828731Z level=debug source=/go/src/github.com/cilium/cilium/pkg/controller/controller.go:338 msg="Controller func executed" subsys=controller name=cilium-node-gc uuid=1e266311-1a0a-4f23-bb93-2d7f39367dfe duration=35.99µs
time=2026-03-08T05:56:30.985518552Z level=info source=/go/src/github.com/cilium/cilium/vendor/sigs.k8s.io/controller-runtime/pkg/internal/controller/controller.go:286 msg="Starting Controller" module=operator.operator-controlplane.leader-lifecycle.controller-runtime controller=ciliumgatewayclassconfig controllerGroup=cilium.io controllerKind=CiliumGatewayClassConfig
time=2026-03-08T05:56:30.985564192Z level=info source=/go/src/github.com/cilium/cilium/vendor/sigs.k8s.io/controller-runtime/pkg/internal/controller/controller.go:289 msg="Starting workers" module=operator.operator-controlplane.leader-lifecycle.controller-runtime controller=ciliumgatewayclassconfig controllerGroup=cilium.io controllerKind=CiliumGatewayClassConfig "worker count"=1
time=2026-03-08T05:56:30.985666152Z level=info source=/go/src/github.com/cilium/cilium/vendor/sigs.k8s.io/controller-runtime/pkg/internal/controller/controller.go:286 msg="Starting Controller" module=operator.operator-controlplane.leader-lifecycle.controller-runtime controller=gatewayclass controllerGroup=gateway.networking.k8s.io controllerKind=GatewayClass
time=2026-03-08T05:56:30.985703241Z level=info source=/go/src/github.com/cilium/cilium/vendor/sigs.k8s.io/controller-runtime/pkg/internal/controller/controller.go:289 msg="Starting workers" module=operator.operator-controlplane.leader-lifecycle.controller-runtime controller=gatewayclass controllerGroup=gateway.networking.k8s.io controllerKind=GatewayClass "worker count"=1
time=2026-03-08T05:56:30.985682581Z level=info source=/go/src/github.com/cilium/cilium/vendor/sigs.k8s.io/controller-runtime/pkg/internal/controller/controller.go:286 msg="Starting Controller" module=operator.operator-controlplane.leader-lifecycle.controller-runtime controller=gammaService controllerGroup="" controllerKind=Service
time=2026-03-08T05:56:30.985763752Z level=info source=/go/src/github.com/cilium/cilium/vendor/sigs.k8s.io/controller-runtime/pkg/internal/controller/controller.go:289 msg="Starting workers" module=operator.operator-controlplane.leader-lifecycle.controller-runtime controller=gammaService controllerGroup="" controllerKind=Service "worker count"=1
time=2026-03-08T05:56:30.985752301Z level=info source=/go/src/github.com/cilium/cilium/vendor/sigs.k8s.io/controller-runtime/pkg/internal/controller/controller.go:286 msg="Starting Controller" module=operator.operator-controlplane.leader-lifecycle.controller-runtime controller=secret controllerGroup="" controllerKind=Secret
time=2026-03-08T05:56:30.985804061Z level=info source=/go/src/github.com/cilium/cilium/vendor/sigs.k8s.io/controller-runtime/pkg/internal/controller/controller.go:289 msg="Starting workers" module=operator.operator-controlplane.leader-lifecycle.controller-runtime controller=secret controllerGroup="" controllerKind=Secret "worker count"=1
time=2026-03-08T05:56:30.985839901Z level=info source=/go/src/github.com/cilium/cilium/operator/pkg/gateway-api/gatewayclass_reconcile.go:36 msg="Reconciling GatewayClass" module=operator.operator-controlplane.leader-lifecycle.gateway-api resource=/cilium
time=2026-03-08T05:56:30.985845151Z level=info source=/go/src/github.com/cilium/cilium/vendor/sigs.k8s.io/controller-runtime/pkg/internal/controller/controller.go:286 msg="Starting Controller" module=operator.operator-controlplane.leader-lifecycle.controller-runtime controller=gateway controllerGroup=gateway.networking.k8s.io controllerKind=Gateway
time=2026-03-08T05:56:30.985901731Z level=info source=/go/src/github.com/cilium/cilium/vendor/sigs.k8s.io/controller-runtime/pkg/internal/controller/controller.go:289 msg="Starting workers" module=operator.operator-controlplane.leader-lifecycle.controller-runtime controller=gateway controllerGroup=gateway.networking.k8s.io controllerKind=Gateway "worker count"=1
time=2026-03-08T05:56:30.985923201Z level=debug source=/go/src/github.com/cilium/cilium/operator/pkg/secretsync/secretsync_reconcile.go:32 msg="Reconciling secret" module=operator.operator-controlplane.leader-lifecycle.secret-sync resource=kube-system/sh.helm.release.v1.cilium.v1
time=2026-03-08T05:56:30.985927161Z level=info source=/go/src/github.com/cilium/cilium/operator/pkg/gateway-api/gamma_reconcile.go:46 msg="Reconciling GAMMA service" module=operator.operator-controlplane.leader-lifecycle.gateway-api controller=gamma resource=kube-system/kube-dns
time=2026-03-08T05:56:30.985965491Z level=info source=/go/src/github.com/cilium/cilium/vendor/sigs.k8s.io/controller-runtime/pkg/internal/controller/controller.go:286 msg="Starting Controller" module=operator.operator-controlplane.leader-lifecycle.controller-runtime controller=configmap controllerGroup="" controllerKind=ConfigMap
time=2026-03-08T05:56:30.986105321Z level=info source=/go/src/github.com/cilium/cilium/vendor/sigs.k8s.io/controller-runtime/pkg/internal/controller/controller.go:289 msg="Starting workers" module=operator.operator-controlplane.leader-lifecycle.controller-runtime controller=configmap controllerGroup="" controllerKind=ConfigMap "worker count"=1
time=2026-03-08T05:56:30.986275771Z level=debug source=/go/src/github.com/cilium/cilium/operator/pkg/secretsync/secretsync_reconcile.go:100 msg="Successfully reconciled Secret" module=operator.operator-controlplane.leader-lifecycle.secret-sync resource=kube-system/sh.helm.release.v1.cilium.v1 action=ignored
time=2026-03-08T05:56:30.986296421Z level=debug+1 source=/go/src/github.com/cilium/cilium/vendor/github.com/go-logr/logr/logr.go:280 msg="Starting reflector" module=operator.operator-controlplane.leader-lifecycle.controller-runtime logger=controller-runtime/cache type=*v1.EndpointSlice resyncPeriod=10h9m55.108982512s reflector=sigs.k8s.io/controller-runtime/pkg/cache/internal/informers.go:114
time=2026-03-08T05:56:30.986321151Z level=debug source=/go/src/github.com/cilium/cilium/operator/pkg/secretsync/configmapsync_reconcile.go:32 msg="Reconciling ConfigMap" module=operator.operator-controlplane.leader-lifecycle.secret-sync resource=kube-public/kube-root-ca.crt
time=2026-03-08T05:56:30.986335071Z level=debug+1 source=/go/src/github.com/cilium/cilium/vendor/github.com/go-logr/logr/logr.go:280 msg="Listing and watching" module=operator.operator-controlplane.leader-lifecycle.controller-runtime logger=controller-runtime/cache type=*v1.EndpointSlice reflector=sigs.k8s.io/controller-runtime/pkg/cache/internal/informers.go:114
time=2026-03-08T05:56:30.986350751Z level=debug source=/go/src/github.com/cilium/cilium/operator/pkg/secretsync/secretsync_reconcile.go:32 msg="Reconciling secret" module=operator.operator-controlplane.leader-lifecycle.secret-sync resource=kube-system/bootstrap-token-abcdef
time=2026-03-08T05:56:30.986385991Z level=debug source=/go/src/github.com/cilium/cilium/operator/pkg/secretsync/secretsync_reconcile.go:100 msg="Successfully reconciled Secret" module=operator.operator-controlplane.leader-lifecycle.secret-sync resource=kube-system/bootstrap-token-abcdef action=ignored
time=2026-03-08T05:56:30.986416971Z level=debug source=/go/src/github.com/cilium/cilium/operator/pkg/secretsync/secretsync_reconcile.go:32 msg="Reconciling secret" module=operator.operator-controlplane.leader-lifecycle.secret-sync resource=kube-system/cilium-ca
time=2026-03-08T05:56:30.986447221Z level=debug source=/go/src/github.com/cilium/cilium/operator/pkg/secretsync/secretsync_reconcile.go:100 msg="Successfully reconciled Secret" module=operator.operator-controlplane.leader-lifecycle.secret-sync resource=kube-system/cilium-ca action=ignored
time=2026-03-08T05:56:30.986467321Z level=debug source=/go/src/github.com/cilium/cilium/operator/pkg/secretsync/configmapsync_reconcile.go:102 msg="Successfully reconciled ConfigMap" module=operator.operator-controlplane.leader-lifecycle.secret-sync resource=kube-public/kube-root-ca.crt action=ignored
time=2026-03-08T05:56:30.986476561Z level=debug source=/go/src/github.com/cilium/cilium/operator/pkg/secretsync/secretsync_reconcile.go:32 msg="Reconciling secret" module=operator.operator-controlplane.leader-lifecycle.secret-sync resource=kube-system/hubble-server-certs
time=2026-03-08T05:56:30.986506211Z level=debug source=/go/src/github.com/cilium/cilium/operator/pkg/secretsync/secretsync_reconcile.go:100 msg="Successfully reconciled Secret" module=operator.operator-controlplane.leader-lifecycle.secret-sync resource=kube-system/hubble-server-certs action=ignored
time=2026-03-08T05:56:30.986534391Z level=debug source=/go/src/github.com/cilium/cilium/operator/pkg/secretsync/configmapsync_reconcile.go:32 msg="Reconciling ConfigMap" module=operator.operator-controlplane.leader-lifecycle.secret-sync resource=local-path-storage/local-path-config
time=2026-03-08T05:56:30.986573261Z level=debug source=/go/src/github.com/cilium/cilium/operator/pkg/secretsync/configmapsync_reconcile.go:102 msg="Successfully reconciled ConfigMap" module=operator.operator-controlplane.leader-lifecycle.secret-sync resource=local-path-storage/local-path-config action=ignored
time=2026-03-08T05:56:30.986598131Z level=debug source=/go/src/github.com/cilium/cilium/operator/pkg/secretsync/configmapsync_reconcile.go:32 msg="Reconciling ConfigMap" module=operator.operator-controlplane.leader-lifecycle.secret-sync resource=kube-system/kubelet-config
time=2026-03-08T05:56:30.986614901Z level=debug source=/go/src/github.com/cilium/cilium/operator/pkg/secretsync/configmapsync_reconcile.go:102 msg="Successfully reconciled ConfigMap" module=operator.operator-controlplane.leader-lifecycle.secret-sync resource=kube-system/kubelet-config action=ignored
time=2026-03-08T05:56:30.986640761Z level=debug source=/go/src/github.com/cilium/cilium/operator/pkg/secretsync/configmapsync_reconcile.go:32 msg="Reconciling ConfigMap" module=operator.operator-controlplane.leader-lifecycle.secret-sync resource=kube-node-lease/kube-root-ca.crt
time=2026-03-08T05:56:30.986663771Z level=debug source=/go/src/github.com/cilium/cilium/operator/pkg/secretsync/configmapsync_reconcile.go:102 msg="Successfully reconciled ConfigMap" module=operator.operator-controlplane.leader-lifecycle.secret-sync resource=kube-node-lease/kube-root-ca.crt action=ignored
time=2026-03-08T05:56:30.986687721Z level=debug source=/go/src/github.com/cilium/cilium/operator/pkg/secretsync/configmapsync_reconcile.go:32 msg="Reconciling ConfigMap" module=operator.operator-controlplane.leader-lifecycle.secret-sync resource=kube-system/cilium-config
time=2026-03-08T05:56:30.986733811Z level=debug source=/go/src/github.com/cilium/cilium/operator/pkg/secretsync/configmapsync_reconcile.go:102 msg="Successfully reconciled ConfigMap" module=operator.operator-controlplane.leader-lifecycle.secret-sync resource=kube-system/cilium-config action=ignored
time=2026-03-08T05:56:30.986761161Z level=debug source=/go/src/github.com/cilium/cilium/operator/pkg/secretsync/configmapsync_reconcile.go:32 msg="Reconciling ConfigMap" module=operator.operator-controlplane.leader-lifecycle.secret-sync resource=kube-system/kube-proxy
time=2026-03-08T05:56:30.986778131Z level=debug source=/go/src/github.com/cilium/cilium/operator/pkg/secretsync/configmapsync_reconcile.go:102 msg="Successfully reconciled ConfigMap" module=operator.operator-controlplane.leader-lifecycle.secret-sync resource=kube-system/kube-proxy action=ignored
time=2026-03-08T05:56:30.986798621Z level=debug source=/go/src/github.com/cilium/cilium/operator/pkg/secretsync/configmapsync_reconcile.go:32 msg="Reconciling ConfigMap" module=operator.operator-controlplane.leader-lifecycle.secret-sync resource=kube-system/kube-root-ca.crt
time=2026-03-08T05:56:30.986820571Z level=debug source=/go/src/github.com/cilium/cilium/operator/pkg/secretsync/configmapsync_reconcile.go:102 msg="Successfully reconciled ConfigMap" module=operator.operator-controlplane.leader-lifecycle.secret-sync resource=kube-system/kube-root-ca.crt action=ignored
time=2026-03-08T05:56:30.986840251Z level=debug source=/go/src/github.com/cilium/cilium/operator/pkg/secretsync/configmapsync_reconcile.go:32 msg="Reconciling ConfigMap" module=operator.operator-controlplane.leader-lifecycle.secret-sync resource=kube-system/kubeadm-config
time=2026-03-08T05:56:30.986859241Z level=debug source=/go/src/github.com/cilium/cilium/operator/pkg/secretsync/configmapsync_reconcile.go:102 msg="Successfully reconciled ConfigMap" module=operator.operator-controlplane.leader-lifecycle.secret-sync resource=kube-system/kubeadm-config action=ignored
time=2026-03-08T05:56:30.986880931Z level=debug source=/go/src/github.com/cilium/cilium/operator/pkg/secretsync/configmapsync_reconcile.go:32 msg="Reconciling ConfigMap" module=operator.operator-controlplane.leader-lifecycle.secret-sync resource=default/kube-root-ca.crt
time=2026-03-08T05:56:30.986901281Z level=debug source=/go/src/github.com/cilium/cilium/operator/pkg/secretsync/configmapsync_reconcile.go:102 msg="Successfully reconciled ConfigMap" module=operator.operator-controlplane.leader-lifecycle.secret-sync resource=default/kube-root-ca.crt action=ignored
time=2026-03-08T05:56:30.986921391Z level=debug source=/go/src/github.com/cilium/cilium/operator/pkg/secretsync/configmapsync_reconcile.go:32 msg="Reconciling ConfigMap" module=operator.operator-controlplane.leader-lifecycle.secret-sync resource=kube-system/cilium-envoy-config
time=2026-03-08T05:56:30.986942531Z level=debug source=/go/src/github.com/cilium/cilium/operator/pkg/secretsync/configmapsync_reconcile.go:102 msg="Successfully reconciled ConfigMap" module=operator.operator-controlplane.leader-lifecycle.secret-sync resource=kube-system/cilium-envoy-config action=ignored
time=2026-03-08T05:56:30.986969081Z level=debug source=/go/src/github.com/cilium/cilium/operator/pkg/secretsync/configmapsync_reconcile.go:32 msg="Reconciling ConfigMap" module=operator.operator-controlplane.leader-lifecycle.secret-sync resource=kube-system/kube-apiserver-legacy-service-account-token-tracking
time=2026-03-08T05:56:30.986991551Z level=debug source=/go/src/github.com/cilium/cilium/operator/pkg/secretsync/configmapsync_reconcile.go:102 msg="Successfully reconciled ConfigMap" module=operator.operator-controlplane.leader-lifecycle.secret-sync resource=kube-system/kube-apiserver-legacy-service-account-token-tracking action=ignored
time=2026-03-08T05:56:30.987014561Z level=debug source=/go/src/github.com/cilium/cilium/operator/pkg/secretsync/configmapsync_reconcile.go:32 msg="Reconciling ConfigMap" module=operator.operator-controlplane.leader-lifecycle.secret-sync resource=kube-system/coredns
time=2026-03-08T05:56:30.987033411Z level=debug source=/go/src/github.com/cilium/cilium/operator/pkg/secretsync/configmapsync_reconcile.go:102 msg="Successfully reconciled ConfigMap" module=operator.operator-controlplane.leader-lifecycle.secret-sync resource=kube-system/coredns action=ignored
time=2026-03-08T05:56:30.987058921Z level=debug source=/go/src/github.com/cilium/cilium/operator/pkg/secretsync/configmapsync_reconcile.go:32 msg="Reconciling ConfigMap" module=operator.operator-controlplane.leader-lifecycle.secret-sync resource=kube-public/cluster-info
time=2026-03-08T05:56:30.987081501Z level=debug source=/go/src/github.com/cilium/cilium/operator/pkg/secretsync/configmapsync_reconcile.go:102 msg="Successfully reconciled ConfigMap" module=operator.operator-controlplane.leader-lifecycle.secret-sync resource=kube-public/cluster-info action=ignored
time=2026-03-08T05:56:30.987100631Z level=debug source=/go/src/github.com/cilium/cilium/operator/pkg/secretsync/configmapsync_reconcile.go:32 msg="Reconciling ConfigMap" module=operator.operator-controlplane.leader-lifecycle.secret-sync resource=local-path-storage/kube-root-ca.crt
time=2026-03-08T05:56:30.987120941Z level=debug source=/go/src/github.com/cilium/cilium/operator/pkg/secretsync/configmapsync_reconcile.go:102 msg="Successfully reconciled ConfigMap" module=operator.operator-controlplane.leader-lifecycle.secret-sync resource=local-path-storage/kube-root-ca.crt action=ignored
time=2026-03-08T05:56:30.987139481Z level=debug source=/go/src/github.com/cilium/cilium/operator/pkg/secretsync/configmapsync_reconcile.go:32 msg="Reconciling ConfigMap" module=operator.operator-controlplane.leader-lifecycle.secret-sync resource=kube-system/extension-apiserver-authentication
time=2026-03-08T05:56:30.987158081Z level=debug source=/go/src/github.com/cilium/cilium/operator/pkg/secretsync/configmapsync_reconcile.go:102 msg="Successfully reconciled ConfigMap" module=operator.operator-controlplane.leader-lifecycle.secret-sync resource=kube-system/extension-apiserver-authentication action=ignored
time=2026-03-08T05:56:30.987182611Z level=debug source=/go/src/github.com/cilium/cilium/operator/pkg/secretsync/configmapsync_reconcile.go:32 msg="Reconciling ConfigMap" module=operator.operator-controlplane.leader-lifecycle.secret-sync resource=cilium-secrets/kube-root-ca.crt
time=2026-03-08T05:56:30.987202561Z level=debug source=/go/src/github.com/cilium/cilium/operator/pkg/secretsync/configmapsync_reconcile.go:102 msg="Successfully reconciled ConfigMap" module=operator.operator-controlplane.leader-lifecycle.secret-sync resource=cilium-secrets/kube-root-ca.crt action=ignored
time=2026-03-08T05:56:30.989572271Z level=debug source=/go/src/github.com/cilium/cilium/vendor/github.com/go-logr/logr/logr.go:280 msg="Exiting watch because received the bookmark that marks the end of initial events stream" module=operator.operator-controlplane.leader-lifecycle.controller-runtime logger=controller-runtime/cache reflector=sigs.k8s.io/controller-runtime/pkg/cache/internal/informers.go:114 totalItems=5 duration=3.21256ms
time=2026-03-08T05:56:30.989655851Z level=debug+2 source=/go/src/github.com/cilium/cilium/vendor/github.com/go-logr/logr/logr.go:280 msg="Caches populated" module=operator.operator-controlplane.leader-lifecycle.controller-runtime logger=controller-runtime/cache type=*v1.EndpointSlice reflector=sigs.k8s.io/controller-runtime/pkg/cache/internal/informers.go:114
time=2026-03-08T05:56:30.995919461Z level=info source=/go/src/github.com/cilium/cilium/operator/pkg/gateway-api/gatewayclass_reconcile.go:106 msg="Successfully reconciled GatewayClass" module=operator.operator-controlplane.leader-lifecycle.gateway-api resource=/cilium
time=2026-03-08T05:56:30.996098861Z level=info source=/go/src/github.com/cilium/cilium/operator/pkg/gateway-api/gatewayclass_reconcile.go:36 msg="Reconciling GatewayClass" module=operator.operator-controlplane.leader-lifecycle.gateway-api resource=/cilium
time=2026-03-08T05:56:31.003181991Z level=info source=/go/src/github.com/cilium/cilium/operator/pkg/gateway-api/gatewayclass_reconcile.go:106 msg="Successfully reconciled GatewayClass" module=operator.operator-controlplane.leader-lifecycle.gateway-api resource=/cilium
time=2026-03-08T05:56:31.075101239Z level=info source=/go/src/github.com/cilium/cilium/operator/watchers/node_taint.go:132 msg="Cilium pod scheduled but not running for node; setting taint" module=operator.operator-controlplane.leader-lifecycle.legacy-cell subsys=watchers nodeName=chart-testing-worker
time=2026-03-08T05:56:31.075159889Z level=info source=/go/src/github.com/cilium/cilium/operator/watchers/node_taint.go:132 msg="Cilium pod scheduled but not running for node; setting taint" module=operator.operator-controlplane.leader-lifecycle.legacy-cell subsys=watchers nodeName=chart-testing-control-plane
time=2026-03-08T05:56:31.075195559Z level=debug source=/go/src/github.com/cilium/cilium/operator/watchers/node_taint.go:432 msg="Setting Node Taint" module=operator.operator-controlplane.leader-lifecycle.legacy-cell subsys=watchers nodeName=chart-testing-control-plane taint=node.cilium.io/agent-not-ready
time=2026-03-08T05:56:31.075179809Z level=debug source=/go/src/github.com/cilium/cilium/operator/watchers/node_taint.go:432 msg="Setting Node Taint" module=operator.operator-controlplane.leader-lifecycle.legacy-cell subsys=watchers nodeName=chart-testing-worker taint=node.cilium.io/agent-not-ready
time=2026-03-08T05:56:31.075119089Z level=info source=/go/src/github.com/cilium/cilium/pkg/labelsfilter/filter.go:118 msg="Parsing base label prefixes from default label list" module=operator.operator-controlplane.leader-lifecycle.legacy-cell
time=2026-03-08T05:56:31.075381299Z level=info source=/go/src/github.com/cilium/cilium/pkg/labelsfilter/filter.go:135 msg="Parsing node label prefixes from user inputs" module=operator.operator-controlplane.leader-lifecycle.legacy-cell prefix=[]
time=2026-03-08T05:56:31.075398889Z level=info source=/go/src/github.com/cilium/cilium/pkg/labelsfilter/filter.go:155 msg="Parsing additional label prefixes from user inputs" module=operator.operator-controlplane.leader-lifecycle.legacy-cell prefix=[]
time=2026-03-08T05:56:31.075408299Z level=info source=/go/src/github.com/cilium/cilium/pkg/labelsfilter/filter.go:195 msg="Final label prefixes to be used for identity evaluation:" module=operator.operator-controlplane.leader-lifecycle.legacy-cell
time=2026-03-08T05:56:31.075461259Z level=info source=/go/src/github.com/cilium/cilium/pkg/labelsfilter/filter.go:197 msg=" - reserved:.*" module=operator.operator-controlplane.leader-lifecycle.legacy-cell
time=2026-03-08T05:56:31.075477439Z level=info source=/go/src/github.com/cilium/cilium/pkg/labelsfilter/filter.go:197 msg=" - :io\\.kubernetes\\.pod\\.namespace" module=operator.operator-controlplane.leader-lifecycle.legacy-cell
time=2026-03-08T05:56:31.075485329Z level=info source=/go/src/github.com/cilium/cilium/pkg/labelsfilter/filter.go:197 msg=" - :io\\.cilium\\.k8s\\.namespace\\.labels" module=operator.operator-controlplane.leader-lifecycle.legacy-cell
time=2026-03-08T05:56:31.075492209Z level=info source=/go/src/github.com/cilium/cilium/pkg/labelsfilter/filter.go:197 msg=" - :app\\.kubernetes\\.io" module=operator.operator-controlplane.leader-lifecycle.legacy-cell
time=2026-03-08T05:56:31.075498709Z level=info source=/go/src/github.com/cilium/cilium/pkg/labelsfilter/filter.go:197 msg=" - :io\\.cilium\\.k8s\\.policy\\.cluster" module=operator.operator-controlplane.leader-lifecycle.legacy-cell
time=2026-03-08T05:56:31.075505379Z level=info source=/go/src/github.com/cilium/cilium/pkg/labelsfilter/filter.go:197 msg=" - :io\\.cilium\\.k8s\\.policy\\.serviceaccount" module=operator.operator-controlplane.leader-lifecycle.legacy-cell
time=2026-03-08T05:56:31.075512489Z level=info source=/go/src/github.com/cilium/cilium/pkg/labelsfilter/filter.go:197 msg=" - !:io\\.kubernetes" module=operator.operator-controlplane.leader-lifecycle.legacy-cell
time=2026-03-08T05:56:31.075519449Z level=info source=/go/src/github.com/cilium/cilium/pkg/labelsfilter/filter.go:197 msg=" - !:kubernetes\\.io" module=operator.operator-controlplane.leader-lifecycle.legacy-cell
time=2026-03-08T05:56:31.075527059Z level=info source=/go/src/github.com/cilium/cilium/pkg/labelsfilter/filter.go:197 msg=" - !:statefulset\\.kubernetes\\.io/pod-name" module=operator.operator-controlplane.leader-lifecycle.legacy-cell
time=2026-03-08T05:56:31.075533689Z level=info source=/go/src/github.com/cilium/cilium/pkg/labelsfilter/filter.go:197 msg=" - !:apps\\.kubernetes\\.io/pod-index" module=operator.operator-controlplane.leader-lifecycle.legacy-cell
time=2026-03-08T05:56:31.075540249Z level=info source=/go/src/github.com/cilium/cilium/pkg/labelsfilter/filter.go:197 msg=" - !:batch\\.kubernetes\\.io/job-completion-index" module=operator.operator-controlplane.leader-lifecycle.legacy-cell
time=2026-03-08T05:56:31.075547159Z level=info source=/go/src/github.com/cilium/cilium/pkg/labelsfilter/filter.go:197 msg=" - !:batch\\.kubernetes\\.io/controller-uid" module=operator.operator-controlplane.leader-lifecycle.legacy-cell
time=2026-03-08T05:56:31.075553929Z level=info source=/go/src/github.com/cilium/cilium/pkg/labelsfilter/filter.go:197 msg=" - !:.*beta\\.kubernetes\\.io" module=operator.operator-controlplane.leader-lifecycle.legacy-cell
time=2026-03-08T05:56:31.075561189Z level=info source=/go/src/github.com/cilium/cilium/pkg/labelsfilter/filter.go:197 msg=" - !:k8s\\.io" module=operator.operator-controlplane.leader-lifecycle.legacy-cell
time=2026-03-08T05:56:31.075568099Z level=info source=/go/src/github.com/cilium/cilium/pkg/labelsfilter/filter.go:197 msg=" - !:pod-template-generation" module=operator.operator-controlplane.leader-lifecycle.legacy-cell
time=2026-03-08T05:56:31.075575039Z level=info source=/go/src/github.com/cilium/cilium/pkg/labelsfilter/filter.go:197 msg=" - !:pod-template-hash" module=operator.operator-controlplane.leader-lifecycle.legacy-cell
time=2026-03-08T05:56:31.075581479Z level=info source=/go/src/github.com/cilium/cilium/pkg/labelsfilter/filter.go:197 msg=" - !:controller-revision-hash" module=operator.operator-controlplane.leader-lifecycle.legacy-cell
time=2026-03-08T05:56:31.075588689Z level=info source=/go/src/github.com/cilium/cilium/pkg/labelsfilter/filter.go:197 msg=" - !:controller-uid" module=operator.operator-controlplane.leader-lifecycle.legacy-cell
time=2026-03-08T05:56:31.075595479Z level=info source=/go/src/github.com/cilium/cilium/pkg/labelsfilter/filter.go:197 msg=" - !:annotation.*" module=operator.operator-controlplane.leader-lifecycle.legacy-cell
time=2026-03-08T05:56:31.075602679Z level=info source=/go/src/github.com/cilium/cilium/pkg/labelsfilter/filter.go:197 msg=" - !:etcd_node" module=operator.operator-controlplane.leader-lifecycle.legacy-cell
time=2026-03-08T05:56:31.075610619Z level=info source=/go/src/github.com/cilium/cilium/pkg/labelsfilter/filter.go:197 msg=" - !:topology\\.kubernetes\\.io" module=operator.operator-controlplane.leader-lifecycle.legacy-cell
time=2026-03-08T05:56:31.075617509Z level=info source=/go/src/github.com/cilium/cilium/pkg/labelsfilter/filter.go:200 msg="Final node label prefixes to be used for identity evaluation:" module=operator.operator-controlplane.leader-lifecycle.legacy-cell
time=2026-03-08T05:56:31.075628199Z level=info source=/go/src/github.com/cilium/cilium/operator/cmd/root.go:695 msg="Initialization complete" module=operator.operator-controlplane.leader-lifecycle.legacy-cell
time=2026-03-08T05:56:31.075640579Z level=info source=/go/src/github.com/cilium/cilium/vendor/github.com/cilium/hive/cell/lifecycle.go:147 msg="Start hook executed" module=operator function=cmd.(*legacyOnLeader).onStart duration=100.853078ms
time=2026-03-08T05:56:31.075663319Z level=debug source=/go/src/github.com/cilium/cilium/vendor/github.com/cilium/hive/cell/lifecycle.go:139 msg="Executing start hook" module=operator function=*resource.resource[*github.com/cilium/cilium/pkg/k8s/apis/cilium.io/v2.CiliumEndpoint].Start
time=2026-03-08T05:56:31.075688089Z level=info source=/go/src/github.com/cilium/cilium/vendor/github.com/cilium/hive/cell/lifecycle.go:147 msg="Start hook executed" module=operator function=*resource.resource[*github.com/cilium/cilium/pkg/k8s/apis/cilium.io/v2.CiliumEndpoint].Start duration=12.81µs
time=2026-03-08T05:56:31.075701459Z level=debug source=/go/src/github.com/cilium/cilium/vendor/github.com/cilium/hive/cell/lifecycle.go:139 msg="Executing start hook" module=operator function=*resource.resource[*github.com/cilium/cilium/pkg/k8s/apis/cilium.io/v2alpha1.CiliumEndpointSlice].Start
time=2026-03-08T05:56:31.075712719Z level=info source=/go/src/github.com/cilium/cilium/vendor/github.com/cilium/hive/cell/lifecycle.go:147 msg="Start hook executed" module=operator function=*resource.resource[*github.com/cilium/cilium/pkg/k8s/apis/cilium.io/v2alpha1.CiliumEndpointSlice].Start duration=3.63µs
time=2026-03-08T05:56:31.075731999Z level=debug source=/go/src/github.com/cilium/cilium/vendor/github.com/cilium/hive/cell/lifecycle.go:139 msg="Executing start hook" module=operator function="identitygc.registerGC.func1 (.../operator/identitygc/gc.go:122)"
time=2026-03-08T05:56:31.075750929Z level=info source=/go/src/github.com/cilium/cilium/operator/identitygc/crd_gc.go:42 msg="Starting CRD identity garbage collector" module=operator.operator-controlplane.leader-lifecycle.k8s-identities-gc interval=15m0s
time=2026-03-08T05:56:31.075771829Z level=debug source=/go/src/github.com/cilium/cilium/pkg/controller/manager.go:123 msg="Starting new controller" subsys=controller name=crd-identity-gc uuid=9e077de9-f319-4acb-8a85-6a125cefe603
time=2026-03-08T05:56:31.075794699Z level=debug source=/go/src/github.com/cilium/cilium/operator/identitygc/crd_gc.go:80 msg="Running CRD identity garbage collector" module=operator.operator-controlplane.leader-lifecycle.k8s-identities-gc
time=2026-03-08T05:56:31.075841569Z level=info source=/go/src/github.com/cilium/cilium/vendor/github.com/cilium/hive/cell/lifecycle.go:147 msg="Start hook executed" module=operator function="identitygc.registerGC.func1 (.../operator/identitygc/gc.go:122)" duration=94µs
time=2026-03-08T05:56:31.075875139Z level=debug source=/go/src/github.com/cilium/cilium/vendor/github.com/cilium/hive/cell/lifecycle.go:139 msg="Executing start hook" module=operator function=*resource.resource[*github.com/cilium/cilium/pkg/k8s/slim/k8s/api/core/v1.Namespace].Start
time=2026-03-08T05:56:31.075887659Z level=info source=/go/src/github.com/cilium/cilium/vendor/github.com/cilium/hive/cell/lifecycle.go:147 msg="Start hook executed" module=operator function=*resource.resource[*github.com/cilium/cilium/pkg/k8s/slim/k8s/api/core/v1.Namespace].Start duration=2.21µs
time=2026-03-08T05:56:31.075900209Z level=debug source=/go/src/github.com/cilium/cilium/vendor/github.com/cilium/hive/cell/lifecycle.go:139 msg="Executing start hook" module=operator function=*resource.resource[*github.com/cilium/cilium/pkg/k8s/slim/k8s/api/core/v1.Pod].Start
time=2026-03-08T05:56:31.075909249Z level=info source=/go/src/github.com/cilium/cilium/vendor/github.com/cilium/hive/cell/lifecycle.go:147 msg="Start hook executed" module=operator function=*resource.resource[*github.com/cilium/cilium/pkg/k8s/slim/k8s/api/core/v1.Pod].Start duration=1.43µs
time=2026-03-08T05:56:31.075920359Z level=debug source=/go/src/github.com/cilium/cilium/vendor/github.com/cilium/hive/cell/lifecycle.go:139 msg="Executing start hook" module=operator function=*endpointgc.GC.Start
time=2026-03-08T05:56:31.075939239Z level=info source=/go/src/github.com/cilium/cilium/operator/endpointgc/gc.go:85 msg="Starting to garbage collect stale CiliumEndpoint custom resources" module=operator.operator-controlplane.leader-lifecycle.k8s-endpoints-gc
time=2026-03-08T05:56:31.075956619Z level=debug source=/go/src/github.com/cilium/cilium/pkg/controller/manager.go:123 msg="Starting new controller" subsys=controller name=to-k8s-ciliumendpoint-gc uuid=d6f51274-5285-4994-ab24-9c4fed3f5f8d
time=2026-03-08T05:56:31.075967089Z level=info source=/go/src/github.com/cilium/cilium/vendor/github.com/cilium/hive/cell/lifecycle.go:147 msg="Start hook executed" module=operator function=*endpointgc.GC.Start duration=38.75µs
time=2026-03-08T05:56:31.075977989Z level=debug source=/go/src/github.com/cilium/cilium/vendor/github.com/cilium/hive/cell/lifecycle.go:139 msg="Executing start hook" module=operator function=unmanagedpods.(*unmanagedPodsController).onStart
time=2026-03-08T05:56:31.075986999Z level=info source=/go/src/github.com/cilium/cilium/vendor/github.com/cilium/hive/cell/lifecycle.go:147 msg="Start hook executed" module=operator function=unmanagedpods.(*unmanagedPodsController).onStart duration=1.81µs
time=2026-03-08T05:56:31.075996959Z level=debug source=/go/src/github.com/cilium/cilium/vendor/github.com/cilium/hive/cell/lifecycle.go:139 msg="Executing start hook" module=operator function=policyderivative.(*policyDerivativeController).onStart
time=2026-03-08T05:56:31.076006719Z level=info source=/go/src/github.com/cilium/cilium/vendor/github.com/cilium/hive/cell/lifecycle.go:147 msg="Start hook executed" module=operator function=policyderivative.(*policyDerivativeController).onStart duration=2.47µs
time=2026-03-08T05:56:31.076022509Z level=debug source=/go/src/github.com/cilium/cilium/vendor/github.com/cilium/hive/cell/lifecycle.go:139 msg="Executing start hook" module=operator function=*job.queuedJob.Start detail="to-k8s-ciliumendpointslice-gc (endpointslicegc.(*GC).doGC)"
time=2026-03-08T05:56:31.076038719Z level=info source=/go/src/github.com/cilium/cilium/vendor/github.com/cilium/hive/cell/lifecycle.go:147 msg="Start hook executed" module=operator function=*job.queuedJob.Start detail="to-k8s-ciliumendpointslice-gc (endpointslicegc.(*GC).doGC)" duration=5.35µs
time=2026-03-08T05:56:31.076051739Z level=debug source=/go/src/github.com/cilium/cilium/vendor/github.com/cilium/hive/cell/lifecycle.go:139 msg="Executing start hook" module=operator function=*resource.resource[*github.com/cilium/cilium/pkg/k8s.Endpoints].Start
time=2026-03-08T05:56:31.076050249Z level=info source=/go/src/github.com/cilium/cilium/operator/policyderivative/ccnp_watcher.go:33 msg="Starting CCNP derivative handler" module=operator.operator-controlplane.leader-lifecycle.policy-derivative
time=2026-03-08T05:56:31.076085149Z level=debug source=/go/src/github.com/cilium/cilium/pkg/controller/manager.go:123 msg="Starting new controller" subsys=controller name=ccnp-to-groups uuid=3a574586-f1aa-4c63-876c-f9f9993b85cb
time=2026-03-08T05:56:31.076060389Z level=info source=/go/src/github.com/cilium/cilium/vendor/github.com/cilium/hive/cell/lifecycle.go:147 msg="Start hook executed" module=operator function=*resource.resource[*github.com/cilium/cilium/pkg/k8s.Endpoints].Start duration=1.56µs
time=2026-03-08T05:56:31.076116739Z level=debug source=/go/src/github.com/cilium/cilium/vendor/github.com/cilium/hive/cell/lifecycle.go:139 msg="Executing start hook" module=operator function="namespace.newManager.func1 (.../clustermesh/namespace/namespace.go:46)"
time=2026-03-08T05:56:31.076083749Z level=debug source=/go/src/github.com/cilium/cilium/vendor/github.com/cilium/hive/job/oneshot.go:136 msg="Starting one-shot job" module=operator.operator-controlplane.leader-lifecycle.k8s-endpointslice-gc name=to-k8s-ciliumendpointslice-gc func=endpointslicegc.(*GC).doGC
time=2026-03-08T05:56:31.076062329Z level=info source=/go/src/github.com/cilium/cilium/operator/policyderivative/cnp_watcher.go:33 msg="Starting CNP derivative handler" module=operator.operator-controlplane.leader-lifecycle.policy-derivative
time=2026-03-08T05:56:31.076150429Z level=debug source=/go/src/github.com/cilium/cilium/pkg/controller/manager.go:123 msg="Starting new controller" subsys=controller name=cnp-to-groups uuid=0f2e51f9-3bd9-4b63-845a-57f6a14bb064
time=2026-03-08T05:56:31.076116159Z level=debug source=/go/src/github.com/cilium/cilium/pkg/controller/controller.go:338 msg="Controller func executed" subsys=controller name=ccnp-to-groups uuid=3a574586-f1aa-4c63-876c-f9f9993b85cb duration=6.61µs
time=2026-03-08T05:56:31.076173709Z level=debug source=/go/src/github.com/cilium/cilium/pkg/hive/health/provider.go:89 msg="upserting health status" module=health lastLevel=none reporter-id=operator.operator-controlplane.leader-lifecycle.k8s-endpointslice-gc.job-to-k8s-ciliumendpointslice-gc status="operator.operator-controlplane.leader-lifecycle.k8s-endpointslice-gc.job-to-k8s-ciliumendpointslice-gc: [OK] Running"
time=2026-03-08T05:56:31.076166589Z level=debug source=/go/src/github.com/cilium/cilium/pkg/controller/controller.go:338 msg="Controller func executed" subsys=controller name=cnp-to-groups uuid=0f2e51f9-3bd9-4b63-845a-57f6a14bb064 duration=3.66µs
time=2026-03-08T05:56:31.078013619Z level=info source=/go/src/github.com/cilium/cilium/operator/endpointslicegc/gc.go:77 msg="CiliumEndpointSlice CRD cannot be found, skipping garbage collection" module=operator.operator-controlplane.leader-lifecycle.k8s-endpointslice-gc error="customresourcedefinitions.apiextensions.k8s.io \"ciliumendpointslices.cilium.io\" not found"
time=2026-03-08T05:56:31.078171379Z level=debug source=/go/src/github.com/cilium/cilium/pkg/hive/health/provider.go:144 msg="stopping health reporter" module=health reporter-id=operator.operator-controlplane.leader-lifecycle.k8s-endpointslice-gc.job-to-k8s-ciliumendpointslice-gc
time=2026-03-08T05:56:31.086422409Z level=info source=/go/src/github.com/cilium/cilium/operator/pkg/gateway-api/gamma_reconcile.go:46 msg="Reconciling GAMMA service" module=operator.operator-controlplane.leader-lifecycle.gateway-api controller=gamma resource=default/kubernetes
time=2026-03-08T05:56:31.086523039Z level=info source=/go/src/github.com/cilium/cilium/operator/pkg/gateway-api/gamma_reconcile.go:46 msg="Reconciling GAMMA service" module=operator.operator-controlplane.leader-lifecycle.gateway-api controller=gamma resource=kube-system/cilium-envoy
time=2026-03-08T05:56:31.086568849Z level=info source=/go/src/github.com/cilium/cilium/operator/pkg/gateway-api/gamma_reconcile.go:46 msg="Reconciling GAMMA service" module=operator.operator-controlplane.leader-lifecycle.gateway-api controller=gamma resource=kube-system/hubble-peer
time=2026-03-08T05:56:31.176847866Z level=info source=/go/src/github.com/cilium/cilium/vendor/github.com/cilium/hive/cell/lifecycle.go:147 msg="Start hook executed" module=operator function="namespace.newManager.func1 (.../clustermesh/namespace/namespace.go:46)" duration=100.706577ms
time=2026-03-08T05:56:31.176945636Z level=debug source=/go/src/github.com/cilium/cilium/vendor/github.com/cilium/hive/cell/lifecycle.go:139 msg="Executing start hook" module=operator function=*resource.resource[*sigs.k8s.io/mcs-api/pkg/apis/v1alpha1.ServiceExport].Start
time=2026-03-08T05:56:31.176962186Z level=info source=/go/src/github.com/cilium/cilium/vendor/github.com/cilium/hive/cell/lifecycle.go:147 msg="Start hook executed" module=operator function=*resource.resource[*sigs.k8s.io/mcs-api/pkg/apis/v1alpha1.ServiceExport].Start duration=4.1µs
time=2026-03-08T05:56:31.176979696Z level=debug source=/go/src/github.com/cilium/cilium/vendor/github.com/cilium/hive/cell/lifecycle.go:139 msg="Executing start hook" module=operator function=*resource.resource[*github.com/cilium/cilium/pkg/k8s/apis/cilium.io/v2.CiliumNetworkPolicy].Start
time=2026-03-08T05:56:31.176988946Z level=info source=/go/src/github.com/cilium/cilium/vendor/github.com/cilium/hive/cell/lifecycle.go:147 msg="Start hook executed" module=operator function=*resource.resource[*github.com/cilium/cilium/pkg/k8s/apis/cilium.io/v2.CiliumNetworkPolicy].Start duration=1.54µs
time=2026-03-08T05:56:31.177002096Z level=debug source=/go/src/github.com/cilium/cilium/vendor/github.com/cilium/hive/cell/lifecycle.go:139 msg="Executing start hook" module=operator function=*resource.resource[*github.com/cilium/cilium/pkg/k8s/apis/cilium.io/v2.CiliumClusterwideNetworkPolicy].Start
time=2026-03-08T05:56:31.177011036Z level=info source=/go/src/github.com/cilium/cilium/vendor/github.com/cilium/hive/cell/lifecycle.go:147 msg="Start hook executed" module=operator function=*resource.resource[*github.com/cilium/cilium/pkg/k8s/apis/cilium.io/v2.CiliumClusterwideNetworkPolicy].Start duration=1.51µs
time=2026-03-08T05:56:31.177030986Z level=debug source=/go/src/github.com/cilium/cilium/vendor/github.com/cilium/hive/cell/lifecycle.go:139 msg="Executing start hook" module=operator function=*job.queuedJob.Start detail="cnp-validation (networkpolicy.(*policyValidator).handleCNPEvent)"
time=2026-03-08T05:56:31.177048936Z level=info source=/go/src/github.com/cilium/cilium/vendor/github.com/cilium/hive/cell/lifecycle.go:147 msg="Start hook executed" module=operator function=*job.queuedJob.Start detail="cnp-validation (networkpolicy.(*policyValidator).handleCNPEvent)" duration=9.35µs
time=2026-03-08T05:56:31.177067716Z level=debug source=/go/src/github.com/cilium/cilium/vendor/github.com/cilium/hive/cell/lifecycle.go:139 msg="Executing start hook" module=operator function=*job.queuedJob.Start detail="ccnp-validation (networkpolicy.(*policyValidator).handleCCNPEvent)"
time=2026-03-08T05:56:31.177076086Z level=info source=/go/src/github.com/cilium/cilium/vendor/github.com/cilium/hive/cell/lifecycle.go:147 msg="Start hook executed" module=operator function=*job.queuedJob.Start detail="ccnp-validation (networkpolicy.(*policyValidator).handleCCNPEvent)" duration=1.07µs
time=2026-03-08T05:56:31.177100546Z level=debug source=/go/src/github.com/cilium/cilium/vendor/github.com/cilium/hive/cell/lifecycle.go:139 msg="Executing start hook" module=operator function=*job.queuedJob.Start detail="update-config-metric (operator.updateOperatorConfigMetricOnStart.func1 (.../features/operator/features.go:14))"
time=2026-03-08T05:56:31.177117846Z level=info source=/go/src/github.com/cilium/cilium/vendor/github.com/cilium/hive/cell/lifecycle.go:147 msg="Start hook executed" module=operator function=*job.queuedJob.Start detail="update-config-metric (operator.updateOperatorConfigMetricOnStart.func1 (.../features/operator/features.go:14))" duration=6.66µs
time=2026-03-08T05:56:31.177129566Z level=debug source=/go/src/github.com/cilium/cilium/vendor/github.com/cilium/hive/cell/lifecycle.go:139 msg="Executing start hook" module=operator function=*resource.resource[*github.com/cilium/cilium/pkg/k8s/apis/cilium.io/v2alpha1.CiliumPodIPPool].Start
time=2026-03-08T05:56:31.177138366Z level=info source=/go/src/github.com/cilium/cilium/vendor/github.com/cilium/hive/cell/lifecycle.go:147 msg="Start hook executed" module=operator function=*resource.resource[*github.com/cilium/cilium/pkg/k8s/apis/cilium.io/v2alpha1.CiliumPodIPPool].Start duration=1.51µs
time=2026-03-08T05:56:31.177154936Z level=debug source=/go/src/github.com/cilium/cilium/vendor/github.com/cilium/hive/job/observer.go:75 msg="Observer job started" module=operator.operator-controlplane.leader-lifecycle.network-policy-validator name=cnp-validation func=networkpolicy.(*policyValidator).handleCNPEvent
time=2026-03-08T05:56:31.177181066Z level=debug source=/go/src/github.com/cilium/cilium/vendor/github.com/cilium/hive/job/oneshot.go:136 msg="Starting one-shot job" module=operator.operator-controlplane.leader-lifecycle.enabled-features name=update-config-metric func="operator.updateOperatorConfigMetricOnStart.func1 (.../features/operator/features.go:14)"
time=2026-03-08T05:56:31.177281336Z level=debug source=/go/src/github.com/cilium/cilium/pkg/hive/health/provider.go:89 msg="upserting health status" module=health lastLevel=none reporter-id=operator.operator-controlplane.leader-lifecycle.network-policy-validator.observer-job-cnp-validation status="operator.operator-controlplane.leader-lifecycle.network-policy-validator.observer-job-cnp-validation: [OK] Primed"
time=2026-03-08T05:56:31.177170476Z level=debug source=/go/src/github.com/cilium/cilium/vendor/github.com/cilium/hive/job/observer.go:75 msg="Observer job started" module=operator.operator-controlplane.leader-lifecycle.network-policy-validator name=ccnp-validation func=networkpolicy.(*policyValidator).handleCCNPEvent
time=2026-03-08T05:56:31.177479346Z level=debug source=/go/src/github.com/cilium/cilium/pkg/hive/health/provider.go:89 msg="upserting health status" module=health lastLevel=none reporter-id=operator.operator-controlplane.leader-lifecycle.enabled-features.job-update-config-metric status="operator.operator-controlplane.leader-lifecycle.enabled-features.job-update-config-metric: [OK] Running"
time=2026-03-08T05:56:31.177648996Z level=debug source=/go/src/github.com/cilium/cilium/pkg/hive/health/provider.go:144 msg="stopping health reporter" module=health reporter-id=operator.operator-controlplane.leader-lifecycle.enabled-features.job-update-config-metric
time=2026-03-08T05:56:31.177702946Z level=debug source=/go/src/github.com/cilium/cilium/pkg/hive/health/provider.go:89 msg="upserting health status" module=health lastLevel=none reporter-id=operator.operator-controlplane.leader-lifecycle.network-policy-validator.observer-job-ccnp-validation status="operator.operator-controlplane.leader-lifecycle.network-policy-validator.observer-job-ccnp-validation: [OK] Primed"
time=2026-03-08T05:56:31.277002464Z level=debug source=/go/src/github.com/cilium/cilium/pkg/controller/controller.go:338 msg="Controller func executed" subsys=controller name=to-k8s-ciliumendpoint-gc uuid=d6f51274-5285-4994-ab24-9c4fed3f5f8d duration=200.983435ms
time=2026-03-08T05:56:31.277087784Z level=debug source=/go/src/github.com/cilium/cilium/pkg/controller/manager.go:123 msg="Starting new controller" subsys=controller name=restart-unmanaged-pods uuid=297bd89c-e3c5-463a-bff7-703afa64896b
time=2026-03-08T05:56:31.277137064Z level=debug source=/go/src/github.com/cilium/cilium/pkg/controller/controller.go:338 msg="Controller func executed" subsys=controller name=restart-unmanaged-pods uuid=297bd89c-e3c5-463a-bff7-703afa64896b duration=6.45µs
time=2026-03-08T05:56:32.090724493Z level=debug source=/go/src/github.com/cilium/cilium/operator/identitygc/heartbeat.go:37 msg="Marking identity alive" module=operator.operator-controlplane.leader-lifecycle.k8s-identities-gc subsys=identity-heartbeat identity=21459
time=2026-03-08T05:56:32.090801843Z level=debug source=/go/src/github.com/cilium/cilium/operator/identitygc/heartbeat.go:37 msg="Marking identity alive" module=operator.operator-controlplane.leader-lifecycle.k8s-identities-gc subsys=identity-heartbeat identity=65089
time=2026-03-08T05:56:32.177039191Z level=debug source=/go/src/github.com/cilium/cilium/operator/identitygc/heartbeat.go:37 msg="Marking identity alive" module=operator.operator-controlplane.leader-lifecycle.k8s-identities-gc subsys=identity-heartbeat identity=21459
time=2026-03-08T05:56:32.177139691Z level=debug source=/go/src/github.com/cilium/cilium/operator/identitygc/heartbeat.go:37 msg="Marking identity alive" module=operator.operator-controlplane.leader-lifecycle.k8s-identities-gc subsys=identity-heartbeat identity=65089
time=2026-03-08T05:56:32.177182181Z level=debug source=/go/src/github.com/cilium/cilium/pkg/controller/controller.go:338 msg="Controller func executed" subsys=controller name=crd-identity-gc uuid=9e077de9-f319-4acb-8a85-6a125cefe603 duration=1.101391072s
time=2026-03-08T05:56:33.137284696Z level=info source=/go/src/github.com/cilium/cilium/operator/watchers/node_taint.go:127 msg="Cilium pod running for node; marking accordingly" module=operator.operator-controlplane.leader-lifecycle.legacy-cell subsys=watchers nodeName=chart-testing-control-plane
time=2026-03-08T05:56:33.137362716Z level=debug source=/go/src/github.com/cilium/cilium/operator/watchers/node_taint.go:372 msg="Removing Node Taint" module=operator.operator-controlplane.leader-lifecycle.legacy-cell subsys=watchers nodeName=chart-testing-control-plane taint=node.cilium.io/agent-not-ready
time=2026-03-08T05:56:33.206393095Z level=info source=/go/src/github.com/cilium/cilium/operator/watchers/node_taint.go:127 msg="Cilium pod running for node; marking accordingly" module=operator.operator-controlplane.leader-lifecycle.legacy-cell subsys=watchers nodeName=chart-testing-worker
time=2026-03-08T05:56:33.206462875Z level=debug source=/go/src/github.com/cilium/cilium/operator/watchers/node_taint.go:372 msg="Removing Node Taint" module=operator.operator-controlplane.leader-lifecycle.legacy-cell subsys=watchers nodeName=chart-testing-worker taint=node.cilium.io/agent-not-ready
time=2026-03-08T05:56:45.000257097Z level=debug source=/go/src/github.com/cilium/cilium/operator/pkg/lbipam/lbipam.go:1840 msg="Settling pool conflicts" module=operator.operator-controlplane.leader-lifecycle.lbipam
time=2026-03-08T05:56:45.000318286Z level=debug source=/go/src/github.com/cilium/cilium/operator/pkg/lbipam/lbipam.go:1646 msg="Updating pool counts" module=operator.operator-controlplane.leader-lifecycle.lbipam
time=2026-03-08T05:56:45.000362446Z level=debug source=/go/src/github.com/cilium/cilium/operator/pkg/lbipam/lbipam.go:1649 msg="Pool counts of 'pool' changed, patching" module=operator.operator-controlplane.leader-lifecycle.lbipam
time=2026-03-08T05:56:45.110375194Z level=debug source=/go/src/github.com/cilium/cilium/operator/pkg/lbipam/lbipam.go:1646 msg="Updating pool counts" module=operator.operator-controlplane.leader-lifecycle.lbipam
time=2026-03-08T05:56:45.110509703Z level=info source=/go/src/github.com/cilium/cilium/operator/pkg/lbipam/lbipam.go:152 msg="LB-IPAM done initializing" module=operator.operator-controlplane.leader-lifecycle.lbipam
time=2026-03-08T05:56:46.278098545Z level=debug source=/go/src/github.com/cilium/cilium/operator/unmanagedpods/controller.go:154 msg="Found managed pod due to presence of a CEP" module=operator.operator-controlplane.leader-lifecycle.unmanaged-pods-gc error=<nil> k8sPodName=kube-system/coredns-7d764666f9-9kf9j identity=0
time=2026-03-08T05:56:46.278168214Z level=debug source=/go/src/github.com/cilium/cilium/operator/unmanagedpods/controller.go:154 msg="Found managed pod due to presence of a CEP" module=operator.operator-controlplane.leader-lifecycle.unmanaged-pods-gc error=<nil> k8sPodName=kube-system/coredns-7d764666f9-6htsd identity=0
time=2026-03-08T05:56:46.278183794Z level=debug source=/go/src/github.com/cilium/cilium/pkg/controller/controller.go:338 msg="Controller func executed" subsys=controller name=restart-unmanaged-pods uuid=297bd89c-e3c5-463a-bff7-703afa64896b duration=111.66µs
time=2026-03-08T05:56:46.46391342Z level=debug source=/go/src/github.com/cilium/cilium/pkg/controller/controller.go:338 msg="Controller func executed" subsys=controller name=k8s-heartbeat uuid=09a619f7-bb34-4db5-a2c1-364fde6829b5 duration=3.1µs
time=2026-03-08T05:56:46.480276729Z level=debug source=/go/src/github.com/cilium/cilium/pkg/controller/controller.go:338 msg="Controller func executed" subsys=controller name=k8s-heartbeat uuid=baa517db-db81-4ed9-875c-02e51764d30d duration=2.75µs
time=2026-03-08T05:56:49.890466364Z level=debug source=/go/src/github.com/cilium/cilium/operator/pkg/secretsync/configmapsync_reconcile.go:32 msg="Reconciling ConfigMap" module=operator.operator-controlplane.leader-lifecycle.secret-sync resource=gateway-conformance-infra/kube-root-ca.crt
time=2026-03-08T05:56:49.890548664Z level=debug source=/go/src/github.com/cilium/cilium/operator/pkg/secretsync/configmapsync_reconcile.go:102 msg="Successfully reconciled ConfigMap" module=operator.operator-controlplane.leader-lifecycle.secret-sync resource=gateway-conformance-infra/kube-root-ca.crt action=ignored
time=2026-03-08T05:56:49.895648603Z level=info source=/go/src/github.com/cilium/cilium/operator/pkg/gateway-api/gateway_reconcile.go:55 msg="Reconciling Gateway" module=operator.operator-controlplane.leader-lifecycle.gateway-api controller=gateway resource=gateway-conformance-infra/same-namespace
time=2026-03-08T05:56:49.895815854Z level=debug source=/go/src/github.com/cilium/cilium/operator/pkg/gateway-api/gateway_reconcile.go:870 msg="Updating HTTPRoute statuses for Gateway" module=operator.operator-controlplane.leader-lifecycle.gateway-api controller=gateway resource=gateway-conformance-infra/same-namespace numRoutes=0
time=2026-03-08T05:56:49.895836054Z level=debug source=/go/src/github.com/cilium/cilium/operator/pkg/gateway-api/gateway_reconcile.go:909 msg="Updating TLSRoute statuses for Gateway" module=operator.operator-controlplane.leader-lifecycle.gateway-api controller=gateway resource=gateway-conformance-infra/same-namespace numRoutes=0
time=2026-03-08T05:56:49.895845574Z level=debug source=/go/src/github.com/cilium/cilium/operator/pkg/gateway-api/gateway_reconcile.go:943 msg="Updating GRPCRoute statuses for Gateway" module=operator.operator-controlplane.leader-lifecycle.gateway-api controller=gateway resource=gateway-conformance-infra/same-namespace numRoutes=0
time=2026-03-08T05:56:49.895854823Z level=debug source=/go/src/github.com/cilium/cilium/operator/pkg/gateway-api/gateway_reconcile.go:982 msg="Updating BackendTLSPolicy statuses for Gateway" module=operator.operator-controlplane.leader-lifecycle.gateway-api controller=gateway resource=gateway-conformance-infra/same-namespace policies=0
time=2026-03-08T05:56:49.902842804Z level=debug source=/go/src/github.com/cilium/cilium/operator/pkg/gateway-api/secretsync.go:53 msg="Enqueued secret for gateway" module=operator.operator-controlplane.leader-lifecycle.gateway-api resource=same-namespace-with-https-listener secret=gateway-conformance-infra/tls-validity-checks-certificate
time=2026-03-08T05:56:49.902882604Z level=debug source=/go/src/github.com/cilium/cilium/operator/pkg/gateway-api/secretsync.go:53 msg="Enqueued secret for gateway" module=operator.operator-controlplane.leader-lifecycle.gateway-api resource=same-namespace-with-https-listener secret=gateway-conformance-infra/tls-validity-checks-certificate
time=2026-03-08T05:56:49.902946874Z level=debug source=/go/src/github.com/cilium/cilium/operator/pkg/secretsync/secretsync_reconcile.go:32 msg="Reconciling secret" module=operator.operator-controlplane.leader-lifecycle.secret-sync resource=gateway-conformance-infra/tls-validity-checks-certificate
time=2026-03-08T05:56:49.902968474Z level=debug source=/go/src/github.com/cilium/cilium/operator/pkg/secretsync/secretsync_reconcile.go:37 msg="Unable to get Secret - either deleted or not yet available" module=operator.operator-controlplane.leader-lifecycle.secret-sync resource=gateway-conformance-infra/tls-validity-checks-certificate error="Secret \"tls-validity-checks-certificate\" not found"
time=2026-03-08T05:56:49.902989204Z level=debug source=/go/src/github.com/cilium/cilium/operator/pkg/secretsync/secretsync_reconcile.go:51 msg="Successfully reconciled Secret" module=operator.operator-controlplane.leader-lifecycle.secret-sync resource=gateway-conformance-infra/tls-validity-checks-certificate action=ignored
time=2026-03-08T05:56:49.909053254Z level=info source=/go/src/github.com/cilium/cilium/operator/pkg/lbipam/lbipam.go:902 msg="Assigning Ingress IP" module=operator.operator-controlplane.leader-lifecycle.lbipam serviceName=gateway-conformance-infra/cilium-gateway-same-namespace ipAddr=192.168.8.240
time=2026-03-08T05:56:49.909341883Z level=info source=/go/src/github.com/cilium/cilium/operator/pkg/gateway-api/gamma_reconcile.go:46 msg="Reconciling GAMMA service" module=operator.operator-controlplane.leader-lifecycle.gateway-api controller=gamma resource=gateway-conformance-infra/cilium-gateway-same-namespace
time=2026-03-08T05:56:49.915587093Z level=debug source=/go/src/github.com/cilium/cilium/operator/pkg/lbipam/lbipam.go:1646 msg="Updating pool counts" module=operator.operator-controlplane.leader-lifecycle.lbipam
time=2026-03-08T05:56:49.915671063Z level=debug source=/go/src/github.com/cilium/cilium/operator/pkg/lbipam/lbipam.go:1649 msg="Pool counts of 'pool' changed, patching" module=operator.operator-controlplane.leader-lifecycle.lbipam
time=2026-03-08T05:56:49.915589013Z level=info source=/go/src/github.com/cilium/cilium/operator/pkg/gateway-api/gamma_reconcile.go:46 msg="Reconciling GAMMA service" module=operator.operator-controlplane.leader-lifecycle.gateway-api controller=gamma resource=gateway-conformance-infra/cilium-gateway-same-namespace
time=2026-03-08T05:56:49.916172713Z level=debug source=/go/src/github.com/cilium/cilium/pkg/k8s/apis/cilium.io/v2/cec_types.go:193 msg="CEC unmarshaled XDS Resource" resource="[type.googleapis.com/envoy.config.listener.v3.Listener]:  {\n  name:  \"listener\"\n  filter_chains:  {\n    filter_chain_match:  {\n      transport_protocol:  \"raw_buffer\"\n    }\n    filters:  {\n      name:  \"envoy.filters.network.http_connection_manager\"\n      typed_config:  {\n        [type.googleapis.com/envoy.extensions.filters.network.http_connection_manager.v3.HttpConnectionManager]:  {\n          stat_prefix:  \"listener-insecure\"\n          rds:  {\n            route_config_name:  \"listener-insecure\"\n          }\n          http_filters:  {\n            name:  \"envoy.filters.http.grpc_web\"\n            typed_config:  {\n              [type.googleapis.com/envoy.extensions.filters.http.grpc_web.v3.GrpcWeb]:  {}\n            }\n          }\n          http_filters:  {\n            name:  \"envoy.filters.http.grpc_stats\"\n            typed_config:  {\n              [type.googleapis.com/envoy.extensions.filters.http.grpc_stats.v3.FilterConfig]:  {\n                emit_filter_state:  true\n                enable_upstream_stats:  true\n              }\n            }\n          }\n          http_filters:  {\n            name:  \"envoy.filters.http.router\"\n            typed_config:  {\n              [type.googleapis.com/envoy.extensions.filters.http.router.v3.Router]:  {}\n            }\n          }\n          common_http_protocol_options:  {\n            max_stream_duration:  {}\n          }\n          stream_idle_timeout:  {\n            seconds:  300\n          }\n          use_remote_address:  {\n            value:  true\n          }\n          internal_address_config:  {\n            cidr_ranges:  {\n              address_prefix:  \"10.0.0.0\"\n              prefix_len:  {\n                value:  8\n              }\n            }\n            cidr_ranges:  {\n              address_prefix:  \"172.16.0.0\"\n              prefix_len:  {\n                value:  12\n              }\n            }\n            cidr_ranges:  {\n              address_prefix:  \"192.168.0.0\"\n              prefix_len:  {\n                value:  16\n              }\n            }\n            cidr_ranges:  {\n              address_prefix:  \"127.0.0.1\"\n              prefix_len:  {\n                value:  32\n              }\n            }\n          }\n          upgrade_configs:  {\n            upgrade_type:  \"websocket\"\n          }\n        }\n      }\n    }\n  }\n  listener_filters:  {\n    name:  \"envoy.filters.listener.tls_inspector\"\n    typed_config:  {\n      [type.googleapis.com/envoy.extensions.filters.listener.tls_inspector.v3.TlsInspector]:  {}\n    }\n  }\n  socket_options:  {\n    description:  \"Enable TCP keep-alive (default to enabled)\"\n    level:  1\n    name:  9\n    int_value:  1\n  }\n  socket_options:  {\n    description:  \"TCP keep-alive idle time (in seconds) (defaults to 10s)\"\n    level:  6\n    name:  4\n    int_value:  10\n  }\n  socket_options:  {\n    description:  \"TCP keep-alive probe intervals (in seconds) (defaults to 5s)\"\n    level:  6\n    name:  5\n    int_value:  5\n  }\n  socket_options:  {\n    description:  \"TCP keep-alive probe max failures.\"\n    level:  6\n    name:  6\n    int_value:  10\n  }\n}\n"
time=2026-03-08T05:56:49.916220523Z level=debug source=/go/src/github.com/cilium/cilium/pkg/k8s/apis/cilium.io/v2/cec_types.go:193 msg="CEC unmarshaled XDS Resource" resource="[type.googleapis.com/envoy.config.listener.v3.Listener]:  {\n  name:  \"listener\"\n  filter_chains:  {\n    filter_chain_match:  {\n      transport_protocol:  \"raw_buffer\"\n    }\n    filters:  {\n      name:  \"envoy.filters.network.http_connection_manager\"\n      typed_config:  {\n        [type.googleapis.com/envoy.extensions.filters.network.http_connection_manager.v3.HttpConnectionManager]:  {\n          stat_prefix:  \"listener-insecure\"\n          rds:  {\n            route_config_name:  \"listener-insecure\"\n          }\n          http_filters:  {\n            name:  \"envoy.filters.http.grpc_web\"\n            typed_config:  {\n              [type.googleapis.com/envoy.extensions.filters.http.grpc_web.v3.GrpcWeb]:  {}\n            }\n          }\n          http_filters:  {\n            name:  \"envoy.filters.http.grpc_stats\"\n            typed_config:  {\n              [type.googleapis.com/envoy.extensions.filters.http.grpc_stats.v3.FilterConfig]:  {\n                emit_filter_state:  true\n                enable_upstream_stats:  true\n              }\n            }\n          }\n          http_filters:  {\n            name:  \"envoy.filters.http.router\"\n            typed_config:  {\n              [type.googleapis.com/envoy.extensions.filters.http.router.v3.Router]:  {}\n            }\n          }\n          common_http_protocol_options:  {\n            max_stream_duration:  {}\n          }\n          stream_idle_timeout:  {\n            seconds:  300\n          }\n          use_remote_address:  {\n            value:  true\n          }\n          internal_address_config:  {\n            cidr_ranges:  {\n              address_prefix:  \"10.0.0.0\"\n              prefix_len:  {\n                value:  8\n              }\n            }\n            cidr_ranges:  {\n              address_prefix:  \"172.16.0.0\"\n              prefix_len:  {\n                value:  12\n              }\n            }\n            cidr_ranges:  {\n              address_prefix:  \"192.168.0.0\"\n              prefix_len:  {\n                value:  16\n              }\n            }\n            cidr_ranges:  {\n              address_prefix:  \"127.0.0.1\"\n              prefix_len:  {\n                value:  32\n              }\n            }\n          }\n          upgrade_configs:  {\n            upgrade_type:  \"websocket\"\n          }\n        }\n      }\n    }\n  }\n  listener_filters:  {\n    name:  \"envoy.filters.listener.tls_inspector\"\n    typed_config:  {\n      [type.googleapis.com/envoy.extensions.filters.listener.tls_inspector.v3.TlsInspector]:  {}\n    }\n  }\n  socket_options:  {\n    description:  \"Enable TCP keep-alive (default to enabled)\"\n    level:  1\n    name:  9\n    int_value:  1\n  }\n  socket_options:  {\n    description:  \"TCP keep-alive idle time (in seconds) (defaults to 10s)\"\n    level:  6\n    name:  4\n    int_value:  10\n  }\n  socket_options:  {\n    description:  \"TCP keep-alive probe intervals (in seconds) (defaults to 5s)\"\n    level:  6\n    name:  5\n    int_value:  5\n  }\n  socket_options:  {\n    description:  \"TCP keep-alive probe max failures.\"\n    level:  6\n    name:  6\n    int_value:  10\n  }\n}\n"
time=2026-03-08T05:56:49.916313913Z level=debug source=/go/src/github.com/cilium/cilium/pkg/k8s/apis/cilium.io/v2/cec_types.go:193 msg="CEC unmarshaled XDS Resource" resource="[type.googleapis.com/envoy.config.route.v3.RouteConfiguration]:  {\n  name:  \"listener-insecure\"\n}\n"
time=2026-03-08T05:56:49.916409123Z level=info source=/go/src/github.com/cilium/cilium/operator/pkg/gateway-api/gateway_reconcile.go:458 msg="Checking address status for Gateway" module=operator.operator-controlplane.leader-lifecycle.gateway-api controller=gateway resource=gateway-conformance-infra/same-namespace
time=2026-03-08T05:56:49.916466093Z level=info source=/go/src/github.com/cilium/cilium/operator/pkg/gateway-api/gateway_reconcile.go:494 msg="At least one valid address, marking gateway programmed" module=operator.operator-controlplane.leader-lifecycle.gateway-api controller=gateway resource=gateway-conformance-infra/same-namespace
time=2026-03-08T05:56:49.916317263Z level=debug source=/go/src/github.com/cilium/cilium/pkg/k8s/apis/cilium.io/v2/cec_types.go:193 msg="CEC unmarshaled XDS Resource" resource="[type.googleapis.com/envoy.config.route.v3.RouteConfiguration]:  {\n  name:  \"listener-insecure\"\n}\n"
time=2026-03-08T05:56:49.922780523Z level=debug source=/go/src/github.com/cilium/cilium/operator/pkg/lbipam/lbipam.go:1646 msg="Updating pool counts" module=operator.operator-controlplane.leader-lifecycle.lbipam
time=2026-03-08T05:56:49.924700033Z level=info source=/go/src/github.com/cilium/cilium/operator/pkg/gateway-api/gateway_reconcile.go:262 msg="Successfully reconciled Gateway" module=operator.operator-controlplane.leader-lifecycle.gateway-api controller=gateway resource=gateway-conformance-infra/same-namespace
time=2026-03-08T05:56:49.924780833Z level=info source=/go/src/github.com/cilium/cilium/operator/pkg/gateway-api/gateway_reconcile.go:55 msg="Reconciling Gateway" module=operator.operator-controlplane.leader-lifecycle.gateway-api controller=gateway resource=gateway-conformance-infra/same-namespace-with-https-listener
time=2026-03-08T05:56:49.924950363Z level=debug source=/go/src/github.com/cilium/cilium/operator/pkg/gateway-api/gateway_reconcile.go:870 msg="Updating HTTPRoute statuses for Gateway" module=operator.operator-controlplane.leader-lifecycle.gateway-api controller=gateway resource=gateway-conformance-infra/same-namespace-with-https-listener numRoutes=0
time=2026-03-08T05:56:49.924979613Z level=debug source=/go/src/github.com/cilium/cilium/operator/pkg/gateway-api/gateway_reconcile.go:909 msg="Updating TLSRoute statuses for Gateway" module=operator.operator-controlplane.leader-lifecycle.gateway-api controller=gateway resource=gateway-conformance-infra/same-namespace-with-https-listener numRoutes=0
time=2026-03-08T05:56:49.924989603Z level=debug source=/go/src/github.com/cilium/cilium/operator/pkg/gateway-api/gateway_reconcile.go:943 msg="Updating GRPCRoute statuses for Gateway" module=operator.operator-controlplane.leader-lifecycle.gateway-api controller=gateway resource=gateway-conformance-infra/same-namespace-with-https-listener numRoutes=0
time=2026-03-08T05:56:49.924999293Z level=debug source=/go/src/github.com/cilium/cilium/operator/pkg/gateway-api/gateway_reconcile.go:982 msg="Updating BackendTLSPolicy statuses for Gateway" module=operator.operator-controlplane.leader-lifecycle.gateway-api controller=gateway resource=gateway-conformance-infra/same-namespace-with-https-listener policies=0
time=2026-03-08T05:56:49.925029243Z level=info source=/go/src/github.com/cilium/cilium/operator/pkg/gateway-api/gateway_reconcile.go:634 msg="Found an invalid TLS Secret" module=operator.operator-controlplane.leader-lifecycle.gateway-api controller=gateway error="Secret \"tls-validity-checks-certificate\" not found" resource=gateway-conformance-infra/same-namespace-with-https-listener
time=2026-03-08T05:56:49.925048013Z level=info source=/go/src/github.com/cilium/cilium/operator/pkg/gateway-api/gateway_reconcile.go:634 msg="Found an invalid TLS Secret" module=operator.operator-controlplane.leader-lifecycle.gateway-api controller=gateway error="Secret \"tls-validity-checks-certificate\" not found" resource=gateway-conformance-infra/same-namespace-with-https-listener
time=2026-03-08T05:56:49.925065983Z level=error source=/go/src/github.com/cilium/cilium/operator/pkg/gateway-api/gateway_reconcile.go:208 msg="No Accepted Listeners for Gateway" module=operator.operator-controlplane.leader-lifecycle.gateway-api controller=gateway resource=gateway-conformance-infra/same-namespace-with-https-listener error="No Accepted Listeners for Gateway"
time=2026-03-08T05:56:49.926759943Z level=debug source=/go/src/github.com/cilium/cilium/operator/pkg/lbipam/lbipam.go:1646 msg="Updating pool counts" module=operator.operator-controlplane.leader-lifecycle.lbipam
time=2026-03-08T05:56:49.926799673Z level=info source=/go/src/github.com/cilium/cilium/operator/pkg/gateway-api/gamma_reconcile.go:46 msg="Reconciling GAMMA service" module=operator.operator-controlplane.leader-lifecycle.gateway-api controller=gamma resource=gateway-conformance-infra/infra-backend-v1
time=2026-03-08T05:56:49.934709802Z level=error source=/go/src/github.com/cilium/cilium/vendor/github.com/go-logr/logr/logr.go:301 msg="Reconciler error" module=operator.operator-controlplane.leader-lifecycle.controller-runtime controller=gateway controllerGroup=gateway.networking.k8s.io controllerKind=Gateway Gateway.name=same-namespace-with-https-listener Gateway.namespace=gateway-conformance-infra namespace=gateway-conformance-infra name=same-namespace-with-https-listener reconcileID=652f5767-81df-4cfd-b081-c34c9b10be8e error="No Accepted Listeners for Gateway"
time=2026-03-08T05:56:49.934804102Z level=info source=/go/src/github.com/cilium/cilium/operator/pkg/gateway-api/gateway_reconcile.go:55 msg="Reconciling Gateway" module=operator.operator-controlplane.leader-lifecycle.gateway-api controller=gateway resource=gateway-conformance-infra/all-namespaces
time=2026-03-08T05:56:49.934944802Z level=debug source=/go/src/github.com/cilium/cilium/operator/pkg/gateway-api/gateway_reconcile.go:870 msg="Updating HTTPRoute statuses for Gateway" module=operator.operator-controlplane.leader-lifecycle.gateway-api controller=gateway resource=gateway-conformance-infra/all-namespaces numRoutes=0
time=2026-03-08T05:56:49.934963993Z level=debug source=/go/src/github.com/cilium/cilium/operator/pkg/gateway-api/gateway_reconcile.go:909 msg="Updating TLSRoute statuses for Gateway" module=operator.operator-controlplane.leader-lifecycle.gateway-api controller=gateway resource=gateway-conformance-infra/all-namespaces numRoutes=0
time=2026-03-08T05:56:49.934972882Z level=debug source=/go/src/github.com/cilium/cilium/operator/pkg/gateway-api/gateway_reconcile.go:943 msg="Updating GRPCRoute statuses for Gateway" module=operator.operator-controlplane.leader-lifecycle.gateway-api controller=gateway resource=gateway-conformance-infra/all-namespaces numRoutes=0
time=2026-03-08T05:56:49.934983002Z level=debug source=/go/src/github.com/cilium/cilium/operator/pkg/gateway-api/gateway_reconcile.go:982 msg="Updating BackendTLSPolicy statuses for Gateway" module=operator.operator-controlplane.leader-lifecycle.gateway-api controller=gateway resource=gateway-conformance-infra/all-namespaces policies=0
time=2026-03-08T05:56:49.934988942Z level=debug source=/go/src/github.com/cilium/cilium/operator/pkg/gateway-api/secretsync.go:53 msg="Enqueued secret for gateway" module=operator.operator-controlplane.leader-lifecycle.gateway-api resource=same-namespace-with-https-listener secret=gateway-conformance-infra/tls-validity-checks-certificate
time=2026-03-08T05:56:49.935012933Z level=debug source=/go/src/github.com/cilium/cilium/operator/pkg/gateway-api/secretsync.go:53 msg="Enqueued secret for gateway" module=operator.operator-controlplane.leader-lifecycle.gateway-api resource=same-namespace-with-https-listener secret=gateway-conformance-infra/tls-validity-checks-certificate
time=2026-03-08T05:56:49.935047922Z level=debug source=/go/src/github.com/cilium/cilium/operator/pkg/gateway-api/secretsync.go:53 msg="Enqueued secret for gateway" module=operator.operator-controlplane.leader-lifecycle.gateway-api resource=same-namespace-with-https-listener secret=gateway-conformance-infra/tls-validity-checks-certificate
time=2026-03-08T05:56:49.935058142Z level=debug source=/go/src/github.com/cilium/cilium/operator/pkg/gateway-api/secretsync.go:53 msg="Enqueued secret for gateway" module=operator.operator-controlplane.leader-lifecycle.gateway-api resource=same-namespace-with-https-listener secret=gateway-conformance-infra/tls-validity-checks-certificate
time=2026-03-08T05:56:49.935105473Z level=debug source=/go/src/github.com/cilium/cilium/operator/pkg/secretsync/secretsync_reconcile.go:32 msg="Reconciling secret" module=operator.operator-controlplane.leader-lifecycle.secret-sync resource=gateway-conformance-infra/tls-validity-checks-certificate
time=2026-03-08T05:56:49.935126753Z level=debug source=/go/src/github.com/cilium/cilium/operator/pkg/secretsync/secretsync_reconcile.go:37 msg="Unable to get Secret - either deleted or not yet available" module=operator.operator-controlplane.leader-lifecycle.secret-sync resource=gateway-conformance-infra/tls-validity-checks-certificate error="Secret \"tls-validity-checks-certificate\" not found"
time=2026-03-08T05:56:49.935144553Z level=debug source=/go/src/github.com/cilium/cilium/operator/pkg/secretsync/secretsync_reconcile.go:51 msg="Successfully reconciled Secret" module=operator.operator-controlplane.leader-lifecycle.secret-sync resource=gateway-conformance-infra/tls-validity-checks-certificate action=ignored
time=2026-03-08T05:56:49.945596493Z level=info source=/go/src/github.com/cilium/cilium/operator/pkg/gateway-api/gamma_reconcile.go:46 msg="Reconciling GAMMA service" module=operator.operator-controlplane.leader-lifecycle.gateway-api controller=gamma resource=gateway-conformance-infra/cilium-gateway-all-namespaces
time=2026-03-08T05:56:49.945645293Z level=info source=/go/src/github.com/cilium/cilium/operator/pkg/lbipam/lbipam.go:902 msg="Assigning Ingress IP" module=operator.operator-controlplane.leader-lifecycle.lbipam serviceName=gateway-conformance-infra/cilium-gateway-all-namespaces ipAddr=192.168.8.241
time=2026-03-08T05:56:49.946186422Z level=info source=/go/src/github.com/cilium/cilium/operator/pkg/gateway-api/gamma_reconcile.go:46 msg="Reconciling GAMMA service" module=operator.operator-controlplane.leader-lifecycle.gateway-api controller=gamma resource=gateway-conformance-infra/infra-backend-v2
time=2026-03-08T05:56:49.953961282Z level=debug source=/go/src/github.com/cilium/cilium/operator/pkg/lbipam/lbipam.go:1646 msg="Updating pool counts" module=operator.operator-controlplane.leader-lifecycle.lbipam
time=2026-03-08T05:56:49.954040592Z level=debug source=/go/src/github.com/cilium/cilium/operator/pkg/lbipam/lbipam.go:1649 msg="Pool counts of 'pool' changed, patching" module=operator.operator-controlplane.leader-lifecycle.lbipam
time=2026-03-08T05:56:49.954308002Z level=info source=/go/src/github.com/cilium/cilium/operator/pkg/gateway-api/gamma_reconcile.go:46 msg="Reconciling GAMMA service" module=operator.operator-controlplane.leader-lifecycle.gateway-api controller=gamma resource=gateway-conformance-infra/cilium-gateway-all-namespaces
time=2026-03-08T05:56:49.955118402Z level=debug source=/go/src/github.com/cilium/cilium/pkg/k8s/apis/cilium.io/v2/cec_types.go:193 msg="CEC unmarshaled XDS Resource" resource="[type.googleapis.com/envoy.config.listener.v3.Listener]:  {\n  name:  \"listener\"\n  filter_chains:  {\n    filter_chain_match:  {\n      transport_protocol:  \"raw_buffer\"\n    }\n    filters:  {\n      name:  \"envoy.filters.network.http_connection_manager\"\n      typed_config:  {\n        [type.googleapis.com/envoy.extensions.filters.network.http_connection_manager.v3.HttpConnectionManager]:  {\n          stat_prefix:  \"listener-insecure\"\n          rds:  {\n            route_config_name:  \"listener-insecure\"\n          }\n          http_filters:  {\n            name:  \"envoy.filters.http.grpc_web\"\n            typed_config:  {\n              [type.googleapis.com/envoy.extensions.filters.http.grpc_web.v3.GrpcWeb]:  {}\n            }\n          }\n          http_filters:  {\n            name:  \"envoy.filters.http.grpc_stats\"\n            typed_config:  {\n              [type.googleapis.com/envoy.extensions.filters.http.grpc_stats.v3.FilterConfig]:  {\n                emit_filter_state:  true\n                enable_upstream_stats:  true\n              }\n            }\n          }\n          http_filters:  {\n            name:  \"envoy.filters.http.router\"\n            typed_config:  {\n              [type.googleapis.com/envoy.extensions.filters.http.router.v3.Router]:  {}\n            }\n          }\n          common_http_protocol_options:  {\n            max_stream_duration:  {}\n          }\n          stream_idle_timeout:  {\n            seconds:  300\n          }\n          use_remote_address:  {\n            value:  true\n          }\n          internal_address_config:  {\n            cidr_ranges:  {\n              address_prefix:  \"10.0.0.0\"\n              prefix_len:  {\n                value:  8\n              }\n            }\n            cidr_ranges:  {\n              address_prefix:  \"172.16.0.0\"\n              prefix_len:  {\n                value:  12\n              }\n            }\n            cidr_ranges:  {\n              address_prefix:  \"192.168.0.0\"\n              prefix_len:  {\n                value:  16\n              }\n            }\n            cidr_ranges:  {\n              address_prefix:  \"127.0.0.1\"\n              prefix_len:  {\n                value:  32\n              }\n            }\n          }\n          upgrade_configs:  {\n            upgrade_type:  \"websocket\"\n          }\n        }\n      }\n    }\n  }\n  listener_filters:  {\n    name:  \"envoy.filters.listener.tls_inspector\"\n    typed_config:  {\n      [type.googleapis.com/envoy.extensions.filters.listener.tls_inspector.v3.TlsInspector]:  {}\n    }\n  }\n  socket_options:  {\n    description:  \"Enable TCP keep-alive (default to enabled)\"\n    level:  1\n    name:  9\n    int_value:  1\n  }\n  socket_options:  {\n    description:  \"TCP keep-alive idle time (in seconds) (defaults to 10s)\"\n    level:  6\n    name:  4\n    int_value:  10\n  }\n  socket_options:  {\n    description:  \"TCP keep-alive probe intervals (in seconds) (defaults to 5s)\"\n    level:  6\n    name:  5\n    int_value:  5\n  }\n  socket_options:  {\n    description:  \"TCP keep-alive probe max failures.\"\n    level:  6\n    name:  6\n    int_value:  10\n  }\n}\n"
time=2026-03-08T05:56:49.955211302Z level=debug source=/go/src/github.com/cilium/cilium/pkg/k8s/apis/cilium.io/v2/cec_types.go:193 msg="CEC unmarshaled XDS Resource" resource="[type.googleapis.com/envoy.config.route.v3.RouteConfiguration]:  {\n  name:  \"listener-insecure\"\n}\n"
time=2026-03-08T05:56:49.955296802Z level=debug source=/go/src/github.com/cilium/cilium/pkg/k8s/apis/cilium.io/v2/cec_types.go:193 msg="CEC unmarshaled XDS Resource" resource="[type.googleapis.com/envoy.config.listener.v3.Listener]:  {\n  name:  \"listener\"\n  filter_chains:  {\n    filter_chain_match:  {\n      transport_protocol:  \"raw_buffer\"\n    }\n    filters:  {\n      name:  \"envoy.filters.network.http_connection_manager\"\n      typed_config:  {\n        [type.googleapis.com/envoy.extensions.filters.network.http_connection_manager.v3.HttpConnectionManager]:  {\n          stat_prefix:  \"listener-insecure\"\n          rds:  {\n            route_config_name:  \"listener-insecure\"\n          }\n          http_filters:  {\n            name:  \"envoy.filters.http.grpc_web\"\n            typed_config:  {\n              [type.googleapis.com/envoy.extensions.filters.http.grpc_web.v3.GrpcWeb]:  {}\n            }\n          }\n          http_filters:  {\n            name:  \"envoy.filters.http.grpc_stats\"\n            typed_config:  {\n              [type.googleapis.com/envoy.extensions.filters.http.grpc_stats.v3.FilterConfig]:  {\n                emit_filter_state:  true\n                enable_upstream_stats:  true\n              }\n            }\n          }\n          http_filters:  {\n            name:  \"envoy.filters.http.router\"\n            typed_config:  {\n              [type.googleapis.com/envoy.extensions.filters.http.router.v3.Router]:  {}\n            }\n          }\n          common_http_protocol_options:  {\n            max_stream_duration:  {}\n          }\n          stream_idle_timeout:  {\n            seconds:  300\n          }\n          use_remote_address:  {\n            value:  true\n          }\n          internal_address_config:  {\n            cidr_ranges:  {\n              address_prefix:  \"10.0.0.0\"\n              prefix_len:  {\n                value:  8\n              }\n            }\n            cidr_ranges:  {\n              address_prefix:  \"172.16.0.0\"\n              prefix_len:  {\n                value:  12\n              }\n            }\n            cidr_ranges:  {\n              address_prefix:  \"192.168.0.0\"\n              prefix_len:  {\n                value:  16\n              }\n            }\n            cidr_ranges:  {\n              address_prefix:  \"127.0.0.1\"\n              prefix_len:  {\n                value:  32\n              }\n            }\n          }\n          upgrade_configs:  {\n            upgrade_type:  \"websocket\"\n          }\n        }\n      }\n    }\n  }\n  listener_filters:  {\n    name:  \"envoy.filters.listener.tls_inspector\"\n    typed_config:  {\n      [type.googleapis.com/envoy.extensions.filters.listener.tls_inspector.v3.TlsInspector]:  {}\n    }\n  }\n  socket_options:  {\n    description:  \"Enable TCP keep-alive (default to enabled)\"\n    level:  1\n    name:  9\n    int_value:  1\n  }\n  socket_options:  {\n    description:  \"TCP keep-alive idle time (in seconds) (defaults to 10s)\"\n    level:  6\n    name:  4\n    int_value:  10\n  }\n  socket_options:  {\n    description:  \"TCP keep-alive probe intervals (in seconds) (defaults to 5s)\"\n    level:  6\n    name:  5\n    int_value:  5\n  }\n  socket_options:  {\n    description:  \"TCP keep-alive probe max failures.\"\n    level:  6\n    name:  6\n    int_value:  10\n  }\n}\n"
time=2026-03-08T05:56:49.955423362Z level=debug source=/go/src/github.com/cilium/cilium/pkg/k8s/apis/cilium.io/v2/cec_types.go:193 msg="CEC unmarshaled XDS Resource" resource="[type.googleapis.com/envoy.config.route.v3.RouteConfiguration]:  {\n  name:  \"listener-insecure\"\n}\n"
time=2026-03-08T05:56:49.955459802Z level=info source=/go/src/github.com/cilium/cilium/operator/pkg/gateway-api/gateway_reconcile.go:458 msg="Checking address status for Gateway" module=operator.operator-controlplane.leader-lifecycle.gateway-api controller=gateway resource=gateway-conformance-infra/all-namespaces
time=2026-03-08T05:56:49.955520372Z level=info source=/go/src/github.com/cilium/cilium/operator/pkg/gateway-api/gateway_reconcile.go:494 msg="At least one valid address, marking gateway programmed" module=operator.operator-controlplane.leader-lifecycle.gateway-api controller=gateway resource=gateway-conformance-infra/all-namespaces
time=2026-03-08T05:56:49.961960942Z level=debug source=/go/src/github.com/cilium/cilium/operator/pkg/lbipam/lbipam.go:1646 msg="Updating pool counts" module=operator.operator-controlplane.leader-lifecycle.lbipam
time=2026-03-08T05:56:49.962039622Z level=debug source=/go/src/github.com/cilium/cilium/operator/pkg/lbipam/lbipam.go:1646 msg="Updating pool counts" module=operator.operator-controlplane.leader-lifecycle.lbipam
time=2026-03-08T05:56:49.965074562Z level=info source=/go/src/github.com/cilium/cilium/operator/pkg/gateway-api/gateway_reconcile.go:262 msg="Successfully reconciled Gateway" module=operator.operator-controlplane.leader-lifecycle.gateway-api controller=gateway resource=gateway-conformance-infra/all-namespaces
time=2026-03-08T05:56:49.965175702Z level=info source=/go/src/github.com/cilium/cilium/operator/pkg/gateway-api/gateway_reconcile.go:55 msg="Reconciling Gateway" module=operator.operator-controlplane.leader-lifecycle.gateway-api controller=gateway resource=gateway-conformance-infra/backend-namespaces
time=2026-03-08T05:56:49.965324992Z level=debug source=/go/src/github.com/cilium/cilium/operator/pkg/gateway-api/gateway_reconcile.go:870 msg="Updating HTTPRoute statuses for Gateway" module=operator.operator-controlplane.leader-lifecycle.gateway-api controller=gateway resource=gateway-conformance-infra/backend-namespaces numRoutes=0
time=2026-03-08T05:56:49.965354972Z level=debug source=/go/src/github.com/cilium/cilium/operator/pkg/gateway-api/gateway_reconcile.go:909 msg="Updating TLSRoute statuses for Gateway" module=operator.operator-controlplane.leader-lifecycle.gateway-api controller=gateway resource=gateway-conformance-infra/backend-namespaces numRoutes=0
time=2026-03-08T05:56:49.965368712Z level=debug source=/go/src/github.com/cilium/cilium/operator/pkg/gateway-api/gateway_reconcile.go:943 msg="Updating GRPCRoute statuses for Gateway" module=operator.operator-controlplane.leader-lifecycle.gateway-api controller=gateway resource=gateway-conformance-infra/backend-namespaces numRoutes=0
time=2026-03-08T05:56:49.965382272Z level=debug source=/go/src/github.com/cilium/cilium/operator/pkg/gateway-api/gateway_reconcile.go:982 msg="Updating BackendTLSPolicy statuses for Gateway" module=operator.operator-controlplane.leader-lifecycle.gateway-api controller=gateway resource=gateway-conformance-infra/backend-namespaces policies=0
time=2026-03-08T05:56:49.975428181Z level=debug source=/go/src/github.com/cilium/cilium/operator/pkg/lbipam/lbipam.go:1646 msg="Updating pool counts" module=operator.operator-controlplane.leader-lifecycle.lbipam
time=2026-03-08T05:56:49.975554912Z level=info source=/go/src/github.com/cilium/cilium/operator/pkg/gateway-api/gamma_reconcile.go:46 msg="Reconciling GAMMA service" module=operator.operator-controlplane.leader-lifecycle.gateway-api controller=gamma resource=gateway-conformance-infra/infra-backend-v3
time=2026-03-08T05:56:49.990972181Z level=info source=/go/src/github.com/cilium/cilium/operator/pkg/gateway-api/gamma_reconcile.go:46 msg="Reconciling GAMMA service" module=operator.operator-controlplane.leader-lifecycle.gateway-api controller=gamma resource=gateway-conformance-infra/cilium-gateway-backend-namespaces
time=2026-03-08T05:56:49.991142941Z level=info source=/go/src/github.com/cilium/cilium/operator/pkg/lbipam/lbipam.go:902 msg="Assigning Ingress IP" module=operator.operator-controlplane.leader-lifecycle.lbipam serviceName=gateway-conformance-infra/cilium-gateway-backend-namespaces ipAddr=192.168.8.242
time=2026-03-08T05:56:50.000783071Z level=info source=/go/src/github.com/cilium/cilium/operator/pkg/gateway-api/gamma_reconcile.go:46 msg="Reconciling GAMMA service" module=operator.operator-controlplane.leader-lifecycle.gateway-api controller=gamma resource=gateway-conformance-infra/cilium-gateway-backend-namespaces
time=2026-03-08T05:56:50.000956051Z level=debug source=/go/src/github.com/cilium/cilium/operator/pkg/lbipam/lbipam.go:1646 msg="Updating pool counts" module=operator.operator-controlplane.leader-lifecycle.lbipam
time=2026-03-08T05:56:50.001010421Z level=debug source=/go/src/github.com/cilium/cilium/operator/pkg/lbipam/lbipam.go:1649 msg="Pool counts of 'pool' changed, patching" module=operator.operator-controlplane.leader-lifecycle.lbipam
time=2026-03-08T05:56:50.001871641Z level=debug source=/go/src/github.com/cilium/cilium/pkg/k8s/apis/cilium.io/v2/cec_types.go:193 msg="CEC unmarshaled XDS Resource" resource="[type.googleapis.com/envoy.config.listener.v3.Listener]:  {\n  name:  \"listener\"\n  filter_chains:  {\n    filter_chain_match:  {\n      transport_protocol:  \"raw_buffer\"\n    }\n    filters:  {\n      name:  \"envoy.filters.network.http_connection_manager\"\n      typed_config:  {\n        [type.googleapis.com/envoy.extensions.filters.network.http_connection_manager.v3.HttpConnectionManager]:  {\n          stat_prefix:  \"listener-insecure\"\n          rds:  {\n            route_config_name:  \"listener-insecure\"\n          }\n          http_filters:  {\n            name:  \"envoy.filters.http.grpc_web\"\n            typed_config:  {\n              [type.googleapis.com/envoy.extensions.filters.http.grpc_web.v3.GrpcWeb]:  {}\n            }\n          }\n          http_filters:  {\n            name:  \"envoy.filters.http.grpc_stats\"\n            typed_config:  {\n              [type.googleapis.com/envoy.extensions.filters.http.grpc_stats.v3.FilterConfig]:  {\n                emit_filter_state:  true\n                enable_upstream_stats:  true\n              }\n            }\n          }\n          http_filters:  {\n            name:  \"envoy.filters.http.router\"\n            typed_config:  {\n              [type.googleapis.com/envoy.extensions.filters.http.router.v3.Router]:  {}\n            }\n          }\n          common_http_protocol_options:  {\n            max_stream_duration:  {}\n          }\n          stream_idle_timeout:  {\n            seconds:  300\n          }\n          use_remote_address:  {\n            value:  true\n          }\n          internal_address_config:  {\n            cidr_ranges:  {\n              address_prefix:  \"10.0.0.0\"\n              prefix_len:  {\n                value:  8\n              }\n            }\n            cidr_ranges:  {\n              address_prefix:  \"172.16.0.0\"\n              prefix_len:  {\n                value:  12\n              }\n            }\n            cidr_ranges:  {\n              address_prefix:  \"192.168.0.0\"\n              prefix_len:  {\n                value:  16\n              }\n            }\n            cidr_ranges:  {\n              address_prefix:  \"127.0.0.1\"\n              prefix_len:  {\n                value:  32\n              }\n            }\n          }\n          upgrade_configs:  {\n            upgrade_type:  \"websocket\"\n          }\n        }\n      }\n    }\n  }\n  listener_filters:  {\n    name:  \"envoy.filters.listener.tls_inspector\"\n    typed_config:  {\n      [type.googleapis.com/envoy.extensions.filters.listener.tls_inspector.v3.TlsInspector]:  {}\n    }\n  }\n  socket_options:  {\n    description:  \"Enable TCP keep-alive (default to enabled)\"\n    level:  1\n    name:  9\n    int_value:  1\n  }\n  socket_options:  {\n    description:  \"TCP keep-alive idle time (in seconds) (defaults to 10s)\"\n    level:  6\n    name:  4\n    int_value:  10\n  }\n  socket_options:  {\n    description:  \"TCP keep-alive probe intervals (in seconds) (defaults to 5s)\"\n    level:  6\n    name:  5\n    int_value:  5\n  }\n  socket_options:  {\n    description:  \"TCP keep-alive probe max failures.\"\n    level:  6\n    name:  6\n    int_value:  10\n  }\n}\n"
time=2026-03-08T05:56:50.001978931Z level=debug source=/go/src/github.com/cilium/cilium/pkg/k8s/apis/cilium.io/v2/cec_types.go:193 msg="CEC unmarshaled XDS Resource" resource="[type.googleapis.com/envoy.config.route.v3.RouteConfiguration]:  {\n  name:  \"listener-insecure\"\n}\n"
time=2026-03-08T05:56:50.002012781Z level=info source=/go/src/github.com/cilium/cilium/operator/pkg/gateway-api/gateway_reconcile.go:458 msg="Checking address status for Gateway" module=operator.operator-controlplane.leader-lifecycle.gateway-api controller=gateway resource=gateway-conformance-infra/backend-namespaces
time=2026-03-08T05:56:50.002061801Z level=info source=/go/src/github.com/cilium/cilium/operator/pkg/gateway-api/gateway_reconcile.go:494 msg="At least one valid address, marking gateway programmed" module=operator.operator-controlplane.leader-lifecycle.gateway-api controller=gateway resource=gateway-conformance-infra/backend-namespaces
time=2026-03-08T05:56:50.002127201Z level=debug source=/go/src/github.com/cilium/cilium/pkg/k8s/apis/cilium.io/v2/cec_types.go:193 msg="CEC unmarshaled XDS Resource" resource="[type.googleapis.com/envoy.config.listener.v3.Listener]:  {\n  name:  \"listener\"\n  filter_chains:  {\n    filter_chain_match:  {\n      transport_protocol:  \"raw_buffer\"\n    }\n    filters:  {\n      name:  \"envoy.filters.network.http_connection_manager\"\n      typed_config:  {\n        [type.googleapis.com/envoy.extensions.filters.network.http_connection_manager.v3.HttpConnectionManager]:  {\n          stat_prefix:  \"listener-insecure\"\n          rds:  {\n            route_config_name:  \"listener-insecure\"\n          }\n          http_filters:  {\n            name:  \"envoy.filters.http.grpc_web\"\n            typed_config:  {\n              [type.googleapis.com/envoy.extensions.filters.http.grpc_web.v3.GrpcWeb]:  {}\n            }\n          }\n          http_filters:  {\n            name:  \"envoy.filters.http.grpc_stats\"\n            typed_config:  {\n              [type.googleapis.com/envoy.extensions.filters.http.grpc_stats.v3.FilterConfig]:  {\n                emit_filter_state:  true\n                enable_upstream_stats:  true\n              }\n            }\n          }\n          http_filters:  {\n            name:  \"envoy.filters.http.router\"\n            typed_config:  {\n              [type.googleapis.com/envoy.extensions.filters.http.router.v3.Router]:  {}\n            }\n          }\n          common_http_protocol_options:  {\n            max_stream_duration:  {}\n          }\n          stream_idle_timeout:  {\n            seconds:  300\n          }\n          use_remote_address:  {\n            value:  true\n          }\n          internal_address_config:  {\n            cidr_ranges:  {\n              address_prefix:  \"10.0.0.0\"\n              prefix_len:  {\n                value:  8\n              }\n            }\n            cidr_ranges:  {\n              address_prefix:  \"172.16.0.0\"\n              prefix_len:  {\n                value:  12\n              }\n            }\n            cidr_ranges:  {\n              address_prefix:  \"192.168.0.0\"\n              prefix_len:  {\n                value:  16\n              }\n            }\n            cidr_ranges:  {\n              address_prefix:  \"127.0.0.1\"\n              prefix_len:  {\n                value:  32\n              }\n            }\n          }\n          upgrade_configs:  {\n            upgrade_type:  \"websocket\"\n          }\n        }\n      }\n    }\n  }\n  listener_filters:  {\n    name:  \"envoy.filters.listener.tls_inspector\"\n    typed_config:  {\n      [type.googleapis.com/envoy.extensions.filters.listener.tls_inspector.v3.TlsInspector]:  {}\n    }\n  }\n  socket_options:  {\n    description:  \"Enable TCP keep-alive (default to enabled)\"\n    level:  1\n    name:  9\n    int_value:  1\n  }\n  socket_options:  {\n    description:  \"TCP keep-alive idle time (in seconds) (defaults to 10s)\"\n    level:  6\n    name:  4\n    int_value:  10\n  }\n  socket_options:  {\n    description:  \"TCP keep-alive probe intervals (in seconds) (defaults to 5s)\"\n    level:  6\n    name:  5\n    int_value:  5\n  }\n  socket_options:  {\n    description:  \"TCP keep-alive probe max failures.\"\n    level:  6\n    name:  6\n    int_value:  10\n  }\n}\n"
time=2026-03-08T05:56:50.002240091Z level=debug source=/go/src/github.com/cilium/cilium/pkg/k8s/apis/cilium.io/v2/cec_types.go:193 msg="CEC unmarshaled XDS Resource" resource="[type.googleapis.com/envoy.config.route.v3.RouteConfiguration]:  {\n  name:  \"listener-insecure\"\n}\n"
time=2026-03-08T05:56:50.008924861Z level=info source=/go/src/github.com/cilium/cilium/operator/pkg/gateway-api/gamma_reconcile.go:46 msg="Reconciling GAMMA service" module=operator.operator-controlplane.leader-lifecycle.gateway-api controller=gamma resource=gateway-conformance-infra/tls-backend
time=2026-03-08T05:56:50.013223201Z level=info source=/go/src/github.com/cilium/cilium/operator/pkg/gateway-api/gateway_reconcile.go:262 msg="Successfully reconciled Gateway" module=operator.operator-controlplane.leader-lifecycle.gateway-api controller=gateway resource=gateway-conformance-infra/backend-namespaces
time=2026-03-08T05:56:50.013391541Z level=info source=/go/src/github.com/cilium/cilium/operator/pkg/gateway-api/gateway_reconcile.go:55 msg="Reconciling Gateway" module=operator.operator-controlplane.leader-lifecycle.gateway-api controller=gateway resource=gateway-conformance-infra/same-namespace
time=2026-03-08T05:56:50.013588921Z level=debug source=/go/src/github.com/cilium/cilium/operator/pkg/lbipam/lbipam.go:1646 msg="Updating pool counts" module=operator.operator-controlplane.leader-lifecycle.lbipam
time=2026-03-08T05:56:50.013626981Z level=debug source=/go/src/github.com/cilium/cilium/operator/pkg/gateway-api/gateway_reconcile.go:870 msg="Updating HTTPRoute statuses for Gateway" module=operator.operator-controlplane.leader-lifecycle.gateway-api controller=gateway resource=gateway-conformance-infra/same-namespace numRoutes=0
time=2026-03-08T05:56:50.013652821Z level=debug source=/go/src/github.com/cilium/cilium/operator/pkg/gateway-api/gateway_reconcile.go:909 msg="Updating TLSRoute statuses for Gateway" module=operator.operator-controlplane.leader-lifecycle.gateway-api controller=gateway resource=gateway-conformance-infra/same-namespace numRoutes=0
time=2026-03-08T05:56:50.013662841Z level=debug source=/go/src/github.com/cilium/cilium/operator/pkg/gateway-api/gateway_reconcile.go:943 msg="Updating GRPCRoute statuses for Gateway" module=operator.operator-controlplane.leader-lifecycle.gateway-api controller=gateway resource=gateway-conformance-infra/same-namespace numRoutes=0
time=2026-03-08T05:56:50.013673181Z level=debug source=/go/src/github.com/cilium/cilium/operator/pkg/gateway-api/gateway_reconcile.go:982 msg="Updating BackendTLSPolicy statuses for Gateway" module=operator.operator-controlplane.leader-lifecycle.gateway-api controller=gateway resource=gateway-conformance-infra/same-namespace policies=0
time=2026-03-08T05:56:50.013694641Z level=debug source=/go/src/github.com/cilium/cilium/operator/pkg/lbipam/lbipam.go:1646 msg="Updating pool counts" module=operator.operator-controlplane.leader-lifecycle.lbipam
time=2026-03-08T05:56:50.02202142Z level=info source=/go/src/github.com/cilium/cilium/operator/pkg/gateway-api/gateway_reconcile.go:458 msg="Checking address status for Gateway" module=operator.operator-controlplane.leader-lifecycle.gateway-api controller=gateway resource=gateway-conformance-infra/same-namespace
time=2026-03-08T05:56:50.02211409Z level=info source=/go/src/github.com/cilium/cilium/operator/pkg/gateway-api/gateway_reconcile.go:494 msg="At least one valid address, marking gateway programmed" module=operator.operator-controlplane.leader-lifecycle.gateway-api controller=gateway resource=gateway-conformance-infra/same-namespace
time=2026-03-08T05:56:50.02228559Z level=info source=/go/src/github.com/cilium/cilium/operator/pkg/gateway-api/gateway_reconcile.go:262 msg="Successfully reconciled Gateway" module=operator.operator-controlplane.leader-lifecycle.gateway-api controller=gateway resource=gateway-conformance-infra/same-namespace
time=2026-03-08T05:56:50.02237356Z level=info source=/go/src/github.com/cilium/cilium/operator/pkg/gateway-api/gateway_reconcile.go:55 msg="Reconciling Gateway" module=operator.operator-controlplane.leader-lifecycle.gateway-api controller=gateway resource=gateway-conformance-infra/same-namespace-with-https-listener
time=2026-03-08T05:56:50.0225367Z level=debug source=/go/src/github.com/cilium/cilium/operator/pkg/gateway-api/gateway_reconcile.go:870 msg="Updating HTTPRoute statuses for Gateway" module=operator.operator-controlplane.leader-lifecycle.gateway-api controller=gateway resource=gateway-conformance-infra/same-namespace-with-https-listener numRoutes=0
time=2026-03-08T05:56:50.02255659Z level=debug source=/go/src/github.com/cilium/cilium/operator/pkg/gateway-api/gateway_reconcile.go:909 msg="Updating TLSRoute statuses for Gateway" module=operator.operator-controlplane.leader-lifecycle.gateway-api controller=gateway resource=gateway-conformance-infra/same-namespace-with-https-listener numRoutes=0
time=2026-03-08T05:56:50.02256535Z level=debug source=/go/src/github.com/cilium/cilium/operator/pkg/gateway-api/gateway_reconcile.go:943 msg="Updating GRPCRoute statuses for Gateway" module=operator.operator-controlplane.leader-lifecycle.gateway-api controller=gateway resource=gateway-conformance-infra/same-namespace-with-https-listener numRoutes=0
time=2026-03-08T05:56:50.02257533Z level=debug source=/go/src/github.com/cilium/cilium/operator/pkg/gateway-api/gateway_reconcile.go:982 msg="Updating BackendTLSPolicy statuses for Gateway" module=operator.operator-controlplane.leader-lifecycle.gateway-api controller=gateway resource=gateway-conformance-infra/same-namespace-with-https-listener policies=0
time=2026-03-08T05:56:50.02260695Z level=info source=/go/src/github.com/cilium/cilium/operator/pkg/gateway-api/gateway_reconcile.go:634 msg="Found an invalid TLS Secret" module=operator.operator-controlplane.leader-lifecycle.gateway-api controller=gateway error="Secret \"tls-validity-checks-certificate\" not found" resource=gateway-conformance-infra/same-namespace-with-https-listener
time=2026-03-08T05:56:50.02263579Z level=info source=/go/src/github.com/cilium/cilium/operator/pkg/gateway-api/gateway_reconcile.go:634 msg="Found an invalid TLS Secret" module=operator.operator-controlplane.leader-lifecycle.gateway-api controller=gateway error="Secret \"tls-validity-checks-certificate\" not found" resource=gateway-conformance-infra/same-namespace-with-https-listener
time=2026-03-08T05:56:50.0226502Z level=error source=/go/src/github.com/cilium/cilium/operator/pkg/gateway-api/gateway_reconcile.go:208 msg="No Accepted Listeners for Gateway" module=operator.operator-controlplane.leader-lifecycle.gateway-api controller=gateway resource=gateway-conformance-infra/same-namespace-with-https-listener error="No Accepted Listeners for Gateway"
time=2026-03-08T05:56:50.02282573Z level=error source=/go/src/github.com/cilium/cilium/vendor/github.com/go-logr/logr/logr.go:301 msg="Reconciler error" module=operator.operator-controlplane.leader-lifecycle.controller-runtime controller=gateway controllerGroup=gateway.networking.k8s.io controllerKind=Gateway Gateway.name=same-namespace-with-https-listener Gateway.namespace=gateway-conformance-infra namespace=gateway-conformance-infra name=same-namespace-with-https-listener reconcileID=1f176ddc-e708-4d34-b651-d4cd0ae715d7 error="No Accepted Listeners for Gateway"
time=2026-03-08T05:56:50.02287062Z level=info source=/go/src/github.com/cilium/cilium/operator/pkg/gateway-api/gateway_reconcile.go:55 msg="Reconciling Gateway" module=operator.operator-controlplane.leader-lifecycle.gateway-api controller=gateway resource=gateway-conformance-infra/all-namespaces
time=2026-03-08T05:56:50.02296537Z level=debug source=/go/src/github.com/cilium/cilium/operator/pkg/gateway-api/gateway_reconcile.go:870 msg="Updating HTTPRoute statuses for Gateway" module=operator.operator-controlplane.leader-lifecycle.gateway-api controller=gateway resource=gateway-conformance-infra/all-namespaces numRoutes=0
time=2026-03-08T05:56:50.02298177Z level=debug source=/go/src/github.com/cilium/cilium/operator/pkg/gateway-api/gateway_reconcile.go:909 msg="Updating TLSRoute statuses for Gateway" module=operator.operator-controlplane.leader-lifecycle.gateway-api controller=gateway resource=gateway-conformance-infra/all-namespaces numRoutes=0
time=2026-03-08T05:56:50.02299002Z level=debug source=/go/src/github.com/cilium/cilium/operator/pkg/gateway-api/gateway_reconcile.go:943 msg="Updating GRPCRoute statuses for Gateway" module=operator.operator-controlplane.leader-lifecycle.gateway-api controller=gateway resource=gateway-conformance-infra/all-namespaces numRoutes=0
time=2026-03-08T05:56:50.0229986Z level=debug source=/go/src/github.com/cilium/cilium/operator/pkg/gateway-api/gateway_reconcile.go:982 msg="Updating BackendTLSPolicy statuses for Gateway" module=operator.operator-controlplane.leader-lifecycle.gateway-api controller=gateway resource=gateway-conformance-infra/all-namespaces policies=0
time=2026-03-08T05:56:50.02757781Z level=info source=/go/src/github.com/cilium/cilium/operator/pkg/gateway-api/gateway_reconcile.go:458 msg="Checking address status for Gateway" module=operator.operator-controlplane.leader-lifecycle.gateway-api controller=gateway resource=gateway-conformance-infra/all-namespaces
time=2026-03-08T05:56:50.02768517Z level=info source=/go/src/github.com/cilium/cilium/operator/pkg/gateway-api/gateway_reconcile.go:494 msg="At least one valid address, marking gateway programmed" module=operator.operator-controlplane.leader-lifecycle.gateway-api controller=gateway resource=gateway-conformance-infra/all-namespaces
time=2026-03-08T05:56:50.02783092Z level=info source=/go/src/github.com/cilium/cilium/operator/pkg/gateway-api/gateway_reconcile.go:262 msg="Successfully reconciled Gateway" module=operator.operator-controlplane.leader-lifecycle.gateway-api controller=gateway resource=gateway-conformance-infra/all-namespaces
time=2026-03-08T05:56:50.02794186Z level=info source=/go/src/github.com/cilium/cilium/operator/pkg/gateway-api/gateway_reconcile.go:55 msg="Reconciling Gateway" module=operator.operator-controlplane.leader-lifecycle.gateway-api controller=gateway resource=gateway-conformance-infra/backend-namespaces
time=2026-03-08T05:56:50.02812798Z level=debug source=/go/src/github.com/cilium/cilium/operator/pkg/gateway-api/gateway_reconcile.go:870 msg="Updating HTTPRoute statuses for Gateway" module=operator.operator-controlplane.leader-lifecycle.gateway-api controller=gateway resource=gateway-conformance-infra/backend-namespaces numRoutes=0
time=2026-03-08T05:56:50.02815099Z level=debug source=/go/src/github.com/cilium/cilium/operator/pkg/gateway-api/gateway_reconcile.go:909 msg="Updating TLSRoute statuses for Gateway" module=operator.operator-controlplane.leader-lifecycle.gateway-api controller=gateway resource=gateway-conformance-infra/backend-namespaces numRoutes=0
time=2026-03-08T05:56:50.02816701Z level=debug source=/go/src/github.com/cilium/cilium/operator/pkg/gateway-api/gateway_reconcile.go:943 msg="Updating GRPCRoute statuses for Gateway" module=operator.operator-controlplane.leader-lifecycle.gateway-api controller=gateway resource=gateway-conformance-infra/backend-namespaces numRoutes=0
time=2026-03-08T05:56:50.02818366Z level=debug source=/go/src/github.com/cilium/cilium/operator/pkg/gateway-api/gateway_reconcile.go:982 msg="Updating BackendTLSPolicy statuses for Gateway" module=operator.operator-controlplane.leader-lifecycle.gateway-api controller=gateway resource=gateway-conformance-infra/backend-namespaces policies=0
time=2026-03-08T05:56:50.03314568Z level=info source=/go/src/github.com/cilium/cilium/operator/pkg/gateway-api/gateway_reconcile.go:458 msg="Checking address status for Gateway" module=operator.operator-controlplane.leader-lifecycle.gateway-api controller=gateway resource=gateway-conformance-infra/backend-namespaces
time=2026-03-08T05:56:50.033207891Z level=info source=/go/src/github.com/cilium/cilium/operator/pkg/gateway-api/gateway_reconcile.go:494 msg="At least one valid address, marking gateway programmed" module=operator.operator-controlplane.leader-lifecycle.gateway-api controller=gateway resource=gateway-conformance-infra/backend-namespaces
time=2026-03-08T05:56:50.0333613Z level=info source=/go/src/github.com/cilium/cilium/operator/pkg/gateway-api/gateway_reconcile.go:262 msg="Successfully reconciled Gateway" module=operator.operator-controlplane.leader-lifecycle.gateway-api controller=gateway resource=gateway-conformance-infra/backend-namespaces
time=2026-03-08T05:56:50.033451671Z level=info source=/go/src/github.com/cilium/cilium/operator/pkg/gateway-api/gateway_reconcile.go:55 msg="Reconciling Gateway" module=operator.operator-controlplane.leader-lifecycle.gateway-api controller=gateway resource=gateway-conformance-infra/all-namespaces
time=2026-03-08T05:56:50.033635431Z level=debug source=/go/src/github.com/cilium/cilium/operator/pkg/gateway-api/gateway_reconcile.go:870 msg="Updating HTTPRoute statuses for Gateway" module=operator.operator-controlplane.leader-lifecycle.gateway-api controller=gateway resource=gateway-conformance-infra/all-namespaces numRoutes=0
time=2026-03-08T05:56:50.03366272Z level=debug source=/go/src/github.com/cilium/cilium/operator/pkg/gateway-api/gateway_reconcile.go:909 msg="Updating TLSRoute statuses for Gateway" module=operator.operator-controlplane.leader-lifecycle.gateway-api controller=gateway resource=gateway-conformance-infra/all-namespaces numRoutes=0
time=2026-03-08T05:56:50.03367832Z level=debug source=/go/src/github.com/cilium/cilium/operator/pkg/gateway-api/gateway_reconcile.go:943 msg="Updating GRPCRoute statuses for Gateway" module=operator.operator-controlplane.leader-lifecycle.gateway-api controller=gateway resource=gateway-conformance-infra/all-namespaces numRoutes=0
time=2026-03-08T05:56:50.03369314Z level=debug source=/go/src/github.com/cilium/cilium/operator/pkg/gateway-api/gateway_reconcile.go:982 msg="Updating BackendTLSPolicy statuses for Gateway" module=operator.operator-controlplane.leader-lifecycle.gateway-api controller=gateway resource=gateway-conformance-infra/all-namespaces policies=0
time=2026-03-08T05:56:50.03757598Z level=debug source=/go/src/github.com/cilium/cilium/operator/pkg/secretsync/configmapsync_reconcile.go:32 msg="Reconciling ConfigMap" module=operator.operator-controlplane.leader-lifecycle.secret-sync resource=gateway-conformance-app-backend/kube-root-ca.crt
time=2026-03-08T05:56:50.03765116Z level=debug source=/go/src/github.com/cilium/cilium/operator/pkg/secretsync/configmapsync_reconcile.go:102 msg="Successfully reconciled ConfigMap" module=operator.operator-controlplane.leader-lifecycle.secret-sync resource=gateway-conformance-app-backend/kube-root-ca.crt action=ignored
time=2026-03-08T05:56:50.04030729Z level=info source=/go/src/github.com/cilium/cilium/operator/pkg/gateway-api/gateway_reconcile.go:458 msg="Checking address status for Gateway" module=operator.operator-controlplane.leader-lifecycle.gateway-api controller=gateway resource=gateway-conformance-infra/all-namespaces
time=2026-03-08T05:56:50.04039905Z level=info source=/go/src/github.com/cilium/cilium/operator/pkg/gateway-api/gateway_reconcile.go:494 msg="At least one valid address, marking gateway programmed" module=operator.operator-controlplane.leader-lifecycle.gateway-api controller=gateway resource=gateway-conformance-infra/all-namespaces
time=2026-03-08T05:56:50.04051454Z level=info source=/go/src/github.com/cilium/cilium/operator/pkg/gateway-api/gateway_reconcile.go:262 msg="Successfully reconciled Gateway" module=operator.operator-controlplane.leader-lifecycle.gateway-api controller=gateway resource=gateway-conformance-infra/all-namespaces
time=2026-03-08T05:56:50.04059691Z level=info source=/go/src/github.com/cilium/cilium/operator/pkg/gateway-api/gateway_reconcile.go:55 msg="Reconciling Gateway" module=operator.operator-controlplane.leader-lifecycle.gateway-api controller=gateway resource=gateway-conformance-infra/backend-namespaces
time=2026-03-08T05:56:50.04075168Z level=debug source=/go/src/github.com/cilium/cilium/operator/pkg/gateway-api/gateway_reconcile.go:870 msg="Updating HTTPRoute statuses for Gateway" module=operator.operator-controlplane.leader-lifecycle.gateway-api controller=gateway resource=gateway-conformance-infra/backend-namespaces numRoutes=0
time=2026-03-08T05:56:50.04076857Z level=debug source=/go/src/github.com/cilium/cilium/operator/pkg/gateway-api/gateway_reconcile.go:909 msg="Updating TLSRoute statuses for Gateway" module=operator.operator-controlplane.leader-lifecycle.gateway-api controller=gateway resource=gateway-conformance-infra/backend-namespaces numRoutes=0
time=2026-03-08T05:56:50.04077818Z level=debug source=/go/src/github.com/cilium/cilium/operator/pkg/gateway-api/gateway_reconcile.go:943 msg="Updating GRPCRoute statuses for Gateway" module=operator.operator-controlplane.leader-lifecycle.gateway-api controller=gateway resource=gateway-conformance-infra/backend-namespaces numRoutes=0
time=2026-03-08T05:56:50.04078758Z level=debug source=/go/src/github.com/cilium/cilium/operator/pkg/gateway-api/gateway_reconcile.go:982 msg="Updating BackendTLSPolicy statuses for Gateway" module=operator.operator-controlplane.leader-lifecycle.gateway-api controller=gateway resource=gateway-conformance-infra/backend-namespaces policies=0
time=2026-03-08T05:56:50.04502917Z level=info source=/go/src/github.com/cilium/cilium/operator/pkg/gateway-api/gateway_reconcile.go:458 msg="Checking address status for Gateway" module=operator.operator-controlplane.leader-lifecycle.gateway-api controller=gateway resource=gateway-conformance-infra/backend-namespaces
time=2026-03-08T05:56:50.04508135Z level=info source=/go/src/github.com/cilium/cilium/operator/pkg/gateway-api/gateway_reconcile.go:494 msg="At least one valid address, marking gateway programmed" module=operator.operator-controlplane.leader-lifecycle.gateway-api controller=gateway resource=gateway-conformance-infra/backend-namespaces
time=2026-03-08T05:56:50.04518077Z level=info source=/go/src/github.com/cilium/cilium/operator/pkg/gateway-api/gateway_reconcile.go:262 msg="Successfully reconciled Gateway" module=operator.operator-controlplane.leader-lifecycle.gateway-api controller=gateway resource=gateway-conformance-infra/backend-namespaces
time=2026-03-08T05:56:50.04525318Z level=info source=/go/src/github.com/cilium/cilium/operator/pkg/gateway-api/gateway_reconcile.go:55 msg="Reconciling Gateway" module=operator.operator-controlplane.leader-lifecycle.gateway-api controller=gateway resource=gateway-conformance-infra/same-namespace-with-https-listener
time=2026-03-08T05:56:50.04539168Z level=debug source=/go/src/github.com/cilium/cilium/operator/pkg/gateway-api/gateway_reconcile.go:870 msg="Updating HTTPRoute statuses for Gateway" module=operator.operator-controlplane.leader-lifecycle.gateway-api controller=gateway resource=gateway-conformance-infra/same-namespace-with-https-listener numRoutes=0
time=2026-03-08T05:56:50.04540785Z level=debug source=/go/src/github.com/cilium/cilium/operator/pkg/gateway-api/gateway_reconcile.go:909 msg="Updating TLSRoute statuses for Gateway" module=operator.operator-controlplane.leader-lifecycle.gateway-api controller=gateway resource=gateway-conformance-infra/same-namespace-with-https-listener numRoutes=0
time=2026-03-08T05:56:50.04541876Z level=debug source=/go/src/github.com/cilium/cilium/operator/pkg/gateway-api/gateway_reconcile.go:943 msg="Updating GRPCRoute statuses for Gateway" module=operator.operator-controlplane.leader-lifecycle.gateway-api controller=gateway resource=gateway-conformance-infra/same-namespace-with-https-listener numRoutes=0
time=2026-03-08T05:56:50.04542824Z level=debug source=/go/src/github.com/cilium/cilium/operator/pkg/gateway-api/gateway_reconcile.go:982 msg="Updating BackendTLSPolicy statuses for Gateway" module=operator.operator-controlplane.leader-lifecycle.gateway-api controller=gateway resource=gateway-conformance-infra/same-namespace-with-https-listener policies=0
time=2026-03-08T05:56:50.04545418Z level=info source=/go/src/github.com/cilium/cilium/operator/pkg/gateway-api/gateway_reconcile.go:634 msg="Found an invalid TLS Secret" module=operator.operator-controlplane.leader-lifecycle.gateway-api controller=gateway error="Secret \"tls-validity-checks-certificate\" not found" resource=gateway-conformance-infra/same-namespace-with-https-listener
time=2026-03-08T05:56:50.04547222Z level=info source=/go/src/github.com/cilium/cilium/operator/pkg/gateway-api/gateway_reconcile.go:634 msg="Found an invalid TLS Secret" module=operator.operator-controlplane.leader-lifecycle.gateway-api controller=gateway error="Secret \"tls-validity-checks-certificate\" not found" resource=gateway-conformance-infra/same-namespace-with-https-listener
time=2026-03-08T05:56:50.04544116Z level=debug source=/go/src/github.com/cilium/cilium/operator/pkg/lbipam/lbipam.go:1646 msg="Updating pool counts" module=operator.operator-controlplane.leader-lifecycle.lbipam
time=2026-03-08T05:56:50.04547976Z level=info source=/go/src/github.com/cilium/cilium/operator/pkg/gateway-api/gamma_reconcile.go:46 msg="Reconciling GAMMA service" module=operator.operator-controlplane.leader-lifecycle.gateway-api controller=gamma resource=gateway-conformance-app-backend/tls-backend
time=2026-03-08T05:56:50.04548528Z level=error source=/go/src/github.com/cilium/cilium/operator/pkg/gateway-api/gateway_reconcile.go:208 msg="No Accepted Listeners for Gateway" module=operator.operator-controlplane.leader-lifecycle.gateway-api controller=gateway resource=gateway-conformance-infra/same-namespace-with-https-listener error="No Accepted Listeners for Gateway"
time=2026-03-08T05:56:50.04594948Z level=error source=/go/src/github.com/cilium/cilium/vendor/github.com/go-logr/logr/logr.go:301 msg="Reconciler error" module=operator.operator-controlplane.leader-lifecycle.controller-runtime controller=gateway controllerGroup=gateway.networking.k8s.io controllerKind=Gateway Gateway.name=same-namespace-with-https-listener Gateway.namespace=gateway-conformance-infra namespace=gateway-conformance-infra name=same-namespace-with-https-listener reconcileID=4479a4d9-2494-42f4-9f3a-1bca85be2d29 error="No Accepted Listeners for Gateway"
time=2026-03-08T05:56:50.066411759Z level=info source=/go/src/github.com/cilium/cilium/operator/pkg/gateway-api/gateway_reconcile.go:55 msg="Reconciling Gateway" module=operator.operator-controlplane.leader-lifecycle.gateway-api controller=gateway resource=gateway-conformance-infra/same-namespace-with-https-listener
time=2026-03-08T05:56:50.066659019Z level=debug source=/go/src/github.com/cilium/cilium/operator/pkg/gateway-api/gateway_reconcile.go:870 msg="Updating HTTPRoute statuses for Gateway" module=operator.operator-controlplane.leader-lifecycle.gateway-api controller=gateway resource=gateway-conformance-infra/same-namespace-with-https-listener numRoutes=0
time=2026-03-08T05:56:50.066692669Z level=debug source=/go/src/github.com/cilium/cilium/operator/pkg/gateway-api/gateway_reconcile.go:909 msg="Updating TLSRoute statuses for Gateway" module=operator.operator-controlplane.leader-lifecycle.gateway-api controller=gateway resource=gateway-conformance-infra/same-namespace-with-https-listener numRoutes=0
time=2026-03-08T05:56:50.066708509Z level=debug source=/go/src/github.com/cilium/cilium/operator/pkg/gateway-api/gateway_reconcile.go:943 msg="Updating GRPCRoute statuses for Gateway" module=operator.operator-controlplane.leader-lifecycle.gateway-api controller=gateway resource=gateway-conformance-infra/same-namespace-with-https-listener numRoutes=0
time=2026-03-08T05:56:50.066750179Z level=debug source=/go/src/github.com/cilium/cilium/operator/pkg/gateway-api/gateway_reconcile.go:982 msg="Updating BackendTLSPolicy statuses for Gateway" module=operator.operator-controlplane.leader-lifecycle.gateway-api controller=gateway resource=gateway-conformance-infra/same-namespace-with-https-listener policies=0
time=2026-03-08T05:56:50.066798679Z level=info source=/go/src/github.com/cilium/cilium/operator/pkg/gateway-api/gateway_reconcile.go:634 msg="Found an invalid TLS Secret" module=operator.operator-controlplane.leader-lifecycle.gateway-api controller=gateway error="Secret \"tls-validity-checks-certificate\" not found" resource=gateway-conformance-infra/same-namespace-with-https-listener
time=2026-03-08T05:56:50.066837509Z level=info source=/go/src/github.com/cilium/cilium/operator/pkg/gateway-api/gateway_reconcile.go:634 msg="Found an invalid TLS Secret" module=operator.operator-controlplane.leader-lifecycle.gateway-api controller=gateway error="Secret \"tls-validity-checks-certificate\" not found" resource=gateway-conformance-infra/same-namespace-with-https-listener
time=2026-03-08T05:56:50.066862149Z level=error source=/go/src/github.com/cilium/cilium/operator/pkg/gateway-api/gateway_reconcile.go:208 msg="No Accepted Listeners for Gateway" module=operator.operator-controlplane.leader-lifecycle.gateway-api controller=gateway resource=gateway-conformance-infra/same-namespace-with-https-listener error="No Accepted Listeners for Gateway"
time=2026-03-08T05:56:50.067078899Z level=error source=/go/src/github.com/cilium/cilium/vendor/github.com/go-logr/logr/logr.go:301 msg="Reconciler error" module=operator.operator-controlplane.leader-lifecycle.controller-runtime controller=gateway controllerGroup=gateway.networking.k8s.io controllerKind=Gateway Gateway.name=same-namespace-with-https-listener Gateway.namespace=gateway-conformance-infra namespace=gateway-conformance-infra name=same-namespace-with-https-listener reconcileID=4449d4dc-2cd8-40d4-866d-e0d3fd0ad057 error="No Accepted Listeners for Gateway"
time=2026-03-08T05:56:50.069389589Z level=debug source=/go/src/github.com/cilium/cilium/operator/pkg/lbipam/lbipam.go:1646 msg="Updating pool counts" module=operator.operator-controlplane.leader-lifecycle.lbipam
time=2026-03-08T05:56:50.069432819Z level=info source=/go/src/github.com/cilium/cilium/operator/pkg/gateway-api/gamma_reconcile.go:46 msg="Reconciling GAMMA service" module=operator.operator-controlplane.leader-lifecycle.gateway-api controller=gamma resource=gateway-conformance-app-backend/app-backend-v1
time=2026-03-08T05:56:50.091552719Z level=debug source=/go/src/github.com/cilium/cilium/operator/pkg/lbipam/lbipam.go:1646 msg="Updating pool counts" module=operator.operator-controlplane.leader-lifecycle.lbipam
time=2026-03-08T05:56:50.091800129Z level=info source=/go/src/github.com/cilium/cilium/operator/pkg/gateway-api/gamma_reconcile.go:46 msg="Reconciling GAMMA service" module=operator.operator-controlplane.leader-lifecycle.gateway-api controller=gamma resource=gateway-conformance-app-backend/app-backend-v2
time=2026-03-08T05:56:50.104752868Z level=info source=/go/src/github.com/cilium/cilium/operator/pkg/gateway-api/gateway_reconcile.go:55 msg="Reconciling Gateway" module=operator.operator-controlplane.leader-lifecycle.gateway-api controller=gateway resource=gateway-conformance-infra/all-namespaces
time=2026-03-08T05:56:50.104972438Z level=debug source=/go/src/github.com/cilium/cilium/operator/pkg/gateway-api/gateway_reconcile.go:870 msg="Updating HTTPRoute statuses for Gateway" module=operator.operator-controlplane.leader-lifecycle.gateway-api controller=gateway resource=gateway-conformance-infra/all-namespaces numRoutes=0
time=2026-03-08T05:56:50.104997658Z level=debug source=/go/src/github.com/cilium/cilium/operator/pkg/gateway-api/gateway_reconcile.go:909 msg="Updating TLSRoute statuses for Gateway" module=operator.operator-controlplane.leader-lifecycle.gateway-api controller=gateway resource=gateway-conformance-infra/all-namespaces numRoutes=0
time=2026-03-08T05:56:50.105007888Z level=debug source=/go/src/github.com/cilium/cilium/operator/pkg/gateway-api/gateway_reconcile.go:943 msg="Updating GRPCRoute statuses for Gateway" module=operator.operator-controlplane.leader-lifecycle.gateway-api controller=gateway resource=gateway-conformance-infra/all-namespaces numRoutes=0
time=2026-03-08T05:56:50.105017858Z level=debug source=/go/src/github.com/cilium/cilium/operator/pkg/gateway-api/gateway_reconcile.go:982 msg="Updating BackendTLSPolicy statuses for Gateway" module=operator.operator-controlplane.leader-lifecycle.gateway-api controller=gateway resource=gateway-conformance-infra/all-namespaces policies=0
time=2026-03-08T05:56:50.109634548Z level=debug source=/go/src/github.com/cilium/cilium/operator/pkg/secretsync/configmapsync_reconcile.go:32 msg="Reconciling ConfigMap" module=operator.operator-controlplane.leader-lifecycle.secret-sync resource=gateway-conformance-web-backend/kube-root-ca.crt
time=2026-03-08T05:56:50.109702798Z level=debug source=/go/src/github.com/cilium/cilium/operator/pkg/secretsync/configmapsync_reconcile.go:102 msg="Successfully reconciled ConfigMap" module=operator.operator-controlplane.leader-lifecycle.secret-sync resource=gateway-conformance-web-backend/kube-root-ca.crt action=ignored
time=2026-03-08T05:56:50.110435538Z level=info source=/go/src/github.com/cilium/cilium/operator/pkg/gateway-api/gateway_reconcile.go:458 msg="Checking address status for Gateway" module=operator.operator-controlplane.leader-lifecycle.gateway-api controller=gateway resource=gateway-conformance-infra/all-namespaces
time=2026-03-08T05:56:50.110537298Z level=info source=/go/src/github.com/cilium/cilium/operator/pkg/gateway-api/gateway_reconcile.go:494 msg="At least one valid address, marking gateway programmed" module=operator.operator-controlplane.leader-lifecycle.gateway-api controller=gateway resource=gateway-conformance-infra/all-namespaces
time=2026-03-08T05:56:50.110686378Z level=info source=/go/src/github.com/cilium/cilium/operator/pkg/gateway-api/gateway_reconcile.go:262 msg="Successfully reconciled Gateway" module=operator.operator-controlplane.leader-lifecycle.gateway-api controller=gateway resource=gateway-conformance-infra/all-namespaces
time=2026-03-08T05:56:50.110771068Z level=info source=/go/src/github.com/cilium/cilium/operator/pkg/gateway-api/gateway_reconcile.go:55 msg="Reconciling Gateway" module=operator.operator-controlplane.leader-lifecycle.gateway-api controller=gateway resource=gateway-conformance-infra/backend-namespaces
time=2026-03-08T05:56:50.110923358Z level=debug source=/go/src/github.com/cilium/cilium/operator/pkg/gateway-api/gateway_reconcile.go:870 msg="Updating HTTPRoute statuses for Gateway" module=operator.operator-controlplane.leader-lifecycle.gateway-api controller=gateway resource=gateway-conformance-infra/backend-namespaces numRoutes=0
time=2026-03-08T05:56:50.110940708Z level=debug source=/go/src/github.com/cilium/cilium/operator/pkg/gateway-api/gateway_reconcile.go:909 msg="Updating TLSRoute statuses for Gateway" module=operator.operator-controlplane.leader-lifecycle.gateway-api controller=gateway resource=gateway-conformance-infra/backend-namespaces numRoutes=0
time=2026-03-08T05:56:50.110950098Z level=debug source=/go/src/github.com/cilium/cilium/operator/pkg/gateway-api/gateway_reconcile.go:943 msg="Updating GRPCRoute statuses for Gateway" module=operator.operator-controlplane.leader-lifecycle.gateway-api controller=gateway resource=gateway-conformance-infra/backend-namespaces numRoutes=0
time=2026-03-08T05:56:50.110959298Z level=debug source=/go/src/github.com/cilium/cilium/operator/pkg/gateway-api/gateway_reconcile.go:982 msg="Updating BackendTLSPolicy statuses for Gateway" module=operator.operator-controlplane.leader-lifecycle.gateway-api controller=gateway resource=gateway-conformance-infra/backend-namespaces policies=0
time=2026-03-08T05:56:50.113727418Z level=info source=/go/src/github.com/cilium/cilium/operator/pkg/gateway-api/gamma_reconcile.go:46 msg="Reconciling GAMMA service" module=operator.operator-controlplane.leader-lifecycle.gateway-api controller=gamma resource=gateway-conformance-web-backend/web-backend
time=2026-03-08T05:56:50.113970798Z level=debug source=/go/src/github.com/cilium/cilium/operator/pkg/lbipam/lbipam.go:1646 msg="Updating pool counts" module=operator.operator-controlplane.leader-lifecycle.lbipam
time=2026-03-08T05:56:50.115507789Z level=info source=/go/src/github.com/cilium/cilium/operator/pkg/gateway-api/gateway_reconcile.go:458 msg="Checking address status for Gateway" module=operator.operator-controlplane.leader-lifecycle.gateway-api controller=gateway resource=gateway-conformance-infra/backend-namespaces
time=2026-03-08T05:56:50.115580509Z level=info source=/go/src/github.com/cilium/cilium/operator/pkg/gateway-api/gateway_reconcile.go:494 msg="At least one valid address, marking gateway programmed" module=operator.operator-controlplane.leader-lifecycle.gateway-api controller=gateway resource=gateway-conformance-infra/backend-namespaces
time=2026-03-08T05:56:50.115699318Z level=info source=/go/src/github.com/cilium/cilium/operator/pkg/gateway-api/gateway_reconcile.go:262 msg="Successfully reconciled Gateway" module=operator.operator-controlplane.leader-lifecycle.gateway-api controller=gateway resource=gateway-conformance-infra/backend-namespaces
time=2026-03-08T05:56:50.115778978Z level=info source=/go/src/github.com/cilium/cilium/operator/pkg/gateway-api/gateway_reconcile.go:55 msg="Reconciling Gateway" module=operator.operator-controlplane.leader-lifecycle.gateway-api controller=gateway resource=gateway-conformance-infra/same-namespace-with-https-listener
time=2026-03-08T05:56:50.115989709Z level=debug source=/go/src/github.com/cilium/cilium/operator/pkg/gateway-api/gateway_reconcile.go:870 msg="Updating HTTPRoute statuses for Gateway" module=operator.operator-controlplane.leader-lifecycle.gateway-api controller=gateway resource=gateway-conformance-infra/same-namespace-with-https-listener numRoutes=0
time=2026-03-08T05:56:50.116010529Z level=debug source=/go/src/github.com/cilium/cilium/operator/pkg/gateway-api/gateway_reconcile.go:909 msg="Updating TLSRoute statuses for Gateway" module=operator.operator-controlplane.leader-lifecycle.gateway-api controller=gateway resource=gateway-conformance-infra/same-namespace-with-https-listener numRoutes=0
time=2026-03-08T05:56:50.116019769Z level=debug source=/go/src/github.com/cilium/cilium/operator/pkg/gateway-api/gateway_reconcile.go:943 msg="Updating GRPCRoute statuses for Gateway" module=operator.operator-controlplane.leader-lifecycle.gateway-api controller=gateway resource=gateway-conformance-infra/same-namespace-with-https-listener numRoutes=0
time=2026-03-08T05:56:50.116029829Z level=debug source=/go/src/github.com/cilium/cilium/operator/pkg/gateway-api/gateway_reconcile.go:982 msg="Updating BackendTLSPolicy statuses for Gateway" module=operator.operator-controlplane.leader-lifecycle.gateway-api controller=gateway resource=gateway-conformance-infra/same-namespace-with-https-listener policies=0
time=2026-03-08T05:56:50.116061898Z level=info source=/go/src/github.com/cilium/cilium/operator/pkg/gateway-api/gateway_reconcile.go:634 msg="Found an invalid TLS Secret" module=operator.operator-controlplane.leader-lifecycle.gateway-api controller=gateway error="Secret \"tls-validity-checks-certificate\" not found" resource=gateway-conformance-infra/same-namespace-with-https-listener
time=2026-03-08T05:56:50.116084978Z level=info source=/go/src/github.com/cilium/cilium/operator/pkg/gateway-api/gateway_reconcile.go:634 msg="Found an invalid TLS Secret" module=operator.operator-controlplane.leader-lifecycle.gateway-api controller=gateway error="Secret \"tls-validity-checks-certificate\" not found" resource=gateway-conformance-infra/same-namespace-with-https-listener
time=2026-03-08T05:56:50.116097949Z level=error source=/go/src/github.com/cilium/cilium/operator/pkg/gateway-api/gateway_reconcile.go:208 msg="No Accepted Listeners for Gateway" module=operator.operator-controlplane.leader-lifecycle.gateway-api controller=gateway resource=gateway-conformance-infra/same-namespace-with-https-listener error="No Accepted Listeners for Gateway"
time=2026-03-08T05:56:50.116263978Z level=error source=/go/src/github.com/cilium/cilium/vendor/github.com/go-logr/logr/logr.go:301 msg="Reconciler error" module=operator.operator-controlplane.leader-lifecycle.controller-runtime controller=gateway controllerGroup=gateway.networking.k8s.io controllerKind=Gateway Gateway.name=same-namespace-with-https-listener Gateway.namespace=gateway-conformance-infra namespace=gateway-conformance-infra name=same-namespace-with-https-listener reconcileID=3a97f50d-d2c6-4d0b-b26a-737c3bc299c4 error="No Accepted Listeners for Gateway"
time=2026-03-08T05:56:50.131170698Z level=debug source=/go/src/github.com/cilium/cilium/operator/pkg/lbipam/lbipam.go:1646 msg="Updating pool counts" module=operator.operator-controlplane.leader-lifecycle.lbipam
time=2026-03-08T05:56:50.131554738Z level=info source=/go/src/github.com/cilium/cilium/operator/pkg/gateway-api/gamma_reconcile.go:46 msg="Reconciling GAMMA service" module=operator.operator-controlplane.leader-lifecycle.gateway-api controller=gamma resource=gateway-conformance-infra/grpc-infra-backend-v1
time=2026-03-08T05:56:50.148662417Z level=debug source=/go/src/github.com/cilium/cilium/operator/pkg/lbipam/lbipam.go:1646 msg="Updating pool counts" module=operator.operator-controlplane.leader-lifecycle.lbipam
time=2026-03-08T05:56:50.149005957Z level=info source=/go/src/github.com/cilium/cilium/operator/pkg/gateway-api/gamma_reconcile.go:46 msg="Reconciling GAMMA service" module=operator.operator-controlplane.leader-lifecycle.gateway-api controller=gamma resource=gateway-conformance-infra/grpc-infra-backend-v2
time=2026-03-08T05:56:50.196954416Z level=debug source=/go/src/github.com/cilium/cilium/operator/pkg/lbipam/lbipam.go:1646 msg="Updating pool counts" module=operator.operator-controlplane.leader-lifecycle.lbipam
time=2026-03-08T05:56:50.197022706Z level=info source=/go/src/github.com/cilium/cilium/operator/pkg/gateway-api/gateway_reconcile.go:55 msg="Reconciling Gateway" module=operator.operator-controlplane.leader-lifecycle.gateway-api controller=gateway resource=gateway-conformance-infra/same-namespace-with-https-listener
time=2026-03-08T05:56:50.197195186Z level=info source=/go/src/github.com/cilium/cilium/operator/pkg/gateway-api/gamma_reconcile.go:46 msg="Reconciling GAMMA service" module=operator.operator-controlplane.leader-lifecycle.gateway-api controller=gamma resource=gateway-conformance-infra/grpc-infra-backend-v3
time=2026-03-08T05:56:50.197290346Z level=debug source=/go/src/github.com/cilium/cilium/operator/pkg/gateway-api/gateway_reconcile.go:870 msg="Updating HTTPRoute statuses for Gateway" module=operator.operator-controlplane.leader-lifecycle.gateway-api controller=gateway resource=gateway-conformance-infra/same-namespace-with-https-listener numRoutes=0
time=2026-03-08T05:56:50.197338356Z level=debug source=/go/src/github.com/cilium/cilium/operator/pkg/gateway-api/gateway_reconcile.go:909 msg="Updating TLSRoute statuses for Gateway" module=operator.operator-controlplane.leader-lifecycle.gateway-api controller=gateway resource=gateway-conformance-infra/same-namespace-with-https-listener numRoutes=0
time=2026-03-08T05:56:50.197359506Z level=debug source=/go/src/github.com/cilium/cilium/operator/pkg/gateway-api/gateway_reconcile.go:943 msg="Updating GRPCRoute statuses for Gateway" module=operator.operator-controlplane.leader-lifecycle.gateway-api controller=gateway resource=gateway-conformance-infra/same-namespace-with-https-listener numRoutes=0
time=2026-03-08T05:56:50.197373376Z level=debug source=/go/src/github.com/cilium/cilium/operator/pkg/gateway-api/gateway_reconcile.go:982 msg="Updating BackendTLSPolicy statuses for Gateway" module=operator.operator-controlplane.leader-lifecycle.gateway-api controller=gateway resource=gateway-conformance-infra/same-namespace-with-https-listener policies=0
time=2026-03-08T05:56:50.197413906Z level=info source=/go/src/github.com/cilium/cilium/operator/pkg/gateway-api/gateway_reconcile.go:634 msg="Found an invalid TLS Secret" module=operator.operator-controlplane.leader-lifecycle.gateway-api controller=gateway error="Secret \"tls-validity-checks-certificate\" not found" resource=gateway-conformance-infra/same-namespace-with-https-listener
time=2026-03-08T05:56:50.197440756Z level=info source=/go/src/github.com/cilium/cilium/operator/pkg/gateway-api/gateway_reconcile.go:634 msg="Found an invalid TLS Secret" module=operator.operator-controlplane.leader-lifecycle.gateway-api controller=gateway error="Secret \"tls-validity-checks-certificate\" not found" resource=gateway-conformance-infra/same-namespace-with-https-listener
time=2026-03-08T05:56:50.197475306Z level=error source=/go/src/github.com/cilium/cilium/operator/pkg/gateway-api/gateway_reconcile.go:208 msg="No Accepted Listeners for Gateway" module=operator.operator-controlplane.leader-lifecycle.gateway-api controller=gateway resource=gateway-conformance-infra/same-namespace-with-https-listener error="No Accepted Listeners for Gateway"
time=2026-03-08T05:56:50.197752096Z level=error source=/go/src/github.com/cilium/cilium/vendor/github.com/go-logr/logr/logr.go:301 msg="Reconciler error" module=operator.operator-controlplane.leader-lifecycle.controller-runtime controller=gateway controllerGroup=gateway.networking.k8s.io controllerKind=Gateway Gateway.name=same-namespace-with-https-listener Gateway.namespace=gateway-conformance-infra namespace=gateway-conformance-infra name=same-namespace-with-https-listener reconcileID=31e533ea-2094-4b98-b198-c7e214f90042 error="No Accepted Listeners for Gateway"
time=2026-03-08T05:56:50.218242576Z level=debug source=/go/src/github.com/cilium/cilium/operator/pkg/lbipam/lbipam.go:1646 msg="Updating pool counts" module=operator.operator-controlplane.leader-lifecycle.lbipam
time=2026-03-08T05:56:50.218358106Z level=info source=/go/src/github.com/cilium/cilium/operator/pkg/gateway-api/gamma_reconcile.go:46 msg="Reconciling GAMMA service" module=operator.operator-controlplane.leader-lifecycle.gateway-api controller=gamma resource=gateway-conformance-infra/coredns
time=2026-03-08T05:56:50.236505265Z level=debug source=/go/src/github.com/cilium/cilium/operator/pkg/secretsync/configmapsync_reconcile.go:32 msg="Reconciling ConfigMap" module=operator.operator-controlplane.leader-lifecycle.secret-sync resource=gateway-conformance-infra/coredns
time=2026-03-08T05:56:50.236607365Z level=debug source=/go/src/github.com/cilium/cilium/operator/pkg/secretsync/configmapsync_reconcile.go:102 msg="Successfully reconciled ConfigMap" module=operator.operator-controlplane.leader-lifecycle.secret-sync resource=gateway-conformance-infra/coredns action=ignored
time=2026-03-08T05:56:50.329074003Z level=debug source=/go/src/github.com/cilium/cilium/operator/pkg/secretsync/secretsync_reconcile.go:32 msg="Reconciling secret" module=operator.operator-controlplane.leader-lifecycle.secret-sync resource=gateway-conformance-web-backend/certificate
time=2026-03-08T05:56:50.329243633Z level=debug source=/go/src/github.com/cilium/cilium/operator/pkg/secretsync/secretsync_reconcile.go:100 msg="Successfully reconciled Secret" module=operator.operator-controlplane.leader-lifecycle.secret-sync resource=gateway-conformance-web-backend/certificate action=ignored
time=2026-03-08T05:56:50.355738692Z level=debug source=/go/src/github.com/cilium/cilium/operator/pkg/secretsync/secretsync_reconcile.go:32 msg="Reconciling secret" module=operator.operator-controlplane.leader-lifecycle.secret-sync resource=gateway-conformance-infra/tls-validity-checks-certificate
time=2026-03-08T05:56:50.355810632Z level=info source=/go/src/github.com/cilium/cilium/operator/pkg/gateway-api/gateway_reconcile.go:55 msg="Reconciling Gateway" module=operator.operator-controlplane.leader-lifecycle.gateway-api controller=gateway resource=gateway-conformance-infra/same-namespace-with-https-listener
time=2026-03-08T05:56:50.355922282Z level=debug source=/go/src/github.com/cilium/cilium/operator/pkg/secretsync/secretsync_reconcile.go:68 msg="Syncing secret" module=operator.operator-controlplane.leader-lifecycle.secret-sync resource=gateway-conformance-infra/tls-validity-checks-certificate k8sNamespace=cilium-secrets
time=2026-03-08T05:56:50.356110222Z level=debug source=/go/src/github.com/cilium/cilium/operator/pkg/gateway-api/gateway_reconcile.go:870 msg="Updating HTTPRoute statuses for Gateway" module=operator.operator-controlplane.leader-lifecycle.gateway-api controller=gateway resource=gateway-conformance-infra/same-namespace-with-https-listener numRoutes=0
time=2026-03-08T05:56:50.356150372Z level=debug source=/go/src/github.com/cilium/cilium/operator/pkg/gateway-api/gateway_reconcile.go:909 msg="Updating TLSRoute statuses for Gateway" module=operator.operator-controlplane.leader-lifecycle.gateway-api controller=gateway resource=gateway-conformance-infra/same-namespace-with-https-listener numRoutes=0
time=2026-03-08T05:56:50.356161572Z level=debug source=/go/src/github.com/cilium/cilium/operator/pkg/gateway-api/gateway_reconcile.go:943 msg="Updating GRPCRoute statuses for Gateway" module=operator.operator-controlplane.leader-lifecycle.gateway-api controller=gateway resource=gateway-conformance-infra/same-namespace-with-https-listener numRoutes=0
time=2026-03-08T05:56:50.356172102Z level=debug source=/go/src/github.com/cilium/cilium/operator/pkg/gateway-api/gateway_reconcile.go:982 msg="Updating BackendTLSPolicy statuses for Gateway" module=operator.operator-controlplane.leader-lifecycle.gateway-api controller=gateway resource=gateway-conformance-infra/same-namespace-with-https-listener policies=0
time=2026-03-08T05:56:50.361748772Z level=debug source=/go/src/github.com/cilium/cilium/operator/pkg/secretsync/secretsync_reconcile.go:93 msg="Successfully reconciled Secret with resync" module=operator.operator-controlplane.leader-lifecycle.secret-sync resource=gateway-conformance-infra/tls-validity-checks-certificate action=synced syncInterval=49m53.663381153s
time=2026-03-08T05:56:50.370404172Z level=info source=/go/src/github.com/cilium/cilium/operator/pkg/lbipam/lbipam.go:902 msg="Assigning Ingress IP" module=operator.operator-controlplane.leader-lifecycle.lbipam serviceName=gateway-conformance-infra/cilium-gateway-same-namespace-with-https-listener ipAddr=192.168.8.243
time=2026-03-08T05:56:50.370471912Z level=info source=/go/src/github.com/cilium/cilium/operator/pkg/gateway-api/gamma_reconcile.go:46 msg="Reconciling GAMMA service" module=operator.operator-controlplane.leader-lifecycle.gateway-api controller=gamma resource=gateway-conformance-infra/cilium-gateway-same-namespace-with-https-listener
time=2026-03-08T05:56:50.376762772Z level=info source=/go/src/github.com/cilium/cilium/operator/pkg/gateway-api/gamma_reconcile.go:46 msg="Reconciling GAMMA service" module=operator.operator-controlplane.leader-lifecycle.gateway-api controller=gamma resource=gateway-conformance-infra/cilium-gateway-same-namespace-with-https-listener
time=2026-03-08T05:56:50.376860502Z level=debug source=/go/src/github.com/cilium/cilium/operator/pkg/lbipam/lbipam.go:1646 msg="Updating pool counts" module=operator.operator-controlplane.leader-lifecycle.lbipam
time=2026-03-08T05:56:50.376922402Z level=debug source=/go/src/github.com/cilium/cilium/operator/pkg/lbipam/lbipam.go:1649 msg="Pool counts of 'pool' changed, patching" module=operator.operator-controlplane.leader-lifecycle.lbipam
time=2026-03-08T05:56:50.380336912Z level=debug source=/go/src/github.com/cilium/cilium/pkg/k8s/apis/cilium.io/v2/cec_types.go:193 msg="CEC unmarshaled XDS Resource" resource="[type.googleapis.com/envoy.config.listener.v3.Listener]:  {\n  name:  \"listener\"\n  filter_chains:  {\n    filter_chain_match:  {\n      transport_protocol:  \"raw_buffer\"\n    }\n    filters:  {\n      name:  \"envoy.filters.network.http_connection_manager\"\n      typed_config:  {\n        [type.googleapis.com/envoy.extensions.filters.network.http_connection_manager.v3.HttpConnectionManager]:  {\n          stat_prefix:  \"listener-insecure\"\n          rds:  {\n            route_config_name:  \"listener-insecure\"\n          }\n          http_filters:  {\n            name:  \"envoy.filters.http.grpc_web\"\n            typed_config:  {\n              [type.googleapis.com/envoy.extensions.filters.http.grpc_web.v3.GrpcWeb]:  {}\n            }\n          }\n          http_filters:  {\n            name:  \"envoy.filters.http.grpc_stats\"\n            typed_config:  {\n              [type.googleapis.com/envoy.extensions.filters.http.grpc_stats.v3.FilterConfig]:  {\n                emit_filter_state:  true\n                enable_upstream_stats:  true\n              }\n            }\n          }\n          http_filters:  {\n            name:  \"envoy.filters.http.router\"\n            typed_config:  {\n              [type.googleapis.com/envoy.extensions.filters.http.router.v3.Router]:  {}\n            }\n          }\n          common_http_protocol_options:  {\n            max_stream_duration:  {}\n          }\n          stream_idle_timeout:  {\n            seconds:  300\n          }\n          use_remote_address:  {\n            value:  true\n          }\n          internal_address_config:  {\n            cidr_ranges:  {\n              address_prefix:  \"10.0.0.0\"\n              prefix_len:  {\n                value:  8\n              }\n            }\n            cidr_ranges:  {\n              address_prefix:  \"172.16.0.0\"\n              prefix_len:  {\n                value:  12\n              }\n            }\n            cidr_ranges:  {\n              address_prefix:  \"192.168.0.0\"\n              prefix_len:  {\n                value:  16\n              }\n            }\n            cidr_ranges:  {\n              address_prefix:  \"127.0.0.1\"\n              prefix_len:  {\n                value:  32\n              }\n            }\n          }\n          upgrade_configs:  {\n            upgrade_type:  \"websocket\"\n          }\n        }\n      }\n    }\n  }\n  filter_chains:  {\n    filter_chain_match:  {\n      transport_protocol:  \"tls\"\n    }\n    filters:  {\n      name:  \"envoy.filters.network.http_connection_manager\"\n      typed_config:  {\n        [type.googleapis.com/envoy.extensions.filters.network.http_connection_manager.v3.HttpConnectionManager]:  {\n          stat_prefix:  \"listener-secure\"\n          rds:  {\n            route_config_name:  \"listener-secure\"\n          }\n          http_filters:  {\n            name:  \"envoy.filters.http.grpc_web\"\n            typed_config:  {\n              [type.googleapis.com/envoy.extensions.filters.http.grpc_web.v3.GrpcWeb]:  {}\n            }\n          }\n          http_filters:  {\n            name:  \"envoy.filters.http.grpc_stats\"\n            typed_config:  {\n              [type.googleapis.com/envoy.extensions.filters.http.grpc_stats.v3.FilterConfig]:  {\n                emit_filter_state:  true\n                enable_upstream_stats:  true\n              }\n            }\n          }\n          http_filters:  {\n            name:  \"envoy.filters.http.router\"\n            typed_config:  {\n              [type.googleapis.com/envoy.extensions.filters.http.router.v3.Router]:  {}\n            }\n          }\n          common_http_protocol_options:  {\n            max_stream_duration:  {}\n          }\n          stream_idle_timeout:  {\n            seconds:  300\n          }\n          use_remote_address:  {\n            value:  true\n          }\n          internal_address_config:  {\n            cidr_ranges:  {\n              address_prefix:  \"10.0.0.0\"\n              prefix_len:  {\n                value:  8\n              }\n            }\n            cidr_ranges:  {\n              address_prefix:  \"172.16.0.0\"\n              prefix_len:  {\n                value:  12\n              }\n            }\n            cidr_ranges:  {\n              address_prefix:  \"192.168.0.0\"\n              prefix_len:  {\n                value:  16\n              }\n            }\n            cidr_ranges:  {\n              address_prefix:  \"127.0.0.1\"\n              prefix_len:  {\n                value:  32\n              }\n            }\n          }\n          upgrade_configs:  {\n            upgrade_type:  \"websocket\"\n          }\n        }\n      }\n    }\n    transport_socket:  {\n      name:  \"envoy.transport_sockets.tls\"\n      typed_config:  {\n        [type.googleapis.com/envoy.extensions.transport_sockets.tls.v3.DownstreamTlsContext]:  {\n          common_tls_context:  {\n            tls_certificate_sds_secret_configs:  {\n              name:  \"cilium-secrets/gateway-conformance-infra-tls-validity-checks-certificate\"\n            }\n          }\n        }\n      }\n    }\n  }\n  listener_filters:  {\n    name:  \"envoy.filters.listener.tls_inspector\"\n    typed_config:  {\n      [type.googleapis.com/envoy.extensions.filters.listener.tls_inspector.v3.TlsInspector]:  {}\n    }\n  }\n  socket_options:  {\n    description:  \"Enable TCP keep-alive (default to enabled)\"\n    level:  1\n    name:  9\n    int_value:  1\n  }\n  socket_options:  {\n    description:  \"TCP keep-alive idle time (in seconds) (defaults to 10s)\"\n    level:  6\n    name:  4\n    int_value:  10\n  }\n  socket_options:  {\n    description:  \"TCP keep-alive probe intervals (in seconds) (defaults to 5s)\"\n    level:  6\n    name:  5\n    int_value:  5\n  }\n  socket_options:  {\n    description:  \"TCP keep-alive probe max failures.\"\n    level:  6\n    name:  6\n    int_value:  10\n  }\n}\n"
time=2026-03-08T05:56:50.380449562Z level=debug source=/go/src/github.com/cilium/cilium/pkg/k8s/apis/cilium.io/v2/cec_types.go:193 msg="CEC unmarshaled XDS Resource" resource="[type.googleapis.com/envoy.config.route.v3.RouteConfiguration]:  {\n  name:  \"listener-insecure\"\n}\n"
time=2026-03-08T05:56:50.380470252Z level=debug source=/go/src/github.com/cilium/cilium/pkg/k8s/apis/cilium.io/v2/cec_types.go:193 msg="CEC unmarshaled XDS Resource" resource="[type.googleapis.com/envoy.config.route.v3.RouteConfiguration]:  {\n  name:  \"listener-secure\"\n}\n"
time=2026-03-08T05:56:50.380447792Z level=debug source=/go/src/github.com/cilium/cilium/pkg/k8s/apis/cilium.io/v2/cec_types.go:193 msg="CEC unmarshaled XDS Resource" resource="[type.googleapis.com/envoy.config.listener.v3.Listener]:  {\n  name:  \"listener\"\n  filter_chains:  {\n    filter_chain_match:  {\n      transport_protocol:  \"raw_buffer\"\n    }\n    filters:  {\n      name:  \"envoy.filters.network.http_connection_manager\"\n      typed_config:  {\n        [type.googleapis.com/envoy.extensions.filters.network.http_connection_manager.v3.HttpConnectionManager]:  {\n          stat_prefix:  \"listener-insecure\"\n          rds:  {\n            route_config_name:  \"listener-insecure\"\n          }\n          http_filters:  {\n            name:  \"envoy.filters.http.grpc_web\"\n            typed_config:  {\n              [type.googleapis.com/envoy.extensions.filters.http.grpc_web.v3.GrpcWeb]:  {}\n            }\n          }\n          http_filters:  {\n            name:  \"envoy.filters.http.grpc_stats\"\n            typed_config:  {\n              [type.googleapis.com/envoy.extensions.filters.http.grpc_stats.v3.FilterConfig]:  {\n                emit_filter_state:  true\n                enable_upstream_stats:  true\n              }\n            }\n          }\n          http_filters:  {\n            name:  \"envoy.filters.http.router\"\n            typed_config:  {\n              [type.googleapis.com/envoy.extensions.filters.http.router.v3.Router]:  {}\n            }\n          }\n          common_http_protocol_options:  {\n            max_stream_duration:  {}\n          }\n          stream_idle_timeout:  {\n            seconds:  300\n          }\n          use_remote_address:  {\n            value:  true\n          }\n          internal_address_config:  {\n            cidr_ranges:  {\n              address_prefix:  \"10.0.0.0\"\n              prefix_len:  {\n                value:  8\n              }\n            }\n            cidr_ranges:  {\n              address_prefix:  \"172.16.0.0\"\n              prefix_len:  {\n                value:  12\n              }\n            }\n            cidr_ranges:  {\n              address_prefix:  \"192.168.0.0\"\n              prefix_len:  {\n                value:  16\n              }\n            }\n            cidr_ranges:  {\n              address_prefix:  \"127.0.0.1\"\n              prefix_len:  {\n                value:  32\n              }\n            }\n          }\n          upgrade_configs:  {\n            upgrade_type:  \"websocket\"\n          }\n        }\n      }\n    }\n  }\n  filter_chains:  {\n    filter_chain_match:  {\n      transport_protocol:  \"tls\"\n    }\n    filters:  {\n      name:  \"envoy.filters.network.http_connection_manager\"\n      typed_config:  {\n        [type.googleapis.com/envoy.extensions.filters.network.http_connection_manager.v3.HttpConnectionManager]:  {\n          stat_prefix:  \"listener-secure\"\n          rds:  {\n            route_config_name:  \"listener-secure\"\n          }\n          http_filters:  {\n            name:  \"envoy.filters.http.grpc_web\"\n            typed_config:  {\n              [type.googleapis.com/envoy.extensions.filters.http.grpc_web.v3.GrpcWeb]:  {}\n            }\n          }\n          http_filters:  {\n            name:  \"envoy.filters.http.grpc_stats\"\n            typed_config:  {\n              [type.googleapis.com/envoy.extensions.filters.http.grpc_stats.v3.FilterConfig]:  {\n                emit_filter_state:  true\n                enable_upstream_stats:  true\n              }\n            }\n          }\n          http_filters:  {\n            name:  \"envoy.filters.http.router\"\n            typed_config:  {\n              [type.googleapis.com/envoy.extensions.filters.http.router.v3.Router]:  {}\n            }\n          }\n          common_http_protocol_options:  {\n            max_stream_duration:  {}\n          }\n          stream_idle_timeout:  {\n            seconds:  300\n          }\n          use_remote_address:  {\n            value:  true\n          }\n          internal_address_config:  {\n            cidr_ranges:  {\n              address_prefix:  \"10.0.0.0\"\n              prefix_len:  {\n                value:  8\n              }\n            }\n            cidr_ranges:  {\n              address_prefix:  \"172.16.0.0\"\n              prefix_len:  {\n                value:  12\n              }\n            }\n            cidr_ranges:  {\n              address_prefix:  \"192.168.0.0\"\n              prefix_len:  {\n                value:  16\n              }\n            }\n            cidr_ranges:  {\n              address_prefix:  \"127.0.0.1\"\n              prefix_len:  {\n                value:  32\n              }\n            }\n          }\n          upgrade_configs:  {\n            upgrade_type:  \"websocket\"\n          }\n        }\n      }\n    }\n    transport_socket:  {\n      name:  \"envoy.transport_sockets.tls\"\n      typed_config:  {\n        [type.googleapis.com/envoy.extensions.transport_sockets.tls.v3.DownstreamTlsContext]:  {\n          common_tls_context:  {\n            tls_certificate_sds_secret_configs:  {\n              name:  \"cilium-secrets/gateway-conformance-infra-tls-validity-checks-certificate\"\n            }\n          }\n        }\n      }\n    }\n  }\n  listener_filters:  {\n    name:  \"envoy.filters.listener.tls_inspector\"\n    typed_config:  {\n      [type.googleapis.com/envoy.extensions.filters.listener.tls_inspector.v3.TlsInspector]:  {}\n    }\n  }\n  socket_options:  {\n    description:  \"Enable TCP keep-alive (default to enabled)\"\n    level:  1\n    name:  9\n    int_value:  1\n  }\n  socket_options:  {\n    description:  \"TCP keep-alive idle time (in seconds) (defaults to 10s)\"\n    level:  6\n    name:  4\n    int_value:  10\n  }\n  socket_options:  {\n    description:  \"TCP keep-alive probe intervals (in seconds) (defaults to 5s)\"\n    level:  6\n    name:  5\n    int_value:  5\n  }\n  socket_options:  {\n    description:  \"TCP keep-alive probe max failures.\"\n    level:  6\n    name:  6\n    int_value:  10\n  }\n}\n"
time=2026-03-08T05:56:50.380641972Z level=debug source=/go/src/github.com/cilium/cilium/pkg/k8s/apis/cilium.io/v2/cec_types.go:193 msg="CEC unmarshaled XDS Resource" resource="[type.googleapis.com/envoy.config.route.v3.RouteConfiguration]:  {\n  name:  \"listener-insecure\"\n}\n"
time=2026-03-08T05:56:50.380674742Z level=debug source=/go/src/github.com/cilium/cilium/pkg/k8s/apis/cilium.io/v2/cec_types.go:193 msg="CEC unmarshaled XDS Resource" resource="[type.googleapis.com/envoy.config.route.v3.RouteConfiguration]:  {\n  name:  \"listener-secure\"\n}\n"
time=2026-03-08T05:56:50.380732302Z level=info source=/go/src/github.com/cilium/cilium/operator/pkg/gateway-api/gateway_reconcile.go:458 msg="Checking address status for Gateway" module=operator.operator-controlplane.leader-lifecycle.gateway-api controller=gateway resource=gateway-conformance-infra/same-namespace-with-https-listener
time=2026-03-08T05:56:50.380793572Z level=info source=/go/src/github.com/cilium/cilium/operator/pkg/gateway-api/gateway_reconcile.go:494 msg="At least one valid address, marking gateway programmed" module=operator.operator-controlplane.leader-lifecycle.gateway-api controller=gateway resource=gateway-conformance-infra/same-namespace-with-https-listener
time=2026-03-08T05:56:50.384229311Z level=debug source=/go/src/github.com/cilium/cilium/operator/pkg/lbipam/lbipam.go:1646 msg="Updating pool counts" module=operator.operator-controlplane.leader-lifecycle.lbipam
time=2026-03-08T05:56:50.392544971Z level=debug source=/go/src/github.com/cilium/cilium/operator/pkg/secretsync/secretsync_reconcile.go:32 msg="Reconciling secret" module=operator.operator-controlplane.leader-lifecycle.secret-sync resource=gateway-conformance-infra/tls-passthrough-checks-certificate
time=2026-03-08T05:56:50.392745961Z level=debug source=/go/src/github.com/cilium/cilium/operator/pkg/secretsync/secretsync_reconcile.go:100 msg="Successfully reconciled Secret" module=operator.operator-controlplane.leader-lifecycle.secret-sync resource=gateway-conformance-infra/tls-passthrough-checks-certificate action=ignored
time=2026-03-08T05:56:50.393562251Z level=debug source=/go/src/github.com/cilium/cilium/operator/pkg/gateway-api/secretsync.go:53 msg="Enqueued secret for gateway" module=operator.operator-controlplane.leader-lifecycle.gateway-api resource=same-namespace-with-https-listener secret=gateway-conformance-infra/tls-validity-checks-certificate
time=2026-03-08T05:56:50.393609061Z level=debug source=/go/src/github.com/cilium/cilium/operator/pkg/gateway-api/secretsync.go:53 msg="Enqueued secret for gateway" module=operator.operator-controlplane.leader-lifecycle.gateway-api resource=same-namespace-with-https-listener secret=gateway-conformance-infra/tls-validity-checks-certificate
time=2026-03-08T05:56:50.393641411Z level=debug source=/go/src/github.com/cilium/cilium/operator/pkg/gateway-api/secretsync.go:53 msg="Enqueued secret for gateway" module=operator.operator-controlplane.leader-lifecycle.gateway-api resource=same-namespace-with-https-listener secret=gateway-conformance-infra/tls-validity-checks-certificate
time=2026-03-08T05:56:50.393652441Z level=debug source=/go/src/github.com/cilium/cilium/operator/pkg/gateway-api/secretsync.go:53 msg="Enqueued secret for gateway" module=operator.operator-controlplane.leader-lifecycle.gateway-api resource=same-namespace-with-https-listener secret=gateway-conformance-infra/tls-validity-checks-certificate
time=2026-03-08T05:56:50.393708091Z level=debug source=/go/src/github.com/cilium/cilium/operator/pkg/secretsync/secretsync_reconcile.go:32 msg="Reconciling secret" module=operator.operator-controlplane.leader-lifecycle.secret-sync resource=gateway-conformance-infra/tls-validity-checks-certificate
time=2026-03-08T05:56:50.393799631Z level=debug source=/go/src/github.com/cilium/cilium/operator/pkg/secretsync/secretsync_reconcile.go:68 msg="Syncing secret" module=operator.operator-controlplane.leader-lifecycle.secret-sync resource=gateway-conformance-infra/tls-validity-checks-certificate k8sNamespace=cilium-secrets
time=2026-03-08T05:56:50.394347691Z level=info source=/go/src/github.com/cilium/cilium/operator/pkg/gateway-api/gateway_reconcile.go:262 msg="Successfully reconciled Gateway" module=operator.operator-controlplane.leader-lifecycle.gateway-api controller=gateway resource=gateway-conformance-infra/same-namespace-with-https-listener
time=2026-03-08T05:56:50.394521631Z level=info source=/go/src/github.com/cilium/cilium/operator/pkg/gateway-api/gateway_reconcile.go:55 msg="Reconciling Gateway" module=operator.operator-controlplane.leader-lifecycle.gateway-api controller=gateway resource=gateway-conformance-infra/same-namespace-with-https-listener
time=2026-03-08T05:56:50.394764921Z level=debug source=/go/src/github.com/cilium/cilium/operator/pkg/gateway-api/gateway_reconcile.go:870 msg="Updating HTTPRoute statuses for Gateway" module=operator.operator-controlplane.leader-lifecycle.gateway-api controller=gateway resource=gateway-conformance-infra/same-namespace-with-https-listener numRoutes=0
time=2026-03-08T05:56:50.394789511Z level=debug source=/go/src/github.com/cilium/cilium/operator/pkg/gateway-api/gateway_reconcile.go:909 msg="Updating TLSRoute statuses for Gateway" module=operator.operator-controlplane.leader-lifecycle.gateway-api controller=gateway resource=gateway-conformance-infra/same-namespace-with-https-listener numRoutes=0
time=2026-03-08T05:56:50.394799381Z level=debug source=/go/src/github.com/cilium/cilium/operator/pkg/gateway-api/gateway_reconcile.go:943 msg="Updating GRPCRoute statuses for Gateway" module=operator.operator-controlplane.leader-lifecycle.gateway-api controller=gateway resource=gateway-conformance-infra/same-namespace-with-https-listener numRoutes=0
time=2026-03-08T05:56:50.394813011Z level=debug source=/go/src/github.com/cilium/cilium/operator/pkg/gateway-api/gateway_reconcile.go:982 msg="Updating BackendTLSPolicy statuses for Gateway" module=operator.operator-controlplane.leader-lifecycle.gateway-api controller=gateway resource=gateway-conformance-infra/same-namespace-with-https-listener policies=0
time=2026-03-08T05:56:50.399738571Z level=debug source=/go/src/github.com/cilium/cilium/operator/pkg/secretsync/secretsync_reconcile.go:93 msg="Successfully reconciled Secret with resync" module=operator.operator-controlplane.leader-lifecycle.secret-sync resource=gateway-conformance-infra/tls-validity-checks-certificate action=synced syncInterval=52m22.336136663s
time=2026-03-08T05:56:50.401212951Z level=info source=/go/src/github.com/cilium/cilium/operator/pkg/gateway-api/gateway_reconcile.go:458 msg="Checking address status for Gateway" module=operator.operator-controlplane.leader-lifecycle.gateway-api controller=gateway resource=gateway-conformance-infra/same-namespace-with-https-listener
time=2026-03-08T05:56:50.401272141Z level=info source=/go/src/github.com/cilium/cilium/operator/pkg/gateway-api/gateway_reconcile.go:494 msg="At least one valid address, marking gateway programmed" module=operator.operator-controlplane.leader-lifecycle.gateway-api controller=gateway resource=gateway-conformance-infra/same-namespace-with-https-listener
time=2026-03-08T05:56:50.401442611Z level=info source=/go/src/github.com/cilium/cilium/operator/pkg/gateway-api/gateway_reconcile.go:262 msg="Successfully reconciled Gateway" module=operator.operator-controlplane.leader-lifecycle.gateway-api controller=gateway resource=gateway-conformance-infra/same-namespace-with-https-listener
time=2026-03-08T05:56:50.414151551Z level=debug source=/go/src/github.com/cilium/cilium/operator/identitygc/heartbeat.go:37 msg="Marking identity alive" module=operator.operator-controlplane.leader-lifecycle.k8s-identities-gc subsys=identity-heartbeat identity=8234
time=2026-03-08T05:56:50.45073156Z level=debug source=/go/src/github.com/cilium/cilium/operator/pkg/secretsync/secretsync_reconcile.go:32 msg="Reconciling secret" module=operator.operator-controlplane.leader-lifecycle.secret-sync resource=gateway-conformance-app-backend/tls-passthrough-checks-certificate
time=2026-03-08T05:56:50.450902689Z level=debug source=/go/src/github.com/cilium/cilium/operator/pkg/secretsync/secretsync_reconcile.go:100 msg="Successfully reconciled Secret" module=operator.operator-controlplane.leader-lifecycle.secret-sync resource=gateway-conformance-app-backend/tls-passthrough-checks-certificate action=ignored
time=2026-03-08T05:56:50.497287709Z level=debug source=/go/src/github.com/cilium/cilium/operator/pkg/secretsync/configmapsync_reconcile.go:32 msg="Reconciling ConfigMap" module=operator.operator-controlplane.leader-lifecycle.secret-sync resource=gateway-conformance-infra/tls-checks-ca-certificate
time=2026-03-08T05:56:50.497427249Z level=debug source=/go/src/github.com/cilium/cilium/operator/pkg/secretsync/configmapsync_reconcile.go:102 msg="Successfully reconciled ConfigMap" module=operator.operator-controlplane.leader-lifecycle.secret-sync resource=gateway-conformance-infra/tls-checks-ca-certificate action=ignored
time=2026-03-08T05:56:50.613604585Z level=debug source=/go/src/github.com/cilium/cilium/operator/pkg/secretsync/secretsync_reconcile.go:32 msg="Reconciling secret" module=operator.operator-controlplane.leader-lifecycle.secret-sync resource=gateway-conformance-infra/tls-checks-certificate
time=2026-03-08T05:56:50.613739445Z level=debug source=/go/src/github.com/cilium/cilium/operator/pkg/secretsync/secretsync_reconcile.go:100 msg="Successfully reconciled Secret" module=operator.operator-controlplane.leader-lifecycle.secret-sync resource=gateway-conformance-infra/tls-checks-certificate action=ignored
time=2026-03-08T05:56:50.646830915Z level=debug source=/go/src/github.com/cilium/cilium/operator/identitygc/heartbeat.go:37 msg="Marking identity alive" module=operator.operator-controlplane.leader-lifecycle.k8s-identities-gc subsys=identity-heartbeat identity=54900
time=2026-03-08T05:56:50.648666315Z level=debug source=/go/src/github.com/cilium/cilium/operator/pkg/secretsync/configmapsync_reconcile.go:32 msg="Reconciling ConfigMap" module=operator.operator-controlplane.leader-lifecycle.secret-sync resource=gateway-conformance-infra/mismatch-ca-certificate
time=2026-03-08T05:56:50.648756845Z level=debug source=/go/src/github.com/cilium/cilium/operator/pkg/secretsync/configmapsync_reconcile.go:102 msg="Successfully reconciled ConfigMap" module=operator.operator-controlplane.leader-lifecycle.secret-sync resource=gateway-conformance-infra/mismatch-ca-certificate action=ignored
time=2026-03-08T05:56:50.708461713Z level=debug source=/go/src/github.com/cilium/cilium/operator/identitygc/heartbeat.go:37 msg="Marking identity alive" module=operator.operator-controlplane.leader-lifecycle.k8s-identities-gc subsys=identity-heartbeat identity=41490
time=2026-03-08T05:56:51.328504698Z level=debug source=/go/src/github.com/cilium/cilium/operator/identitygc/heartbeat.go:37 msg="Marking identity alive" module=operator.operator-controlplane.leader-lifecycle.k8s-identities-gc subsys=identity-heartbeat identity=50246
time=2026-03-08T05:56:51.359570527Z level=debug source=/go/src/github.com/cilium/cilium/operator/identitygc/heartbeat.go:37 msg="Marking identity alive" module=operator.operator-controlplane.leader-lifecycle.k8s-identities-gc subsys=identity-heartbeat identity=12208
time=2026-03-08T05:56:51.690777969Z level=debug source=/go/src/github.com/cilium/cilium/operator/identitygc/heartbeat.go:37 msg="Marking identity alive" module=operator.operator-controlplane.leader-lifecycle.k8s-identities-gc subsys=identity-heartbeat identity=31255
time=2026-03-08T05:56:52.007716651Z level=debug source=/go/src/github.com/cilium/cilium/operator/identitygc/heartbeat.go:37 msg="Marking identity alive" module=operator.operator-controlplane.leader-lifecycle.k8s-identities-gc subsys=identity-heartbeat identity=31702
time=2026-03-08T05:56:52.04748554Z level=debug source=/go/src/github.com/cilium/cilium/operator/identitygc/heartbeat.go:37 msg="Marking identity alive" module=operator.operator-controlplane.leader-lifecycle.k8s-identities-gc subsys=identity-heartbeat identity=9142
time=2026-03-08T05:56:52.05268952Z level=debug source=/go/src/github.com/cilium/cilium/operator/identitygc/heartbeat.go:37 msg="Marking identity alive" module=operator.operator-controlplane.leader-lifecycle.k8s-identities-gc subsys=identity-heartbeat identity=39452
time=2026-03-08T05:56:52.129584368Z level=debug source=/go/src/github.com/cilium/cilium/operator/identitygc/heartbeat.go:37 msg="Marking identity alive" module=operator.operator-controlplane.leader-lifecycle.k8s-identities-gc subsys=identity-heartbeat identity=30492
time=2026-03-08T05:56:52.529671917Z level=debug source=/go/src/github.com/cilium/cilium/operator/identitygc/heartbeat.go:37 msg="Marking identity alive" module=operator.operator-controlplane.leader-lifecycle.k8s-identities-gc subsys=identity-heartbeat identity=59058
time=2026-03-08T05:56:52.802338081Z level=debug source=/go/src/github.com/cilium/cilium/operator/identitygc/heartbeat.go:37 msg="Marking identity alive" module=operator.operator-controlplane.leader-lifecycle.k8s-identities-gc subsys=identity-heartbeat identity=38657
time=2026-03-08T05:57:01.279107591Z level=debug source=/go/src/github.com/cilium/cilium/operator/unmanagedpods/controller.go:154 msg="Found managed pod due to presence of a CEP" module=operator.operator-controlplane.leader-lifecycle.unmanaged-pods-gc error=<nil> k8sPodName=kube-system/coredns-7d764666f9-9kf9j identity=0
time=2026-03-08T05:57:01.279195161Z level=debug source=/go/src/github.com/cilium/cilium/operator/unmanagedpods/controller.go:154 msg="Found managed pod due to presence of a CEP" module=operator.operator-controlplane.leader-lifecycle.unmanaged-pods-gc error=<nil> k8sPodName=kube-system/coredns-7d764666f9-6htsd identity=0
time=2026-03-08T05:57:01.279210261Z level=debug source=/go/src/github.com/cilium/cilium/pkg/controller/controller.go:338 msg="Controller func executed" subsys=controller name=restart-unmanaged-pods uuid=297bd89c-e3c5-463a-bff7-703afa64896b duration=128.74µs
time=2026-03-08T05:57:03.682641212Z level=info source=/go/src/github.com/cilium/cilium/operator/pkg/gateway-api/gateway_reconcile.go:55 msg="Reconciling Gateway" module=operator.operator-controlplane.leader-lifecycle.gateway-api controller=gateway resource=gateway-conformance-infra/all-namespaces
time=2026-03-08T05:57:03.682848912Z level=debug source=/go/src/github.com/cilium/cilium/operator/pkg/gateway-api/gateway_reconcile.go:870 msg="Updating HTTPRoute statuses for Gateway" module=operator.operator-controlplane.leader-lifecycle.gateway-api controller=gateway resource=gateway-conformance-infra/all-namespaces numRoutes=0
time=2026-03-08T05:57:03.682880112Z level=debug source=/go/src/github.com/cilium/cilium/operator/pkg/gateway-api/gateway_reconcile.go:909 msg="Updating TLSRoute statuses for Gateway" module=operator.operator-controlplane.leader-lifecycle.gateway-api controller=gateway resource=gateway-conformance-infra/all-namespaces numRoutes=0
time=2026-03-08T05:57:03.682896852Z level=debug source=/go/src/github.com/cilium/cilium/operator/pkg/gateway-api/gateway_reconcile.go:943 msg="Updating GRPCRoute statuses for Gateway" module=operator.operator-controlplane.leader-lifecycle.gateway-api controller=gateway resource=gateway-conformance-infra/all-namespaces numRoutes=0
time=2026-03-08T05:57:03.682912381Z level=debug source=/go/src/github.com/cilium/cilium/operator/pkg/gateway-api/gateway_reconcile.go:982 msg="Updating BackendTLSPolicy statuses for Gateway" module=operator.operator-controlplane.leader-lifecycle.gateway-api controller=gateway resource=gateway-conformance-infra/all-namespaces policies=0
time=2026-03-08T05:57:03.689682801Z level=debug source=/go/src/github.com/cilium/cilium/operator/pkg/secretsync/configmapsync_reconcile.go:32 msg="Reconciling ConfigMap" module=operator.operator-controlplane.leader-lifecycle.secret-sync resource=gateway-conformance-mesh/kube-root-ca.crt
time=2026-03-08T05:57:03.689781211Z level=debug source=/go/src/github.com/cilium/cilium/operator/pkg/secretsync/configmapsync_reconcile.go:102 msg="Successfully reconciled ConfigMap" module=operator.operator-controlplane.leader-lifecycle.secret-sync resource=gateway-conformance-mesh/kube-root-ca.crt action=ignored
time=2026-03-08T05:57:03.690409741Z level=info source=/go/src/github.com/cilium/cilium/operator/pkg/gateway-api/gateway_reconcile.go:458 msg="Checking address status for Gateway" module=operator.operator-controlplane.leader-lifecycle.gateway-api controller=gateway resource=gateway-conformance-infra/all-namespaces
time=2026-03-08T05:57:03.690465911Z level=info source=/go/src/github.com/cilium/cilium/operator/pkg/gateway-api/gateway_reconcile.go:494 msg="At least one valid address, marking gateway programmed" module=operator.operator-controlplane.leader-lifecycle.gateway-api controller=gateway resource=gateway-conformance-infra/all-namespaces
time=2026-03-08T05:57:03.690612861Z level=info source=/go/src/github.com/cilium/cilium/operator/pkg/gateway-api/gateway_reconcile.go:262 msg="Successfully reconciled Gateway" module=operator.operator-controlplane.leader-lifecycle.gateway-api controller=gateway resource=gateway-conformance-infra/all-namespaces
time=2026-03-08T05:57:03.702456251Z level=debug source=/go/src/github.com/cilium/cilium/operator/pkg/lbipam/lbipam.go:1646 msg="Updating pool counts" module=operator.operator-controlplane.leader-lifecycle.lbipam
time=2026-03-08T05:57:03.702692421Z level=info source=/go/src/github.com/cilium/cilium/operator/pkg/gateway-api/gamma_reconcile.go:46 msg="Reconciling GAMMA service" module=operator.operator-controlplane.leader-lifecycle.gateway-api controller=gamma resource=gateway-conformance-mesh/echo-v1
time=2026-03-08T05:57:03.72993282Z level=debug source=/go/src/github.com/cilium/cilium/operator/pkg/lbipam/lbipam.go:1646 msg="Updating pool counts" module=operator.operator-controlplane.leader-lifecycle.lbipam
time=2026-03-08T05:57:03.73018046Z level=info source=/go/src/github.com/cilium/cilium/operator/pkg/gateway-api/gamma_reconcile.go:46 msg="Reconciling GAMMA service" module=operator.operator-controlplane.leader-lifecycle.gateway-api controller=gamma resource=gateway-conformance-mesh/echo-v2
time=2026-03-08T05:57:03.74210115Z level=debug source=/go/src/github.com/cilium/cilium/operator/pkg/lbipam/lbipam.go:1646 msg="Updating pool counts" module=operator.operator-controlplane.leader-lifecycle.lbipam
time=2026-03-08T05:57:03.74237849Z level=info source=/go/src/github.com/cilium/cilium/operator/pkg/gateway-api/gamma_reconcile.go:46 msg="Reconciling GAMMA service" module=operator.operator-controlplane.leader-lifecycle.gateway-api controller=gamma resource=gateway-conformance-mesh/echo
time=2026-03-08T05:57:03.750402859Z level=info source=/go/src/github.com/cilium/cilium/operator/pkg/gateway-api/gateway_reconcile.go:55 msg="Reconciling Gateway" module=operator.operator-controlplane.leader-lifecycle.gateway-api controller=gateway resource=gateway-conformance-infra/all-namespaces
time=2026-03-08T05:57:03.750651729Z level=debug source=/go/src/github.com/cilium/cilium/operator/pkg/gateway-api/gateway_reconcile.go:870 msg="Updating HTTPRoute statuses for Gateway" module=operator.operator-controlplane.leader-lifecycle.gateway-api controller=gateway resource=gateway-conformance-infra/all-namespaces numRoutes=0
time=2026-03-08T05:57:03.750682529Z level=debug source=/go/src/github.com/cilium/cilium/operator/pkg/gateway-api/gateway_reconcile.go:909 msg="Updating TLSRoute statuses for Gateway" module=operator.operator-controlplane.leader-lifecycle.gateway-api controller=gateway resource=gateway-conformance-infra/all-namespaces numRoutes=0
time=2026-03-08T05:57:03.750693079Z level=debug source=/go/src/github.com/cilium/cilium/operator/pkg/gateway-api/gateway_reconcile.go:943 msg="Updating GRPCRoute statuses for Gateway" module=operator.operator-controlplane.leader-lifecycle.gateway-api controller=gateway resource=gateway-conformance-infra/all-namespaces numRoutes=0
time=2026-03-08T05:57:03.750704149Z level=debug source=/go/src/github.com/cilium/cilium/operator/pkg/gateway-api/gateway_reconcile.go:982 msg="Updating BackendTLSPolicy statuses for Gateway" module=operator.operator-controlplane.leader-lifecycle.gateway-api controller=gateway resource=gateway-conformance-infra/all-namespaces policies=0
time=2026-03-08T05:57:03.755918159Z level=debug source=/go/src/github.com/cilium/cilium/operator/pkg/secretsync/configmapsync_reconcile.go:32 msg="Reconciling ConfigMap" module=operator.operator-controlplane.leader-lifecycle.secret-sync resource=gateway-conformance-mesh-consumer/kube-root-ca.crt
time=2026-03-08T05:57:03.755993719Z level=debug source=/go/src/github.com/cilium/cilium/operator/pkg/secretsync/configmapsync_reconcile.go:102 msg="Successfully reconciled ConfigMap" module=operator.operator-controlplane.leader-lifecycle.secret-sync resource=gateway-conformance-mesh-consumer/kube-root-ca.crt action=ignored
time=2026-03-08T05:57:03.756748719Z level=info source=/go/src/github.com/cilium/cilium/operator/pkg/gateway-api/gateway_reconcile.go:458 msg="Checking address status for Gateway" module=operator.operator-controlplane.leader-lifecycle.gateway-api controller=gateway resource=gateway-conformance-infra/all-namespaces
time=2026-03-08T05:57:03.756817279Z level=info source=/go/src/github.com/cilium/cilium/operator/pkg/gateway-api/gateway_reconcile.go:494 msg="At least one valid address, marking gateway programmed" module=operator.operator-controlplane.leader-lifecycle.gateway-api controller=gateway resource=gateway-conformance-infra/all-namespaces
time=2026-03-08T05:57:03.75693339Z level=info source=/go/src/github.com/cilium/cilium/operator/pkg/gateway-api/gateway_reconcile.go:262 msg="Successfully reconciled Gateway" module=operator.operator-controlplane.leader-lifecycle.gateway-api controller=gateway resource=gateway-conformance-infra/all-namespaces
time=2026-03-08T05:57:04.277395866Z level=debug source=/go/src/github.com/cilium/cilium/operator/identitygc/heartbeat.go:37 msg="Marking identity alive" module=operator.operator-controlplane.leader-lifecycle.k8s-identities-gc subsys=identity-heartbeat identity=3541
time=2026-03-08T05:57:04.356998695Z level=debug source=/go/src/github.com/cilium/cilium/operator/identitygc/heartbeat.go:37 msg="Marking identity alive" module=operator.operator-controlplane.leader-lifecycle.k8s-identities-gc subsys=identity-heartbeat identity=35006
time=2026-03-08T05:57:04.403853243Z level=debug source=/go/src/github.com/cilium/cilium/operator/identitygc/heartbeat.go:37 msg="Marking identity alive" module=operator.operator-controlplane.leader-lifecycle.k8s-identities-gc subsys=identity-heartbeat identity=18047
time=2026-03-08T05:57:13.784826633Z level=info source=/go/src/github.com/cilium/cilium/operator/pkg/gateway-api/gateway.go:613 msg="Enqueued gateway for Route" module=operator.operator-controlplane.leader-lifecycle.gateway-api controller=gateway resource=gateway-conformance-infra/backendtlspolicy-invalid-ca-certificate-ref k8sNamespace=gateway-conformance-infra parentResource=same-namespace route=backendtlspolicy-invalid-ca-certificate-ref
time=2026-03-08T05:57:13.784950943Z level=info source=/go/src/github.com/cilium/cilium/operator/pkg/gateway-api/gateway_reconcile.go:55 msg="Reconciling Gateway" module=operator.operator-controlplane.leader-lifecycle.gateway-api controller=gateway resource=gateway-conformance-infra/same-namespace
time=2026-03-08T05:57:13.785183273Z level=debug source=/go/src/github.com/cilium/cilium/operator/pkg/gateway-api/gateway_reconcile.go:870 msg="Updating HTTPRoute statuses for Gateway" module=operator.operator-controlplane.leader-lifecycle.gateway-api controller=gateway resource=gateway-conformance-infra/same-namespace numRoutes=1
time=2026-03-08T05:57:13.785447383Z level=debug source=/go/src/github.com/cilium/cilium/operator/pkg/gateway-api/gateway_reconcile.go:1234 msg="Updating HTTPRoute status" module=operator.operator-controlplane.leader-lifecycle.gateway-api controller=gateway resource=gateway-conformance-infra/same-namespace httpRoute=gateway-conformance-infra/backendtlspolicy-invalid-ca-certificate-ref
time=2026-03-08T05:57:13.792618723Z level=debug source=/go/src/github.com/cilium/cilium/operator/pkg/gateway-api/gateway_reconcile.go:909 msg="Updating TLSRoute statuses for Gateway" module=operator.operator-controlplane.leader-lifecycle.gateway-api controller=gateway resource=gateway-conformance-infra/same-namespace numRoutes=0
time=2026-03-08T05:57:13.792682093Z level=debug source=/go/src/github.com/cilium/cilium/operator/pkg/gateway-api/gateway_reconcile.go:943 msg="Updating GRPCRoute statuses for Gateway" module=operator.operator-controlplane.leader-lifecycle.gateway-api controller=gateway resource=gateway-conformance-infra/same-namespace numRoutes=0
time=2026-03-08T05:57:13.792705663Z level=debug source=/go/src/github.com/cilium/cilium/operator/pkg/gateway-api/gateway_reconcile.go:982 msg="Updating BackendTLSPolicy statuses for Gateway" module=operator.operator-controlplane.leader-lifecycle.gateway-api controller=gateway resource=gateway-conformance-infra/same-namespace policies=0
time=2026-03-08T05:57:13.792659913Z level=info source=/go/src/github.com/cilium/cilium/operator/pkg/gateway-api/gateway.go:613 msg="Enqueued gateway for Route" module=operator.operator-controlplane.leader-lifecycle.gateway-api controller=gateway resource=gateway-conformance-infra/backendtlspolicy-invalid-ca-certificate-ref k8sNamespace=gateway-conformance-infra parentResource=same-namespace route=backendtlspolicy-invalid-ca-certificate-ref
time=2026-03-08T05:57:13.792849723Z level=info source=/go/src/github.com/cilium/cilium/operator/pkg/gateway-api/gateway.go:613 msg="Enqueued gateway for Route" module=operator.operator-controlplane.leader-lifecycle.gateway-api controller=gateway resource=gateway-conformance-infra/backendtlspolicy-invalid-ca-certificate-ref k8sNamespace=gateway-conformance-infra parentResource=same-namespace route=backendtlspolicy-invalid-ca-certificate-ref
time=2026-03-08T05:57:13.798292863Z level=info source=/go/src/github.com/cilium/cilium/operator/pkg/gateway-api/gamma_reconcile.go:46 msg="Reconciling GAMMA service" module=operator.operator-controlplane.leader-lifecycle.gateway-api controller=gamma resource=gateway-conformance-infra/backendtlspolicy-nonexistent-ca-certificate-ref-test
time=2026-03-08T05:57:13.798379143Z level=debug source=/go/src/github.com/cilium/cilium/operator/pkg/lbipam/lbipam.go:1646 msg="Updating pool counts" module=operator.operator-controlplane.leader-lifecycle.lbipam
time=2026-03-08T05:57:13.807816243Z level=debug source=/go/src/github.com/cilium/cilium/pkg/k8s/apis/cilium.io/v2/cec_types.go:193 msg="CEC unmarshaled XDS Resource" resource="[type.googleapis.com/envoy.config.listener.v3.Listener]:  {\n  name:  \"listener\"\n  filter_chains:  {\n    filter_chain_match:  {\n      transport_protocol:  \"raw_buffer\"\n    }\n    filters:  {\n      name:  \"envoy.filters.network.http_connection_manager\"\n      typed_config:  {\n        [type.googleapis.com/envoy.extensions.filters.network.http_connection_manager.v3.HttpConnectionManager]:  {\n          stat_prefix:  \"listener-insecure\"\n          rds:  {\n            route_config_name:  \"listener-insecure\"\n          }\n          http_filters:  {\n            name:  \"envoy.filters.http.grpc_web\"\n            typed_config:  {\n              [type.googleapis.com/envoy.extensions.filters.http.grpc_web.v3.GrpcWeb]:  {}\n            }\n          }\n          http_filters:  {\n            name:  \"envoy.filters.http.grpc_stats\"\n            typed_config:  {\n              [type.googleapis.com/envoy.extensions.filters.http.grpc_stats.v3.FilterConfig]:  {\n                emit_filter_state:  true\n                enable_upstream_stats:  true\n              }\n            }\n          }\n          http_filters:  {\n            name:  \"envoy.filters.http.router\"\n            typed_config:  {\n              [type.googleapis.com/envoy.extensions.filters.http.router.v3.Router]:  {}\n            }\n          }\n          common_http_protocol_options:  {\n            max_stream_duration:  {}\n          }\n          stream_idle_timeout:  {\n            seconds:  300\n          }\n          use_remote_address:  {\n            value:  true\n          }\n          internal_address_config:  {\n            cidr_ranges:  {\n              address_prefix:  \"10.0.0.0\"\n              prefix_len:  {\n                value:  8\n              }\n            }\n            cidr_ranges:  {\n              address_prefix:  \"172.16.0.0\"\n              prefix_len:  {\n                value:  12\n              }\n            }\n            cidr_ranges:  {\n              address_prefix:  \"192.168.0.0\"\n              prefix_len:  {\n                value:  16\n              }\n            }\n            cidr_ranges:  {\n              address_prefix:  \"127.0.0.1\"\n              prefix_len:  {\n                value:  32\n              }\n            }\n          }\n          upgrade_configs:  {\n            upgrade_type:  \"websocket\"\n          }\n        }\n      }\n    }\n  }\n  listener_filters:  {\n    name:  \"envoy.filters.listener.tls_inspector\"\n    typed_config:  {\n      [type.googleapis.com/envoy.extensions.filters.listener.tls_inspector.v3.TlsInspector]:  {}\n    }\n  }\n  socket_options:  {\n    description:  \"Enable TCP keep-alive (default to enabled)\"\n    level:  1\n    name:  9\n    int_value:  1\n  }\n  socket_options:  {\n    description:  \"TCP keep-alive idle time (in seconds) (defaults to 10s)\"\n    level:  6\n    name:  4\n    int_value:  10\n  }\n  socket_options:  {\n    description:  \"TCP keep-alive probe intervals (in seconds) (defaults to 5s)\"\n    level:  6\n    name:  5\n    int_value:  5\n  }\n  socket_options:  {\n    description:  \"TCP keep-alive probe max failures.\"\n    level:  6\n    name:  6\n    int_value:  10\n  }\n}\n"
time=2026-03-08T05:57:13.808018713Z level=debug source=/go/src/github.com/cilium/cilium/pkg/k8s/apis/cilium.io/v2/cec_types.go:193 msg="CEC unmarshaled XDS Resource" resource="[type.googleapis.com/envoy.config.route.v3.RouteConfiguration]:  {\n  name:  \"listener-insecure\"\n  virtual_hosts:  {\n    name:  \"abc.example.com\"\n    domains:  \"abc.example.com\"\n    domains:  \"abc.example.com:*\"\n    routes:  {\n      match:  {\n        path:  \"/backendtlspolicy-nonexistent-ca-certificate-ref\"\n      }\n      direct_response:  {\n        status:  500\n        body:  {\n          inline_string:  \"\"\n        }\n      }\n    }\n    routes:  {\n      match:  {\n        path:  \"/backendtlspolicy-malformed-ca-certificate-ref\"\n      }\n      direct_response:  {\n        status:  500\n        body:  {\n          inline_string:  \"\"\n        }\n      }\n    }\n  }\n}\n"
time=2026-03-08T05:57:13.808074043Z level=info source=/go/src/github.com/cilium/cilium/operator/pkg/gateway-api/gateway_reconcile.go:458 msg="Checking address status for Gateway" module=operator.operator-controlplane.leader-lifecycle.gateway-api controller=gateway resource=gateway-conformance-infra/same-namespace
time=2026-03-08T05:57:13.808136673Z level=info source=/go/src/github.com/cilium/cilium/operator/pkg/gateway-api/gateway_reconcile.go:494 msg="At least one valid address, marking gateway programmed" module=operator.operator-controlplane.leader-lifecycle.gateway-api controller=gateway resource=gateway-conformance-infra/same-namespace
time=2026-03-08T05:57:13.811287713Z level=debug source=/go/src/github.com/cilium/cilium/pkg/k8s/apis/cilium.io/v2/cec_types.go:193 msg="CEC unmarshaled XDS Resource" resource="[type.googleapis.com/envoy.config.listener.v3.Listener]:  {\n  name:  \"listener\"\n  filter_chains:  {\n    filter_chain_match:  {\n      transport_protocol:  \"raw_buffer\"\n    }\n    filters:  {\n      name:  \"envoy.filters.network.http_connection_manager\"\n      typed_config:  {\n        [type.googleapis.com/envoy.extensions.filters.network.http_connection_manager.v3.HttpConnectionManager]:  {\n          stat_prefix:  \"listener-insecure\"\n          rds:  {\n            route_config_name:  \"listener-insecure\"\n          }\n          http_filters:  {\n            name:  \"envoy.filters.http.grpc_web\"\n            typed_config:  {\n              [type.googleapis.com/envoy.extensions.filters.http.grpc_web.v3.GrpcWeb]:  {}\n            }\n          }\n          http_filters:  {\n            name:  \"envoy.filters.http.grpc_stats\"\n            typed_config:  {\n              [type.googleapis.com/envoy.extensions.filters.http.grpc_stats.v3.FilterConfig]:  {\n                emit_filter_state:  true\n                enable_upstream_stats:  true\n              }\n            }\n          }\n          http_filters:  {\n            name:  \"envoy.filters.http.router\"\n            typed_config:  {\n              [type.googleapis.com/envoy.extensions.filters.http.router.v3.Router]:  {}\n            }\n          }\n          common_http_protocol_options:  {\n            max_stream_duration:  {}\n          }\n          stream_idle_timeout:  {\n            seconds:  300\n          }\n          use_remote_address:  {\n            value:  true\n          }\n          internal_address_config:  {\n            cidr_ranges:  {\n              address_prefix:  \"10.0.0.0\"\n              prefix_len:  {\n                value:  8\n              }\n            }\n            cidr_ranges:  {\n              address_prefix:  \"172.16.0.0\"\n              prefix_len:  {\n                value:  12\n              }\n            }\n            cidr_ranges:  {\n              address_prefix:  \"192.168.0.0\"\n              prefix_len:  {\n                value:  16\n              }\n            }\n            cidr_ranges:  {\n              address_prefix:  \"127.0.0.1\"\n              prefix_len:  {\n                value:  32\n              }\n            }\n          }\n          upgrade_configs:  {\n            upgrade_type:  \"websocket\"\n          }\n        }\n      }\n    }\n  }\n  listener_filters:  {\n    name:  \"envoy.filters.listener.tls_inspector\"\n    typed_config:  {\n      [type.googleapis.com/envoy.extensions.filters.listener.tls_inspector.v3.TlsInspector]:  {}\n    }\n  }\n  socket_options:  {\n    description:  \"Enable TCP keep-alive (default to enabled)\"\n    level:  1\n    name:  9\n    int_value:  1\n  }\n  socket_options:  {\n    description:  \"TCP keep-alive idle time (in seconds) (defaults to 10s)\"\n    level:  6\n    name:  4\n    int_value:  10\n  }\n  socket_options:  {\n    description:  \"TCP keep-alive probe intervals (in seconds) (defaults to 5s)\"\n    level:  6\n    name:  5\n    int_value:  5\n  }\n  socket_options:  {\n    description:  \"TCP keep-alive probe max failures.\"\n    level:  6\n    name:  6\n    int_value:  10\n  }\n}\n"
time=2026-03-08T05:57:13.811550143Z level=debug source=/go/src/github.com/cilium/cilium/pkg/k8s/apis/cilium.io/v2/cec_types.go:193 msg="CEC unmarshaled XDS Resource" resource="[type.googleapis.com/envoy.config.route.v3.RouteConfiguration]:  {\n  name:  \"listener-insecure\"\n  virtual_hosts:  {\n    name:  \"abc.example.com\"\n    domains:  \"abc.example.com\"\n    domains:  \"abc.example.com:*\"\n    routes:  {\n      match:  {\n        path:  \"/backendtlspolicy-nonexistent-ca-certificate-ref\"\n      }\n      direct_response:  {\n        status:  500\n        body:  {\n          inline_string:  \"\"\n        }\n      }\n    }\n    routes:  {\n      match:  {\n        path:  \"/backendtlspolicy-malformed-ca-certificate-ref\"\n      }\n      direct_response:  {\n        status:  500\n        body:  {\n          inline_string:  \"\"\n        }\n      }\n    }\n  }\n}\n"
time=2026-03-08T05:57:13.817895492Z level=info source=/go/src/github.com/cilium/cilium/operator/pkg/gateway-api/gamma_reconcile.go:46 msg="Reconciling GAMMA service" module=operator.operator-controlplane.leader-lifecycle.gateway-api controller=gamma resource=gateway-conformance-infra/backendtlspolicy-malformed-ca-certificate-ref-test
time=2026-03-08T05:57:13.818586492Z level=debug source=/go/src/github.com/cilium/cilium/operator/pkg/lbipam/lbipam.go:1646 msg="Updating pool counts" module=operator.operator-controlplane.leader-lifecycle.lbipam
time=2026-03-08T05:57:13.825170912Z level=info source=/go/src/github.com/cilium/cilium/operator/pkg/gateway-api/gateway_reconcile.go:262 msg="Successfully reconciled Gateway" module=operator.operator-controlplane.leader-lifecycle.gateway-api controller=gateway resource=gateway-conformance-infra/same-namespace
time=2026-03-08T05:57:13.825329192Z level=info source=/go/src/github.com/cilium/cilium/operator/pkg/gateway-api/gateway_reconcile.go:55 msg="Reconciling Gateway" module=operator.operator-controlplane.leader-lifecycle.gateway-api controller=gateway resource=gateway-conformance-infra/same-namespace
time=2026-03-08T05:57:13.825624772Z level=debug source=/go/src/github.com/cilium/cilium/operator/pkg/gateway-api/gateway_reconcile.go:870 msg="Updating HTTPRoute statuses for Gateway" module=operator.operator-controlplane.leader-lifecycle.gateway-api controller=gateway resource=gateway-conformance-infra/same-namespace numRoutes=1
time=2026-03-08T05:57:13.826046742Z level=debug source=/go/src/github.com/cilium/cilium/operator/pkg/gateway-api/gateway_reconcile.go:1234 msg="Updating HTTPRoute status" module=operator.operator-controlplane.leader-lifecycle.gateway-api controller=gateway resource=gateway-conformance-infra/same-namespace httpRoute=gateway-conformance-infra/backendtlspolicy-invalid-ca-certificate-ref
time=2026-03-08T05:57:13.846007402Z level=debug source=/go/src/github.com/cilium/cilium/operator/pkg/gateway-api/gateway_reconcile.go:909 msg="Updating TLSRoute statuses for Gateway" module=operator.operator-controlplane.leader-lifecycle.gateway-api controller=gateway resource=gateway-conformance-infra/same-namespace numRoutes=0
time=2026-03-08T05:57:13.846055522Z level=debug source=/go/src/github.com/cilium/cilium/operator/pkg/gateway-api/gateway_reconcile.go:943 msg="Updating GRPCRoute statuses for Gateway" module=operator.operator-controlplane.leader-lifecycle.gateway-api controller=gateway resource=gateway-conformance-infra/same-namespace numRoutes=0
time=2026-03-08T05:57:13.846074202Z level=debug source=/go/src/github.com/cilium/cilium/operator/pkg/gateway-api/gateway_reconcile.go:982 msg="Updating BackendTLSPolicy statuses for Gateway" module=operator.operator-controlplane.leader-lifecycle.gateway-api controller=gateway resource=gateway-conformance-infra/same-namespace policies=0
time=2026-03-08T05:57:13.846105872Z level=debug source=/go/src/github.com/cilium/cilium/operator/pkg/model/ingestion/gateway.go:389 msg="Checking Backend TLS Details for service" module=operator.operator-controlplane.leader-lifecycle.gateway-api controller=gateway resource=gateway-conformance-infra/same-namespace service=gateway-conformance-infra/backendtlspolicy-nonexistent-ca-certificate-ref-test backend="{Name:backendtlspolicy-nonexistent-ca-certificate-ref-test Namespace:gateway-conformance-infra Port:0x1ce33f2a7b78 AppProtocol:0x1ce33f2a9550 TLS:<nil> Weight:0x1ce33d873dfc}" port=443
time=2026-03-08T05:57:13.846142382Z level=debug source=/go/src/github.com/cilium/cilium/operator/pkg/model/ingestion/gateway.go:389 msg="Checking Backend TLS Details for service" module=operator.operator-controlplane.leader-lifecycle.gateway-api controller=gateway resource=gateway-conformance-infra/same-namespace service=gateway-conformance-infra/backendtlspolicy-malformed-ca-certificate-ref-test backend="{Name:backendtlspolicy-malformed-ca-certificate-ref-test Namespace:gateway-conformance-infra Port:0x1ce33f2a7ba8 AppProtocol:0x1ce33f2a95a0 TLS:<nil> Weight:0x1ce33d873e04}" port=443
time=2026-03-08T05:57:13.846581182Z level=debug source=/go/src/github.com/cilium/cilium/operator/pkg/gateway-api/secretsync.go:95 msg="Enqueued configmap for backendtlspolicy" module=operator.operator-controlplane.leader-lifecycle.gateway-api resource=nonexistent-ca-certificate-ref configMapName=gateway-conformance-infra/nonexistent-ca-certificate
time=2026-03-08T05:57:13.846662542Z level=info source=/go/src/github.com/cilium/cilium/operator/pkg/gateway-api/gateway.go:613 msg="Enqueued gateway for Route" module=operator.operator-controlplane.leader-lifecycle.gateway-api controller=gateway resource=gateway-conformance-infra/backendtlspolicy-invalid-ca-certificate-ref k8sNamespace=gateway-conformance-infra parentResource=same-namespace route=backendtlspolicy-invalid-ca-certificate-ref
time=2026-03-08T05:57:13.846693292Z level=debug source=/go/src/github.com/cilium/cilium/operator/pkg/secretsync/configmapsync_reconcile.go:32 msg="Reconciling ConfigMap" module=operator.operator-controlplane.leader-lifecycle.secret-sync resource=gateway-conformance-infra/nonexistent-ca-certificate
time=2026-03-08T05:57:13.846712842Z level=info source=/go/src/github.com/cilium/cilium/operator/pkg/gateway-api/gateway.go:613 msg="Enqueued gateway for Route" module=operator.operator-controlplane.leader-lifecycle.gateway-api controller=gateway resource=gateway-conformance-infra/backendtlspolicy-invalid-ca-certificate-ref k8sNamespace=gateway-conformance-infra parentResource=same-namespace route=backendtlspolicy-invalid-ca-certificate-ref
time=2026-03-08T05:57:13.846686062Z level=debug source=/go/src/github.com/cilium/cilium/operator/pkg/gateway-api/gateway.go:359 msg="BackendTLSPolicy relevant to Gateways" module=operator.operator-controlplane.leader-lifecycle.gateway-api controller=gateway subsys=queue-gw-from-backendtlspolicy resource=gateway-conformance-infra/nonexistent-ca-certificate-ref gateway=[gateway-conformance-infra/same-namespace]
time=2026-03-08T05:57:13.846724992Z level=debug source=/go/src/github.com/cilium/cilium/operator/pkg/secretsync/configmapsync_reconcile.go:37 msg="Unable to get ConfigMap - either deleted or not yet available" module=operator.operator-controlplane.leader-lifecycle.secret-sync resource=gateway-conformance-infra/nonexistent-ca-certificate error="ConfigMap \"nonexistent-ca-certificate\" not found"
time=2026-03-08T05:57:13.846798322Z level=debug source=/go/src/github.com/cilium/cilium/operator/pkg/secretsync/configmapsync_reconcile.go:51 msg="Successfully reconciled ConfigMap" module=operator.operator-controlplane.leader-lifecycle.secret-sync resource=gateway-conformance-infra/nonexistent-ca-certificate action=ignored
time=2026-03-08T05:57:13.855947931Z level=debug source=/go/src/github.com/cilium/cilium/operator/pkg/gateway-api/secretsync.go:95 msg="Enqueued configmap for backendtlspolicy" module=operator.operator-controlplane.leader-lifecycle.gateway-api resource=malformed-ca-certificate-ref configMapName=gateway-conformance-infra/malformed-ca-certificate
time=2026-03-08T05:57:13.856030782Z level=debug source=/go/src/github.com/cilium/cilium/operator/pkg/secretsync/configmapsync_reconcile.go:32 msg="Reconciling ConfigMap" module=operator.operator-controlplane.leader-lifecycle.secret-sync resource=gateway-conformance-infra/malformed-ca-certificate
time=2026-03-08T05:57:13.856056471Z level=debug source=/go/src/github.com/cilium/cilium/operator/pkg/secretsync/configmapsync_reconcile.go:37 msg="Unable to get ConfigMap - either deleted or not yet available" module=operator.operator-controlplane.leader-lifecycle.secret-sync resource=gateway-conformance-infra/malformed-ca-certificate error="ConfigMap \"malformed-ca-certificate\" not found"
time=2026-03-08T05:57:13.856079751Z level=debug source=/go/src/github.com/cilium/cilium/operator/pkg/secretsync/configmapsync_reconcile.go:51 msg="Successfully reconciled ConfigMap" module=operator.operator-controlplane.leader-lifecycle.secret-sync resource=gateway-conformance-infra/malformed-ca-certificate action=ignored
time=2026-03-08T05:57:13.856089311Z level=debug source=/go/src/github.com/cilium/cilium/operator/pkg/gateway-api/gateway.go:359 msg="BackendTLSPolicy relevant to Gateways" module=operator.operator-controlplane.leader-lifecycle.gateway-api controller=gateway subsys=queue-gw-from-backendtlspolicy resource=gateway-conformance-infra/malformed-ca-certificate-ref gateway=[gateway-conformance-infra/same-namespace]
time=2026-03-08T05:57:13.861458051Z level=debug source=/go/src/github.com/cilium/cilium/pkg/k8s/apis/cilium.io/v2/cec_types.go:193 msg="CEC unmarshaled XDS Resource" resource="[type.googleapis.com/envoy.config.listener.v3.Listener]:  {\n  name:  \"listener\"\n  filter_chains:  {\n    filter_chain_match:  {\n      transport_protocol:  \"raw_buffer\"\n    }\n    filters:  {\n      name:  \"envoy.filters.network.http_connection_manager\"\n      typed_config:  {\n        [type.googleapis.com/envoy.extensions.filters.network.http_connection_manager.v3.HttpConnectionManager]:  {\n          stat_prefix:  \"listener-insecure\"\n          rds:  {\n            route_config_name:  \"listener-insecure\"\n          }\n          http_filters:  {\n            name:  \"envoy.filters.http.grpc_web\"\n            typed_config:  {\n              [type.googleapis.com/envoy.extensions.filters.http.grpc_web.v3.GrpcWeb]:  {}\n            }\n          }\n          http_filters:  {\n            name:  \"envoy.filters.http.grpc_stats\"\n            typed_config:  {\n              [type.googleapis.com/envoy.extensions.filters.http.grpc_stats.v3.FilterConfig]:  {\n                emit_filter_state:  true\n                enable_upstream_stats:  true\n              }\n            }\n          }\n          http_filters:  {\n            name:  \"envoy.filters.http.router\"\n            typed_config:  {\n              [type.googleapis.com/envoy.extensions.filters.http.router.v3.Router]:  {}\n            }\n          }\n          common_http_protocol_options:  {\n            max_stream_duration:  {}\n          }\n          stream_idle_timeout:  {\n            seconds:  300\n          }\n          use_remote_address:  {\n            value:  true\n          }\n          internal_address_config:  {\n            cidr_ranges:  {\n              address_prefix:  \"10.0.0.0\"\n              prefix_len:  {\n                value:  8\n              }\n            }\n            cidr_ranges:  {\n              address_prefix:  \"172.16.0.0\"\n              prefix_len:  {\n                value:  12\n              }\n            }\n            cidr_ranges:  {\n              address_prefix:  \"192.168.0.0\"\n              prefix_len:  {\n                value:  16\n              }\n            }\n            cidr_ranges:  {\n              address_prefix:  \"127.0.0.1\"\n              prefix_len:  {\n                value:  32\n              }\n            }\n          }\n          upgrade_configs:  {\n            upgrade_type:  \"websocket\"\n          }\n        }\n      }\n    }\n  }\n  listener_filters:  {\n    name:  \"envoy.filters.listener.tls_inspector\"\n    typed_config:  {\n      [type.googleapis.com/envoy.extensions.filters.listener.tls_inspector.v3.TlsInspector]:  {}\n    }\n  }\n  socket_options:  {\n    description:  \"Enable TCP keep-alive (default to enabled)\"\n    level:  1\n    name:  9\n    int_value:  1\n  }\n  socket_options:  {\n    description:  \"TCP keep-alive idle time (in seconds) (defaults to 10s)\"\n    level:  6\n    name:  4\n    int_value:  10\n  }\n  socket_options:  {\n    description:  \"TCP keep-alive probe intervals (in seconds) (defaults to 5s)\"\n    level:  6\n    name:  5\n    int_value:  5\n  }\n  socket_options:  {\n    description:  \"TCP keep-alive probe max failures.\"\n    level:  6\n    name:  6\n    int_value:  10\n  }\n}\n"
time=2026-03-08T05:57:13.861528031Z level=debug source=/go/src/github.com/cilium/cilium/pkg/k8s/apis/cilium.io/v2/cec_types.go:193 msg="CEC unmarshaled XDS Resource" resource="[type.googleapis.com/envoy.config.listener.v3.Listener]:  {\n  name:  \"listener\"\n  filter_chains:  {\n    filter_chain_match:  {\n      transport_protocol:  \"raw_buffer\"\n    }\n    filters:  {\n      name:  \"envoy.filters.network.http_connection_manager\"\n      typed_config:  {\n        [type.googleapis.com/envoy.extensions.filters.network.http_connection_manager.v3.HttpConnectionManager]:  {\n          stat_prefix:  \"listener-insecure\"\n          rds:  {\n            route_config_name:  \"listener-insecure\"\n          }\n          http_filters:  {\n            name:  \"envoy.filters.http.grpc_web\"\n            typed_config:  {\n              [type.googleapis.com/envoy.extensions.filters.http.grpc_web.v3.GrpcWeb]:  {}\n            }\n          }\n          http_filters:  {\n            name:  \"envoy.filters.http.grpc_stats\"\n            typed_config:  {\n              [type.googleapis.com/envoy.extensions.filters.http.grpc_stats.v3.FilterConfig]:  {\n                emit_filter_state:  true\n                enable_upstream_stats:  true\n              }\n            }\n          }\n          http_filters:  {\n            name:  \"envoy.filters.http.router\"\n            typed_config:  {\n              [type.googleapis.com/envoy.extensions.filters.http.router.v3.Router]:  {}\n            }\n          }\n          common_http_protocol_options:  {\n            max_stream_duration:  {}\n          }\n          stream_idle_timeout:  {\n            seconds:  300\n          }\n          use_remote_address:  {\n            value:  true\n          }\n          internal_address_config:  {\n            cidr_ranges:  {\n              address_prefix:  \"10.0.0.0\"\n              prefix_len:  {\n                value:  8\n              }\n            }\n            cidr_ranges:  {\n              address_prefix:  \"172.16.0.0\"\n              prefix_len:  {\n                value:  12\n              }\n            }\n            cidr_ranges:  {\n              address_prefix:  \"192.168.0.0\"\n              prefix_len:  {\n                value:  16\n              }\n            }\n            cidr_ranges:  {\n              address_prefix:  \"127.0.0.1\"\n              prefix_len:  {\n                value:  32\n              }\n            }\n          }\n          upgrade_configs:  {\n            upgrade_type:  \"websocket\"\n          }\n        }\n      }\n    }\n  }\n  listener_filters:  {\n    name:  \"envoy.filters.listener.tls_inspector\"\n    typed_config:  {\n      [type.googleapis.com/envoy.extensions.filters.listener.tls_inspector.v3.TlsInspector]:  {}\n    }\n  }\n  socket_options:  {\n    description:  \"Enable TCP keep-alive (default to enabled)\"\n    level:  1\n    name:  9\n    int_value:  1\n  }\n  socket_options:  {\n    description:  \"TCP keep-alive idle time (in seconds) (defaults to 10s)\"\n    level:  6\n    name:  4\n    int_value:  10\n  }\n  socket_options:  {\n    description:  \"TCP keep-alive probe intervals (in seconds) (defaults to 5s)\"\n    level:  6\n    name:  5\n    int_value:  5\n  }\n  socket_options:  {\n    description:  \"TCP keep-alive probe max failures.\"\n    level:  6\n    name:  6\n    int_value:  10\n  }\n}\n"
time=2026-03-08T05:57:13.861708921Z level=debug source=/go/src/github.com/cilium/cilium/pkg/k8s/apis/cilium.io/v2/cec_types.go:193 msg="CEC unmarshaled XDS Resource" resource="[type.googleapis.com/envoy.config.route.v3.RouteConfiguration]:  {\n  name:  \"listener-insecure\"\n  virtual_hosts:  {\n    name:  \"abc.example.com\"\n    domains:  \"abc.example.com\"\n    domains:  \"abc.example.com:*\"\n    routes:  {\n      match:  {\n        path:  \"/backendtlspolicy-nonexistent-ca-certificate-ref\"\n      }\n      route:  {\n        cluster:  \"gateway-conformance-infra:backendtlspolicy-nonexistent-ca-certificate-ref-test:443\"\n        max_stream_duration:  {\n          max_stream_duration:  {}\n        }\n      }\n    }\n    routes:  {\n      match:  {\n        path:  \"/backendtlspolicy-malformed-ca-certificate-ref\"\n      }\n      route:  {\n        cluster:  \"gateway-conformance-infra:backendtlspolicy-malformed-ca-certificate-ref-test:443\"\n        max_stream_duration:  {\n          max_stream_duration:  {}\n        }\n      }\n    }\n  }\n}\n"
time=2026-03-08T05:57:13.861733201Z level=debug source=/go/src/github.com/cilium/cilium/pkg/k8s/apis/cilium.io/v2/cec_types.go:193 msg="CEC unmarshaled XDS Resource" resource="[type.googleapis.com/envoy.config.route.v3.RouteConfiguration]:  {\n  name:  \"listener-insecure\"\n  virtual_hosts:  {\n    name:  \"abc.example.com\"\n    domains:  \"abc.example.com\"\n    domains:  \"abc.example.com:*\"\n    routes:  {\n      match:  {\n        path:  \"/backendtlspolicy-nonexistent-ca-certificate-ref\"\n      }\n      route:  {\n        cluster:  \"gateway-conformance-infra:backendtlspolicy-nonexistent-ca-certificate-ref-test:443\"\n        max_stream_duration:  {\n          max_stream_duration:  {}\n        }\n      }\n    }\n    routes:  {\n      match:  {\n        path:  \"/backendtlspolicy-malformed-ca-certificate-ref\"\n      }\n      route:  {\n        cluster:  \"gateway-conformance-infra:backendtlspolicy-malformed-ca-certificate-ref-test:443\"\n        max_stream_duration:  {\n          max_stream_duration:  {}\n        }\n      }\n    }\n  }\n}\n"
time=2026-03-08T05:57:13.862848171Z level=debug source=/go/src/github.com/cilium/cilium/pkg/k8s/apis/cilium.io/v2/cec_types.go:193 msg="CEC unmarshaled XDS Resource" resource="[type.googleapis.com/envoy.config.cluster.v3.Cluster]:  {\n  name:  \"gateway-conformance-infra:backendtlspolicy-malformed-ca-certificate-ref-test:443\"\n  type:  EDS\n  eds_cluster_config:  {\n    service_name:  \"gateway-conformance-infra/backendtlspolicy-malformed-ca-certificate-ref-test:443\"\n  }\n  typed_extension_protocol_options:  {\n    key:  \"envoy.extensions.upstreams.http.v3.HttpProtocolOptions\"\n    value:  {\n      [type.googleapis.com/envoy.extensions.upstreams.http.v3.HttpProtocolOptions]:  {\n        common_http_protocol_options:  {\n          idle_timeout:  {\n            seconds:  60\n          }\n        }\n        use_downstream_protocol_config:  {\n          http2_protocol_options:  {}\n        }\n      }\n    }\n  }\n  outlier_detection:  {\n    split_external_local_origin_errors:  true\n  }\n}\n"
time=2026-03-08T05:57:13.863063101Z level=debug source=/go/src/github.com/cilium/cilium/pkg/k8s/apis/cilium.io/v2/cec_types.go:193 msg="CEC unmarshaled XDS Resource" resource="[type.googleapis.com/envoy.config.cluster.v3.Cluster]:  {\n  name:  \"gateway-conformance-infra:backendtlspolicy-nonexistent-ca-certificate-ref-test:443\"\n  type:  EDS\n  eds_cluster_config:  {\n    service_name:  \"gateway-conformance-infra/backendtlspolicy-nonexistent-ca-certificate-ref-test:443\"\n  }\n  typed_extension_protocol_options:  {\n    key:  \"envoy.extensions.upstreams.http.v3.HttpProtocolOptions\"\n    value:  {\n      [type.googleapis.com/envoy.extensions.upstreams.http.v3.HttpProtocolOptions]:  {\n        common_http_protocol_options:  {\n          idle_timeout:  {\n            seconds:  60\n          }\n        }\n        use_downstream_protocol_config:  {\n          http2_protocol_options:  {}\n        }\n      }\n    }\n  }\n  outlier_detection:  {\n    split_external_local_origin_errors:  true\n  }\n}\n"
time=2026-03-08T05:57:13.863642261Z level=debug source=/go/src/github.com/cilium/cilium/pkg/k8s/apis/cilium.io/v2/cec_types.go:193 msg="CEC unmarshaled XDS Resource" resource="[type.googleapis.com/envoy.config.cluster.v3.Cluster]:  {\n  name:  \"gateway-conformance-infra:backendtlspolicy-malformed-ca-certificate-ref-test:443\"\n  type:  EDS\n  eds_cluster_config:  {\n    service_name:  \"gateway-conformance-infra/backendtlspolicy-malformed-ca-certificate-ref-test:443\"\n  }\n  typed_extension_protocol_options:  {\n    key:  \"envoy.extensions.upstreams.http.v3.HttpProtocolOptions\"\n    value:  {\n      [type.googleapis.com/envoy.extensions.upstreams.http.v3.HttpProtocolOptions]:  {\n        common_http_protocol_options:  {\n          idle_timeout:  {\n            seconds:  60\n          }\n        }\n        use_downstream_protocol_config:  {\n          http2_protocol_options:  {}\n        }\n      }\n    }\n  }\n  outlier_detection:  {\n    split_external_local_origin_errors:  true\n  }\n}\n"
time=2026-03-08T05:57:13.863937081Z level=debug source=/go/src/github.com/cilium/cilium/pkg/k8s/apis/cilium.io/v2/cec_types.go:193 msg="CEC unmarshaled XDS Resource" resource="[type.googleapis.com/envoy.config.cluster.v3.Cluster]:  {\n  name:  \"gateway-conformance-infra:backendtlspolicy-nonexistent-ca-certificate-ref-test:443\"\n  type:  EDS\n  eds_cluster_config:  {\n    service_name:  \"gateway-conformance-infra/backendtlspolicy-nonexistent-ca-certificate-ref-test:443\"\n  }\n  typed_extension_protocol_options:  {\n    key:  \"envoy.extensions.upstreams.http.v3.HttpProtocolOptions\"\n    value:  {\n      [type.googleapis.com/envoy.extensions.upstreams.http.v3.HttpProtocolOptions]:  {\n        common_http_protocol_options:  {\n          idle_timeout:  {\n            seconds:  60\n          }\n        }\n        use_downstream_protocol_config:  {\n          http2_protocol_options:  {}\n        }\n      }\n    }\n  }\n  outlier_detection:  {\n    split_external_local_origin_errors:  true\n  }\n}\n"
time=2026-03-08T05:57:13.863989941Z level=info source=/go/src/github.com/cilium/cilium/operator/pkg/gateway-api/gateway_reconcile.go:458 msg="Checking address status for Gateway" module=operator.operator-controlplane.leader-lifecycle.gateway-api controller=gateway resource=gateway-conformance-infra/same-namespace
time=2026-03-08T05:57:13.864085411Z level=info source=/go/src/github.com/cilium/cilium/operator/pkg/gateway-api/gateway_reconcile.go:494 msg="At least one valid address, marking gateway programmed" module=operator.operator-controlplane.leader-lifecycle.gateway-api controller=gateway resource=gateway-conformance-infra/same-namespace
time=2026-03-08T05:57:13.865152721Z level=debug source=/go/src/github.com/cilium/cilium/operator/pkg/secretsync/configmapsync_reconcile.go:32 msg="Reconciling ConfigMap" module=operator.operator-controlplane.leader-lifecycle.secret-sync resource=gateway-conformance-infra/malformed-ca-certificate
time=2026-03-08T05:57:13.865333291Z level=debug source=/go/src/github.com/cilium/cilium/operator/pkg/gateway-api/gateway.go:434 msg="ConfigMap in BackendTLSPolicy relevant to Gateways" module=operator.operator-controlplane.leader-lifecycle.gateway-api controller=gateway subsys=queue-gw-from-backendtlspolicy-configmap resource=gateway-conformance-infra/malformed-ca-certificate gateway=[gateway-conformance-infra/same-namespace]
time=2026-03-08T05:57:13.865554061Z level=debug source=/go/src/github.com/cilium/cilium/operator/pkg/secretsync/configmapsync_reconcile.go:102 msg="Successfully reconciled ConfigMap" module=operator.operator-controlplane.leader-lifecycle.secret-sync resource=gateway-conformance-infra/malformed-ca-certificate action=ignored
time=2026-03-08T05:57:13.868862971Z level=info source=/go/src/github.com/cilium/cilium/vendor/github.com/go-logr/logr/logr.go:301 msg="Reconciler error" module=operator.operator-controlplane.leader-lifecycle.controller-runtime controller=gateway controllerGroup=gateway.networking.k8s.io controllerKind=Gateway Gateway.name=same-namespace Gateway.namespace=gateway-conformance-infra namespace=gateway-conformance-infra name=same-namespace reconcileID=5e0543ba-4246-423f-bc81-066da0135248 error="failed to update Gateway status: Operation cannot be fulfilled on gateways.gateway.networking.k8s.io \"same-namespace\": the object has been modified; please apply your changes to the latest version and try again"
time=2026-03-08T05:57:13.868956821Z level=info source=/go/src/github.com/cilium/cilium/operator/pkg/gateway-api/gateway_reconcile.go:55 msg="Reconciling Gateway" module=operator.operator-controlplane.leader-lifecycle.gateway-api controller=gateway resource=gateway-conformance-infra/same-namespace
time=2026-03-08T05:57:13.869226411Z level=debug source=/go/src/github.com/cilium/cilium/operator/pkg/gateway-api/gateway_reconcile.go:870 msg="Updating HTTPRoute statuses for Gateway" module=operator.operator-controlplane.leader-lifecycle.gateway-api controller=gateway resource=gateway-conformance-infra/same-namespace numRoutes=1
time=2026-03-08T05:57:13.869486481Z level=debug source=/go/src/github.com/cilium/cilium/operator/pkg/gateway-api/gateway_reconcile.go:909 msg="Updating TLSRoute statuses for Gateway" module=operator.operator-controlplane.leader-lifecycle.gateway-api controller=gateway resource=gateway-conformance-infra/same-namespace numRoutes=0
time=2026-03-08T05:57:13.869506631Z level=debug source=/go/src/github.com/cilium/cilium/operator/pkg/gateway-api/gateway_reconcile.go:943 msg="Updating GRPCRoute statuses for Gateway" module=operator.operator-controlplane.leader-lifecycle.gateway-api controller=gateway resource=gateway-conformance-infra/same-namespace numRoutes=0
time=2026-03-08T05:57:13.869520201Z level=debug source=/go/src/github.com/cilium/cilium/operator/pkg/gateway-api/gateway_reconcile.go:982 msg="Updating BackendTLSPolicy statuses for Gateway" module=operator.operator-controlplane.leader-lifecycle.gateway-api controller=gateway resource=gateway-conformance-infra/same-namespace policies=2
time=2026-03-08T05:57:13.869552931Z level=debug source=/go/src/github.com/cilium/cilium/operator/pkg/gateway-api/gateway_reconcile.go:1169 msg="Validating BackendTLSPolicy spec" module=operator.operator-controlplane.leader-lifecycle.gateway-api controller=gateway resource=gateway-conformance-infra/same-namespace backendTLSPolicyName=gateway-conformance-infra/nonexistent-ca-certificate-ref
time=2026-03-08T05:57:13.869588601Z level=debug source=/go/src/github.com/cilium/cilium/operator/pkg/gateway-api/gateway_reconcile.go:1281 msg="BackendTLSPolicy status" module=operator.operator-controlplane.leader-lifecycle.gateway-api controller=gateway resource=gateway-conformance-infra/same-namespace BackendTLSPolicy=gateway-conformance-infra/nonexistent-ca-certificate-ref
time=2026-03-08T05:57:13.875220302Z level=debug source=/go/src/github.com/cilium/cilium/operator/pkg/gateway-api/gateway_reconcile.go:1169 msg="Validating BackendTLSPolicy spec" module=operator.operator-controlplane.leader-lifecycle.gateway-api controller=gateway resource=gateway-conformance-infra/same-namespace backendTLSPolicyName=gateway-conformance-infra/malformed-ca-certificate-ref
time=2026-03-08T05:57:13.875309131Z level=debug source=/go/src/github.com/cilium/cilium/operator/pkg/gateway-api/gateway_reconcile.go:1281 msg="BackendTLSPolicy status" module=operator.operator-controlplane.leader-lifecycle.gateway-api controller=gateway resource=gateway-conformance-infra/same-namespace BackendTLSPolicy=gateway-conformance-infra/malformed-ca-certificate-ref
time=2026-03-08T05:57:13.875360231Z level=debug source=/go/src/github.com/cilium/cilium/operator/pkg/gateway-api/secretsync.go:95 msg="Enqueued configmap for backendtlspolicy" module=operator.operator-controlplane.leader-lifecycle.gateway-api resource=nonexistent-ca-certificate-ref configMapName=gateway-conformance-infra/nonexistent-ca-certificate
time=2026-03-08T05:57:13.875423011Z level=debug source=/go/src/github.com/cilium/cilium/operator/pkg/gateway-api/secretsync.go:95 msg="Enqueued configmap for backendtlspolicy" module=operator.operator-controlplane.leader-lifecycle.gateway-api resource=nonexistent-ca-certificate-ref configMapName=gateway-conformance-infra/nonexistent-ca-certificate
time=2026-03-08T05:57:13.875488102Z level=debug source=/go/src/github.com/cilium/cilium/operator/pkg/secretsync/configmapsync_reconcile.go:32 msg="Reconciling ConfigMap" module=operator.operator-controlplane.leader-lifecycle.secret-sync resource=gateway-conformance-infra/nonexistent-ca-certificate
time=2026-03-08T05:57:13.875526682Z level=debug source=/go/src/github.com/cilium/cilium/operator/pkg/secretsync/configmapsync_reconcile.go:37 msg="Unable to get ConfigMap - either deleted or not yet available" module=operator.operator-controlplane.leader-lifecycle.secret-sync resource=gateway-conformance-infra/nonexistent-ca-certificate error="ConfigMap \"nonexistent-ca-certificate\" not found"
time=2026-03-08T05:57:13.875551371Z level=debug source=/go/src/github.com/cilium/cilium/operator/pkg/secretsync/configmapsync_reconcile.go:51 msg="Successfully reconciled ConfigMap" module=operator.operator-controlplane.leader-lifecycle.secret-sync resource=gateway-conformance-infra/nonexistent-ca-certificate action=ignored
time=2026-03-08T05:57:13.875513131Z level=debug source=/go/src/github.com/cilium/cilium/operator/pkg/gateway-api/gateway.go:359 msg="BackendTLSPolicy relevant to Gateways" module=operator.operator-controlplane.leader-lifecycle.gateway-api controller=gateway subsys=queue-gw-from-backendtlspolicy resource=gateway-conformance-infra/nonexistent-ca-certificate-ref gateway=[gateway-conformance-infra/same-namespace]
time=2026-03-08T05:57:13.875657602Z level=debug source=/go/src/github.com/cilium/cilium/operator/pkg/gateway-api/gateway.go:359 msg="BackendTLSPolicy relevant to Gateways" module=operator.operator-controlplane.leader-lifecycle.gateway-api controller=gateway subsys=queue-gw-from-backendtlspolicy resource=gateway-conformance-infra/nonexistent-ca-certificate-ref gateway=[gateway-conformance-infra/same-namespace]
time=2026-03-08T05:57:13.881333601Z level=debug source=/go/src/github.com/cilium/cilium/operator/pkg/gateway-api/secretsync.go:95 msg="Enqueued configmap for backendtlspolicy" module=operator.operator-controlplane.leader-lifecycle.gateway-api resource=malformed-ca-certificate-ref configMapName=gateway-conformance-infra/malformed-ca-certificate
time=2026-03-08T05:57:13.881348961Z level=debug source=/go/src/github.com/cilium/cilium/operator/pkg/model/ingestion/gateway.go:389 msg="Checking Backend TLS Details for service" module=operator.operator-controlplane.leader-lifecycle.gateway-api controller=gateway resource=gateway-conformance-infra/same-namespace service=gateway-conformance-infra/backendtlspolicy-nonexistent-ca-certificate-ref-test backend="{Name:backendtlspolicy-nonexistent-ca-certificate-ref-test Namespace:gateway-conformance-infra Port:0x1ce33edef728 AppProtocol:0x1ce33d3fad30 TLS:<nil> Weight:0x1ce33d9e698c}" port=443
time=2026-03-08T05:57:13.881400751Z level=debug source=/go/src/github.com/cilium/cilium/operator/pkg/model/ingestion/gateway.go:421 msg="Checking valid BTLSP on port" module=operator.operator-controlplane.leader-lifecycle.gateway-api controller=gateway resource=gateway-conformance-infra/same-namespace service=gateway-conformance-infra/backendtlspolicy-nonexistent-ca-certificate-ref-test backendTLSPolicyName=nonexistent-ca-certificate-ref port=https section=""
time=2026-03-08T05:57:13.881415471Z level=debug source=/go/src/github.com/cilium/cilium/operator/pkg/model/ingestion/gateway.go:442 msg="Got a match for valid BTLSP on all ports, adding" module=operator.operator-controlplane.leader-lifecycle.gateway-api controller=gateway resource=gateway-conformance-infra/same-namespace service=gateway-conformance-infra/backendtlspolicy-nonexistent-ca-certificate-ref-test backendTLSPolicyName=nonexistent-ca-certificate-ref port=https section=""
time=2026-03-08T05:57:13.881426271Z level=debug source=/go/src/github.com/cilium/cilium/operator/pkg/secretsync/configmapsync_reconcile.go:32 msg="Reconciling ConfigMap" module=operator.operator-controlplane.leader-lifecycle.secret-sync resource=gateway-conformance-infra/malformed-ca-certificate
time=2026-03-08T05:57:13.881443611Z level=debug source=/go/src/github.com/cilium/cilium/operator/pkg/gateway-api/gateway.go:359 msg="BackendTLSPolicy relevant to Gateways" module=operator.operator-controlplane.leader-lifecycle.gateway-api controller=gateway subsys=queue-gw-from-backendtlspolicy resource=gateway-conformance-infra/malformed-ca-certificate-ref gateway=[gateway-conformance-infra/same-namespace]
time=2026-03-08T05:57:13.881499421Z level=debug source=/go/src/github.com/cilium/cilium/operator/pkg/secretsync/configmapsync_reconcile.go:102 msg="Successfully reconciled ConfigMap" module=operator.operator-controlplane.leader-lifecycle.secret-sync resource=gateway-conformance-infra/malformed-ca-certificate action=ignored
time=2026-03-08T05:57:13.881442351Z level=debug source=/go/src/github.com/cilium/cilium/operator/pkg/model/ingestion/gateway.go:389 msg="Checking Backend TLS Details for service" module=operator.operator-controlplane.leader-lifecycle.gateway-api controller=gateway resource=gateway-conformance-infra/same-namespace service=gateway-conformance-infra/backendtlspolicy-malformed-ca-certificate-ref-test backend="{Name:backendtlspolicy-malformed-ca-certificate-ref-test Namespace:gateway-conformance-infra Port:0x1ce33edef7a0 AppProtocol:0x1ce33d3fad80 TLS:<nil> Weight:0x1ce33d9e6994}" port=443
time=2026-03-08T05:57:13.881503891Z level=debug source=/go/src/github.com/cilium/cilium/operator/pkg/gateway-api/gateway.go:359 msg="BackendTLSPolicy relevant to Gateways" module=operator.operator-controlplane.leader-lifecycle.gateway-api controller=gateway subsys=queue-gw-from-backendtlspolicy resource=gateway-conformance-infra/malformed-ca-certificate-ref gateway=[gateway-conformance-infra/same-namespace]
time=2026-03-08T05:57:13.881538761Z level=debug source=/go/src/github.com/cilium/cilium/operator/pkg/model/ingestion/gateway.go:421 msg="Checking valid BTLSP on port" module=operator.operator-controlplane.leader-lifecycle.gateway-api controller=gateway resource=gateway-conformance-infra/same-namespace service=gateway-conformance-infra/backendtlspolicy-malformed-ca-certificate-ref-test backendTLSPolicyName=malformed-ca-certificate-ref port=https section=""
time=2026-03-08T05:57:13.881555551Z level=debug source=/go/src/github.com/cilium/cilium/operator/pkg/model/ingestion/gateway.go:442 msg="Got a match for valid BTLSP on all ports, adding" module=operator.operator-controlplane.leader-lifecycle.gateway-api controller=gateway resource=gateway-conformance-infra/same-namespace service=gateway-conformance-infra/backendtlspolicy-malformed-ca-certificate-ref-test backendTLSPolicyName=malformed-ca-certificate-ref port=https section=""
time=2026-03-08T05:57:13.881372781Z level=debug source=/go/src/github.com/cilium/cilium/operator/pkg/gateway-api/secretsync.go:95 msg="Enqueued configmap for backendtlspolicy" module=operator.operator-controlplane.leader-lifecycle.gateway-api resource=malformed-ca-certificate-ref configMapName=gateway-conformance-infra/malformed-ca-certificate
time=2026-03-08T05:57:13.896635321Z level=debug source=/go/src/github.com/cilium/cilium/pkg/k8s/apis/cilium.io/v2/cec_types.go:193 msg="CEC unmarshaled XDS Resource" resource="[type.googleapis.com/envoy.config.listener.v3.Listener]:  {\n  name:  \"listener\"\n  filter_chains:  {\n    filter_chain_match:  {\n      transport_protocol:  \"raw_buffer\"\n    }\n    filters:  {\n      name:  \"envoy.filters.network.http_connection_manager\"\n      typed_config:  {\n        [type.googleapis.com/envoy.extensions.filters.network.http_connection_manager.v3.HttpConnectionManager]:  {\n          stat_prefix:  \"listener-insecure\"\n          rds:  {\n            route_config_name:  \"listener-insecure\"\n          }\n          http_filters:  {\n            name:  \"envoy.filters.http.grpc_web\"\n            typed_config:  {\n              [type.googleapis.com/envoy.extensions.filters.http.grpc_web.v3.GrpcWeb]:  {}\n            }\n          }\n          http_filters:  {\n            name:  \"envoy.filters.http.grpc_stats\"\n            typed_config:  {\n              [type.googleapis.com/envoy.extensions.filters.http.grpc_stats.v3.FilterConfig]:  {\n                emit_filter_state:  true\n                enable_upstream_stats:  true\n              }\n            }\n          }\n          http_filters:  {\n            name:  \"envoy.filters.http.router\"\n            typed_config:  {\n              [type.googleapis.com/envoy.extensions.filters.http.router.v3.Router]:  {}\n            }\n          }\n          common_http_protocol_options:  {\n            max_stream_duration:  {}\n          }\n          stream_idle_timeout:  {\n            seconds:  300\n          }\n          use_remote_address:  {\n            value:  true\n          }\n          internal_address_config:  {\n            cidr_ranges:  {\n              address_prefix:  \"10.0.0.0\"\n              prefix_len:  {\n                value:  8\n              }\n            }\n            cidr_ranges:  {\n              address_prefix:  \"172.16.0.0\"\n              prefix_len:  {\n                value:  12\n              }\n            }\n            cidr_ranges:  {\n              address_prefix:  \"192.168.0.0\"\n              prefix_len:  {\n                value:  16\n              }\n            }\n            cidr_ranges:  {\n              address_prefix:  \"127.0.0.1\"\n              prefix_len:  {\n                value:  32\n              }\n            }\n          }\n          upgrade_configs:  {\n            upgrade_type:  \"websocket\"\n          }\n        }\n      }\n    }\n  }\n  listener_filters:  {\n    name:  \"envoy.filters.listener.tls_inspector\"\n    typed_config:  {\n      [type.googleapis.com/envoy.extensions.filters.listener.tls_inspector.v3.TlsInspector]:  {}\n    }\n  }\n  socket_options:  {\n    description:  \"Enable TCP keep-alive (default to enabled)\"\n    level:  1\n    name:  9\n    int_value:  1\n  }\n  socket_options:  {\n    description:  \"TCP keep-alive idle time (in seconds) (defaults to 10s)\"\n    level:  6\n    name:  4\n    int_value:  10\n  }\n  socket_options:  {\n    description:  \"TCP keep-alive probe intervals (in seconds) (defaults to 5s)\"\n    level:  6\n    name:  5\n    int_value:  5\n  }\n  socket_options:  {\n    description:  \"TCP keep-alive probe max failures.\"\n    level:  6\n    name:  6\n    int_value:  10\n  }\n}\n"
time=2026-03-08T05:57:13.89684941Z level=debug source=/go/src/github.com/cilium/cilium/pkg/k8s/apis/cilium.io/v2/cec_types.go:193 msg="CEC unmarshaled XDS Resource" resource="[type.googleapis.com/envoy.config.route.v3.RouteConfiguration]:  {\n  name:  \"listener-insecure\"\n  virtual_hosts:  {\n    name:  \"abc.example.com\"\n    domains:  \"abc.example.com\"\n    domains:  \"abc.example.com:*\"\n    routes:  {\n      match:  {\n        path:  \"/backendtlspolicy-nonexistent-ca-certificate-ref\"\n      }\n      route:  {\n        cluster:  \"gateway-conformance-infra:backendtlspolicy-nonexistent-ca-certificate-ref-test:443\"\n        max_stream_duration:  {\n          max_stream_duration:  {}\n        }\n      }\n    }\n    routes:  {\n      match:  {\n        path:  \"/backendtlspolicy-malformed-ca-certificate-ref\"\n      }\n      route:  {\n        cluster:  \"gateway-conformance-infra:backendtlspolicy-malformed-ca-certificate-ref-test:443\"\n        max_stream_duration:  {\n          max_stream_duration:  {}\n        }\n      }\n    }\n  }\n}\n"
time=2026-03-08T05:57:13.896882601Z level=debug source=/go/src/github.com/cilium/cilium/pkg/k8s/apis/cilium.io/v2/cec_types.go:193 msg="CEC unmarshaled XDS Resource" resource="[type.googleapis.com/envoy.config.listener.v3.Listener]:  {\n  name:  \"listener\"\n  filter_chains:  {\n    filter_chain_match:  {\n      transport_protocol:  \"raw_buffer\"\n    }\n    filters:  {\n      name:  \"envoy.filters.network.http_connection_manager\"\n      typed_config:  {\n        [type.googleapis.com/envoy.extensions.filters.network.http_connection_manager.v3.HttpConnectionManager]:  {\n          stat_prefix:  \"listener-insecure\"\n          rds:  {\n            route_config_name:  \"listener-insecure\"\n          }\n          http_filters:  {\n            name:  \"envoy.filters.http.grpc_web\"\n            typed_config:  {\n              [type.googleapis.com/envoy.extensions.filters.http.grpc_web.v3.GrpcWeb]:  {}\n            }\n          }\n          http_filters:  {\n            name:  \"envoy.filters.http.grpc_stats\"\n            typed_config:  {\n              [type.googleapis.com/envoy.extensions.filters.http.grpc_stats.v3.FilterConfig]:  {\n                emit_filter_state:  true\n                enable_upstream_stats:  true\n              }\n            }\n          }\n          http_filters:  {\n            name:  \"envoy.filters.http.router\"\n            typed_config:  {\n              [type.googleapis.com/envoy.extensions.filters.http.router.v3.Router]:  {}\n            }\n          }\n          common_http_protocol_options:  {\n            max_stream_duration:  {}\n          }\n          stream_idle_timeout:  {\n            seconds:  300\n          }\n          use_remote_address:  {\n            value:  true\n          }\n          internal_address_config:  {\n            cidr_ranges:  {\n              address_prefix:  \"10.0.0.0\"\n              prefix_len:  {\n                value:  8\n              }\n            }\n            cidr_ranges:  {\n              address_prefix:  \"172.16.0.0\"\n              prefix_len:  {\n                value:  12\n              }\n            }\n            cidr_ranges:  {\n              address_prefix:  \"192.168.0.0\"\n              prefix_len:  {\n                value:  16\n              }\n            }\n            cidr_ranges:  {\n              address_prefix:  \"127.0.0.1\"\n              prefix_len:  {\n                value:  32\n              }\n            }\n          }\n          upgrade_configs:  {\n            upgrade_type:  \"websocket\"\n          }\n        }\n      }\n    }\n  }\n  listener_filters:  {\n    name:  \"envoy.filters.listener.tls_inspector\"\n    typed_config:  {\n      [type.googleapis.com/envoy.extensions.filters.listener.tls_inspector.v3.TlsInspector]:  {}\n    }\n  }\n  socket_options:  {\n    description:  \"Enable TCP keep-alive (default to enabled)\"\n    level:  1\n    name:  9\n    int_value:  1\n  }\n  socket_options:  {\n    description:  \"TCP keep-alive idle time (in seconds) (defaults to 10s)\"\n    level:  6\n    name:  4\n    int_value:  10\n  }\n  socket_options:  {\n    description:  \"TCP keep-alive probe intervals (in seconds) (defaults to 5s)\"\n    level:  6\n    name:  5\n    int_value:  5\n  }\n  socket_options:  {\n    description:  \"TCP keep-alive probe max failures.\"\n    level:  6\n    name:  6\n    int_value:  10\n  }\n}\n"
time=2026-03-08T05:57:13.897082381Z level=debug source=/go/src/github.com/cilium/cilium/pkg/k8s/apis/cilium.io/v2/cec_types.go:193 msg="CEC unmarshaled XDS Resource" resource="[type.googleapis.com/envoy.config.route.v3.RouteConfiguration]:  {\n  name:  \"listener-insecure\"\n  virtual_hosts:  {\n    name:  \"abc.example.com\"\n    domains:  \"abc.example.com\"\n    domains:  \"abc.example.com:*\"\n    routes:  {\n      match:  {\n        path:  \"/backendtlspolicy-nonexistent-ca-certificate-ref\"\n      }\n      route:  {\n        cluster:  \"gateway-conformance-infra:backendtlspolicy-nonexistent-ca-certificate-ref-test:443\"\n        max_stream_duration:  {\n          max_stream_duration:  {}\n        }\n      }\n    }\n    routes:  {\n      match:  {\n        path:  \"/backendtlspolicy-malformed-ca-certificate-ref\"\n      }\n      route:  {\n        cluster:  \"gateway-conformance-infra:backendtlspolicy-malformed-ca-certificate-ref-test:443\"\n        max_stream_duration:  {\n          max_stream_duration:  {}\n        }\n      }\n    }\n  }\n}\n"
time=2026-03-08T05:57:13.89710163Z level=debug source=/go/src/github.com/cilium/cilium/pkg/k8s/apis/cilium.io/v2/cec_types.go:193 msg="CEC unmarshaled XDS Resource" resource="[type.googleapis.com/envoy.config.cluster.v3.Cluster]:  {\n  name:  \"gateway-conformance-infra:backendtlspolicy-malformed-ca-certificate-ref-test:443\"\n  type:  EDS\n  eds_cluster_config:  {\n    service_name:  \"gateway-conformance-infra/backendtlspolicy-malformed-ca-certificate-ref-test:443\"\n  }\n  typed_extension_protocol_options:  {\n    key:  \"envoy.extensions.upstreams.http.v3.HttpProtocolOptions\"\n    value:  {\n      [type.googleapis.com/envoy.extensions.upstreams.http.v3.HttpProtocolOptions]:  {\n        common_http_protocol_options:  {\n          idle_timeout:  {\n            seconds:  60\n          }\n        }\n        use_downstream_protocol_config:  {\n          http2_protocol_options:  {}\n        }\n      }\n    }\n  }\n  outlier_detection:  {\n    split_external_local_origin_errors:  true\n  }\n  transport_socket:  {\n    name:  \"envoy.transport_sockets.tls\"\n    typed_config:  {\n      [type.googleapis.com/envoy.extensions.transport_sockets.tls.v3.UpstreamTlsContext]:  {\n        common_tls_context:  {\n          combined_validation_context:  {\n            default_validation_context:  {}\n            validation_context_sds_secret_config:  {\n              name:  \"cilium-secrets/gateway-conformance-infra-cfgmap-malformed-ca-certificate\"\n            }\n          }\n        }\n        sni:  \"abc.example.com\"\n      }\n    }\n  }\n}\n"
time=2026-03-08T05:57:13.89722881Z level=debug source=/go/src/github.com/cilium/cilium/pkg/k8s/apis/cilium.io/v2/cec_types.go:193 msg="CEC unmarshaled XDS Resource" resource="[type.googleapis.com/envoy.config.cluster.v3.Cluster]:  {\n  name:  \"gateway-conformance-infra:backendtlspolicy-nonexistent-ca-certificate-ref-test:443\"\n  type:  EDS\n  eds_cluster_config:  {\n    service_name:  \"gateway-conformance-infra/backendtlspolicy-nonexistent-ca-certificate-ref-test:443\"\n  }\n  typed_extension_protocol_options:  {\n    key:  \"envoy.extensions.upstreams.http.v3.HttpProtocolOptions\"\n    value:  {\n      [type.googleapis.com/envoy.extensions.upstreams.http.v3.HttpProtocolOptions]:  {\n        common_http_protocol_options:  {\n          idle_timeout:  {\n            seconds:  60\n          }\n        }\n        use_downstream_protocol_config:  {\n          http2_protocol_options:  {}\n        }\n      }\n    }\n  }\n  outlier_detection:  {\n    split_external_local_origin_errors:  true\n  }\n  transport_socket:  {\n    name:  \"envoy.transport_sockets.tls\"\n    typed_config:  {\n      [type.googleapis.com/envoy.extensions.transport_sockets.tls.v3.UpstreamTlsContext]:  {\n        common_tls_context:  {\n          combined_validation_context:  {\n            default_validation_context:  {}\n            validation_context_sds_secret_config:  {\n              name:  \"cilium-secrets/gateway-conformance-infra-cfgmap-nonexistent-ca-certificate\"\n            }\n          }\n        }\n        sni:  \"abc.example.com\"\n      }\n    }\n  }\n}\n"
time=2026-03-08T05:57:13.897282041Z level=info source=/go/src/github.com/cilium/cilium/operator/pkg/gateway-api/gateway_reconcile.go:458 msg="Checking address status for Gateway" module=operator.operator-controlplane.leader-lifecycle.gateway-api controller=gateway resource=gateway-conformance-infra/same-namespace
time=2026-03-08T05:57:13.897328481Z level=debug source=/go/src/github.com/cilium/cilium/pkg/k8s/apis/cilium.io/v2/cec_types.go:193 msg="CEC unmarshaled XDS Resource" resource="[type.googleapis.com/envoy.config.cluster.v3.Cluster]:  {\n  name:  \"gateway-conformance-infra:backendtlspolicy-malformed-ca-certificate-ref-test:443\"\n  type:  EDS\n  eds_cluster_config:  {\n    service_name:  \"gateway-conformance-infra/backendtlspolicy-malformed-ca-certificate-ref-test:443\"\n  }\n  typed_extension_protocol_options:  {\n    key:  \"envoy.extensions.upstreams.http.v3.HttpProtocolOptions\"\n    value:  {\n      [type.googleapis.com/envoy.extensions.upstreams.http.v3.HttpProtocolOptions]:  {\n        common_http_protocol_options:  {\n          idle_timeout:  {\n            seconds:  60\n          }\n        }\n        use_downstream_protocol_config:  {\n          http2_protocol_options:  {}\n        }\n      }\n    }\n  }\n  outlier_detection:  {\n    split_external_local_origin_errors:  true\n  }\n  transport_socket:  {\n    name:  \"envoy.transport_sockets.tls\"\n    typed_config:  {\n      [type.googleapis.com/envoy.extensions.transport_sockets.tls.v3.UpstreamTlsContext]:  {\n        common_tls_context:  {\n          combined_validation_context:  {\n            default_validation_context:  {}\n            validation_context_sds_secret_config:  {\n              name:  \"cilium-secrets/gateway-conformance-infra-cfgmap-malformed-ca-certificate\"\n            }\n          }\n        }\n        sni:  \"abc.example.com\"\n      }\n    }\n  }\n}\n"
time=2026-03-08T05:57:13.89735279Z level=info source=/go/src/github.com/cilium/cilium/operator/pkg/gateway-api/gateway_reconcile.go:494 msg="At least one valid address, marking gateway programmed" module=operator.operator-controlplane.leader-lifecycle.gateway-api controller=gateway resource=gateway-conformance-infra/same-namespace
time=2026-03-08T05:57:13.89747233Z level=info source=/go/src/github.com/cilium/cilium/operator/pkg/gateway-api/gateway_reconcile.go:262 msg="Successfully reconciled Gateway" module=operator.operator-controlplane.leader-lifecycle.gateway-api controller=gateway resource=gateway-conformance-infra/same-namespace
time=2026-03-08T05:57:13.89750249Z level=debug source=/go/src/github.com/cilium/cilium/pkg/k8s/apis/cilium.io/v2/cec_types.go:193 msg="CEC unmarshaled XDS Resource" resource="[type.googleapis.com/envoy.config.cluster.v3.Cluster]:  {\n  name:  \"gateway-conformance-infra:backendtlspolicy-nonexistent-ca-certificate-ref-test:443\"\n  type:  EDS\n  eds_cluster_config:  {\n    service_name:  \"gateway-conformance-infra/backendtlspolicy-nonexistent-ca-certificate-ref-test:443\"\n  }\n  typed_extension_protocol_options:  {\n    key:  \"envoy.extensions.upstreams.http.v3.HttpProtocolOptions\"\n    value:  {\n      [type.googleapis.com/envoy.extensions.upstreams.http.v3.HttpProtocolOptions]:  {\n        common_http_protocol_options:  {\n          idle_timeout:  {\n            seconds:  60\n          }\n        }\n        use_downstream_protocol_config:  {\n          http2_protocol_options:  {}\n        }\n      }\n    }\n  }\n  outlier_detection:  {\n    split_external_local_origin_errors:  true\n  }\n  transport_socket:  {\n    name:  \"envoy.transport_sockets.tls\"\n    typed_config:  {\n      [type.googleapis.com/envoy.extensions.transport_sockets.tls.v3.UpstreamTlsContext]:  {\n        common_tls_context:  {\n          combined_validation_context:  {\n            default_validation_context:  {}\n            validation_context_sds_secret_config:  {\n              name:  \"cilium-secrets/gateway-conformance-infra-cfgmap-nonexistent-ca-certificate\"\n            }\n          }\n        }\n        sni:  \"abc.example.com\"\n      }\n    }\n  }\n}\n"
time=2026-03-08T05:57:13.89755841Z level=info source=/go/src/github.com/cilium/cilium/operator/pkg/gateway-api/gateway_reconcile.go:55 msg="Reconciling Gateway" module=operator.operator-controlplane.leader-lifecycle.gateway-api controller=gateway resource=gateway-conformance-infra/same-namespace
time=2026-03-08T05:57:13.89783815Z level=debug source=/go/src/github.com/cilium/cilium/operator/pkg/gateway-api/gateway_reconcile.go:870 msg="Updating HTTPRoute statuses for Gateway" module=operator.operator-controlplane.leader-lifecycle.gateway-api controller=gateway resource=gateway-conformance-infra/same-namespace numRoutes=1
time=2026-03-08T05:57:13.89809547Z level=debug source=/go/src/github.com/cilium/cilium/operator/pkg/gateway-api/gateway_reconcile.go:909 msg="Updating TLSRoute statuses for Gateway" module=operator.operator-controlplane.leader-lifecycle.gateway-api controller=gateway resource=gateway-conformance-infra/same-namespace numRoutes=0
time=2026-03-08T05:57:13.898114021Z level=debug source=/go/src/github.com/cilium/cilium/operator/pkg/gateway-api/gateway_reconcile.go:943 msg="Updating GRPCRoute statuses for Gateway" module=operator.operator-controlplane.leader-lifecycle.gateway-api controller=gateway resource=gateway-conformance-infra/same-namespace numRoutes=0
time=2026-03-08T05:57:13.898127621Z level=debug source=/go/src/github.com/cilium/cilium/operator/pkg/gateway-api/gateway_reconcile.go:982 msg="Updating BackendTLSPolicy statuses for Gateway" module=operator.operator-controlplane.leader-lifecycle.gateway-api controller=gateway resource=gateway-conformance-infra/same-namespace policies=2
time=2026-03-08T05:57:13.89816777Z level=debug source=/go/src/github.com/cilium/cilium/operator/pkg/gateway-api/gateway_reconcile.go:1169 msg="Validating BackendTLSPolicy spec" module=operator.operator-controlplane.leader-lifecycle.gateway-api controller=gateway resource=gateway-conformance-infra/same-namespace backendTLSPolicyName=gateway-conformance-infra/nonexistent-ca-certificate-ref
time=2026-03-08T05:57:13.898257281Z level=debug source=/go/src/github.com/cilium/cilium/operator/pkg/gateway-api/gateway_reconcile.go:1169 msg="Validating BackendTLSPolicy spec" module=operator.operator-controlplane.leader-lifecycle.gateway-api controller=gateway resource=gateway-conformance-infra/same-namespace backendTLSPolicyName=gateway-conformance-infra/malformed-ca-certificate-ref
time=2026-03-08T05:57:13.89836107Z level=debug source=/go/src/github.com/cilium/cilium/operator/pkg/model/ingestion/gateway.go:389 msg="Checking Backend TLS Details for service" module=operator.operator-controlplane.leader-lifecycle.gateway-api controller=gateway resource=gateway-conformance-infra/same-namespace service=gateway-conformance-infra/backendtlspolicy-nonexistent-ca-certificate-ref-test backend="{Name:backendtlspolicy-nonexistent-ca-certificate-ref-test Namespace:gateway-conformance-infra Port:0x1ce340323428 AppProtocol:0x1ce33f528680 TLS:<nil> Weight:0x1ce33d9896b4}" port=443
time=2026-03-08T05:57:13.898391321Z level=debug source=/go/src/github.com/cilium/cilium/operator/pkg/model/ingestion/gateway.go:421 msg="Checking valid BTLSP on port" module=operator.operator-controlplane.leader-lifecycle.gateway-api controller=gateway resource=gateway-conformance-infra/same-namespace service=gateway-conformance-infra/backendtlspolicy-nonexistent-ca-certificate-ref-test backendTLSPolicyName=nonexistent-ca-certificate-ref port=https section=""
time=2026-03-08T05:57:13.898400021Z level=debug source=/go/src/github.com/cilium/cilium/operator/pkg/model/ingestion/gateway.go:442 msg="Got a match for valid BTLSP on all ports, adding" module=operator.operator-controlplane.leader-lifecycle.gateway-api controller=gateway resource=gateway-conformance-infra/same-namespace service=gateway-conformance-infra/backendtlspolicy-nonexistent-ca-certificate-ref-test backendTLSPolicyName=nonexistent-ca-certificate-ref port=https section=""
time=2026-03-08T05:57:13.898420341Z level=debug source=/go/src/github.com/cilium/cilium/operator/pkg/model/ingestion/gateway.go:389 msg="Checking Backend TLS Details for service" module=operator.operator-controlplane.leader-lifecycle.gateway-api controller=gateway resource=gateway-conformance-infra/same-namespace service=gateway-conformance-infra/backendtlspolicy-malformed-ca-certificate-ref-test backend="{Name:backendtlspolicy-malformed-ca-certificate-ref-test Namespace:gateway-conformance-infra Port:0x1ce340323488 AppProtocol:0x1ce33f5286d0 TLS:<nil> Weight:0x1ce33d9896bc}" port=443
time=2026-03-08T05:57:13.898435401Z level=debug source=/go/src/github.com/cilium/cilium/operator/pkg/model/ingestion/gateway.go:421 msg="Checking valid BTLSP on port" module=operator.operator-controlplane.leader-lifecycle.gateway-api controller=gateway resource=gateway-conformance-infra/same-namespace service=gateway-conformance-infra/backendtlspolicy-malformed-ca-certificate-ref-test backendTLSPolicyName=malformed-ca-certificate-ref port=https section=""
time=2026-03-08T05:57:13.89844253Z level=debug source=/go/src/github.com/cilium/cilium/operator/pkg/model/ingestion/gateway.go:442 msg="Got a match for valid BTLSP on all ports, adding" module=operator.operator-controlplane.leader-lifecycle.gateway-api controller=gateway resource=gateway-conformance-infra/same-namespace service=gateway-conformance-infra/backendtlspolicy-malformed-ca-certificate-ref-test backendTLSPolicyName=malformed-ca-certificate-ref port=https section=""
time=2026-03-08T05:57:13.90364405Z level=info source=/go/src/github.com/cilium/cilium/operator/pkg/gateway-api/gateway_reconcile.go:458 msg="Checking address status for Gateway" module=operator.operator-controlplane.leader-lifecycle.gateway-api controller=gateway resource=gateway-conformance-infra/same-namespace
time=2026-03-08T05:57:13.90371149Z level=info source=/go/src/github.com/cilium/cilium/operator/pkg/gateway-api/gateway_reconcile.go:494 msg="At least one valid address, marking gateway programmed" module=operator.operator-controlplane.leader-lifecycle.gateway-api controller=gateway resource=gateway-conformance-infra/same-namespace
time=2026-03-08T05:57:13.90381868Z level=info source=/go/src/github.com/cilium/cilium/operator/pkg/gateway-api/gateway_reconcile.go:262 msg="Successfully reconciled Gateway" module=operator.operator-controlplane.leader-lifecycle.gateway-api controller=gateway resource=gateway-conformance-infra/same-namespace
time=2026-03-08T05:57:13.90388355Z level=info source=/go/src/github.com/cilium/cilium/operator/pkg/gateway-api/gateway_reconcile.go:55 msg="Reconciling Gateway" module=operator.operator-controlplane.leader-lifecycle.gateway-api controller=gateway resource=gateway-conformance-infra/same-namespace
time=2026-03-08T05:57:13.9040834Z level=debug source=/go/src/github.com/cilium/cilium/operator/pkg/gateway-api/gateway_reconcile.go:870 msg="Updating HTTPRoute statuses for Gateway" module=operator.operator-controlplane.leader-lifecycle.gateway-api controller=gateway resource=gateway-conformance-infra/same-namespace numRoutes=1
time=2026-03-08T05:57:13.90431878Z level=debug source=/go/src/github.com/cilium/cilium/operator/pkg/gateway-api/gateway_reconcile.go:909 msg="Updating TLSRoute statuses for Gateway" module=operator.operator-controlplane.leader-lifecycle.gateway-api controller=gateway resource=gateway-conformance-infra/same-namespace numRoutes=0
time=2026-03-08T05:57:13.9043393Z level=debug source=/go/src/github.com/cilium/cilium/operator/pkg/gateway-api/gateway_reconcile.go:943 msg="Updating GRPCRoute statuses for Gateway" module=operator.operator-controlplane.leader-lifecycle.gateway-api controller=gateway resource=gateway-conformance-infra/same-namespace numRoutes=0
time=2026-03-08T05:57:13.90435106Z level=debug source=/go/src/github.com/cilium/cilium/operator/pkg/gateway-api/gateway_reconcile.go:982 msg="Updating BackendTLSPolicy statuses for Gateway" module=operator.operator-controlplane.leader-lifecycle.gateway-api controller=gateway resource=gateway-conformance-infra/same-namespace policies=2
time=2026-03-08T05:57:13.90438204Z level=debug source=/go/src/github.com/cilium/cilium/operator/pkg/gateway-api/gateway_reconcile.go:1169 msg="Validating BackendTLSPolicy spec" module=operator.operator-controlplane.leader-lifecycle.gateway-api controller=gateway resource=gateway-conformance-infra/same-namespace backendTLSPolicyName=gateway-conformance-infra/nonexistent-ca-certificate-ref
time=2026-03-08T05:57:13.90445545Z level=debug source=/go/src/github.com/cilium/cilium/operator/pkg/gateway-api/gateway_reconcile.go:1169 msg="Validating BackendTLSPolicy spec" module=operator.operator-controlplane.leader-lifecycle.gateway-api controller=gateway resource=gateway-conformance-infra/same-namespace backendTLSPolicyName=gateway-conformance-infra/malformed-ca-certificate-ref
time=2026-03-08T05:57:13.90452605Z level=debug source=/go/src/github.com/cilium/cilium/operator/pkg/model/ingestion/gateway.go:389 msg="Checking Backend TLS Details for service" module=operator.operator-controlplane.leader-lifecycle.gateway-api controller=gateway resource=gateway-conformance-infra/same-namespace service=gateway-conformance-infra/backendtlspolicy-nonexistent-ca-certificate-ref-test backend="{Name:backendtlspolicy-nonexistent-ca-certificate-ref-test Namespace:gateway-conformance-infra Port:0x1ce33ff88d68 AppProtocol:0x1ce33fa91b60 TLS:<nil> Weight:0x1ce33d7fbc14}" port=443
time=2026-03-08T05:57:13.90455418Z level=debug source=/go/src/github.com/cilium/cilium/operator/pkg/model/ingestion/gateway.go:421 msg="Checking valid BTLSP on port" module=operator.operator-controlplane.leader-lifecycle.gateway-api controller=gateway resource=gateway-conformance-infra/same-namespace service=gateway-conformance-infra/backendtlspolicy-nonexistent-ca-certificate-ref-test backendTLSPolicyName=nonexistent-ca-certificate-ref port=https section=""
time=2026-03-08T05:57:13.90456294Z level=debug source=/go/src/github.com/cilium/cilium/operator/pkg/model/ingestion/gateway.go:442 msg="Got a match for valid BTLSP on all ports, adding" module=operator.operator-controlplane.leader-lifecycle.gateway-api controller=gateway resource=gateway-conformance-infra/same-namespace service=gateway-conformance-infra/backendtlspolicy-nonexistent-ca-certificate-ref-test backendTLSPolicyName=nonexistent-ca-certificate-ref port=https section=""
time=2026-03-08T05:57:13.90462579Z level=debug source=/go/src/github.com/cilium/cilium/operator/pkg/model/ingestion/gateway.go:389 msg="Checking Backend TLS Details for service" module=operator.operator-controlplane.leader-lifecycle.gateway-api controller=gateway resource=gateway-conformance-infra/same-namespace service=gateway-conformance-infra/backendtlspolicy-malformed-ca-certificate-ref-test backend="{Name:backendtlspolicy-malformed-ca-certificate-ref-test Namespace:gateway-conformance-infra Port:0x1ce33ff88dc8 AppProtocol:0x1ce33fa91bb0 TLS:<nil> Weight:0x1ce33d7fbc1c}" port=443
time=2026-03-08T05:57:13.90464601Z level=debug source=/go/src/github.com/cilium/cilium/operator/pkg/model/ingestion/gateway.go:421 msg="Checking valid BTLSP on port" module=operator.operator-controlplane.leader-lifecycle.gateway-api controller=gateway resource=gateway-conformance-infra/same-namespace service=gateway-conformance-infra/backendtlspolicy-malformed-ca-certificate-ref-test backendTLSPolicyName=malformed-ca-certificate-ref port=https section=""
time=2026-03-08T05:57:13.90465413Z level=debug source=/go/src/github.com/cilium/cilium/operator/pkg/model/ingestion/gateway.go:442 msg="Got a match for valid BTLSP on all ports, adding" module=operator.operator-controlplane.leader-lifecycle.gateway-api controller=gateway resource=gateway-conformance-infra/same-namespace service=gateway-conformance-infra/backendtlspolicy-malformed-ca-certificate-ref-test backendTLSPolicyName=malformed-ca-certificate-ref port=https section=""
time=2026-03-08T05:57:13.90959913Z level=info source=/go/src/github.com/cilium/cilium/operator/pkg/gateway-api/gateway_reconcile.go:458 msg="Checking address status for Gateway" module=operator.operator-controlplane.leader-lifecycle.gateway-api controller=gateway resource=gateway-conformance-infra/same-namespace
time=2026-03-08T05:57:13.90965078Z level=info source=/go/src/github.com/cilium/cilium/operator/pkg/gateway-api/gateway_reconcile.go:494 msg="At least one valid address, marking gateway programmed" module=operator.operator-controlplane.leader-lifecycle.gateway-api controller=gateway resource=gateway-conformance-infra/same-namespace
time=2026-03-08T05:57:13.90974425Z level=info source=/go/src/github.com/cilium/cilium/operator/pkg/gateway-api/gateway_reconcile.go:262 msg="Successfully reconciled Gateway" module=operator.operator-controlplane.leader-lifecycle.gateway-api controller=gateway resource=gateway-conformance-infra/same-namespace
time=2026-03-08T05:57:16.279911573Z level=debug source=/go/src/github.com/cilium/cilium/operator/unmanagedpods/controller.go:154 msg="Found managed pod due to presence of a CEP" module=operator.operator-controlplane.leader-lifecycle.unmanaged-pods-gc error=<nil> k8sPodName=kube-system/coredns-7d764666f9-9kf9j identity=0
time=2026-03-08T05:57:16.279983393Z level=debug source=/go/src/github.com/cilium/cilium/operator/unmanagedpods/controller.go:154 msg="Found managed pod due to presence of a CEP" module=operator.operator-controlplane.leader-lifecycle.unmanaged-pods-gc error=<nil> k8sPodName=kube-system/coredns-7d764666f9-6htsd identity=0
time=2026-03-08T05:57:16.280019713Z level=debug source=/go/src/github.com/cilium/cilium/pkg/controller/controller.go:338 msg="Controller func executed" subsys=controller name=restart-unmanaged-pods uuid=297bd89c-e3c5-463a-bff7-703afa64896b duration=131.7µs
time=2026-03-08T05:57:16.465105868Z level=debug source=/go/src/github.com/cilium/cilium/pkg/controller/controller.go:338 msg="Controller func executed" subsys=controller name=k8s-heartbeat uuid=09a619f7-bb34-4db5-a2c1-364fde6829b5 duration=2.08µs
time=2026-03-08T05:57:16.481364108Z level=debug source=/go/src/github.com/cilium/cilium/pkg/controller/controller.go:338 msg="Controller func executed" subsys=controller name=k8s-heartbeat uuid=baa517db-db81-4ed9-875c-02e51764d30d duration=1.32µs
time=2026-03-08T05:57:31.28064805Z level=debug source=/go/src/github.com/cilium/cilium/operator/unmanagedpods/controller.go:154 msg="Found managed pod due to presence of a CEP" module=operator.operator-controlplane.leader-lifecycle.unmanaged-pods-gc error=<nil> k8sPodName=kube-system/coredns-7d764666f9-9kf9j identity=0
time=2026-03-08T05:57:31.28069725Z level=debug source=/go/src/github.com/cilium/cilium/operator/unmanagedpods/controller.go:154 msg="Found managed pod due to presence of a CEP" module=operator.operator-controlplane.leader-lifecycle.unmanaged-pods-gc error=<nil> k8sPodName=kube-system/coredns-7d764666f9-6htsd identity=0
time=2026-03-08T05:57:31.28071412Z level=debug source=/go/src/github.com/cilium/cilium/pkg/controller/controller.go:338 msg="Controller func executed" subsys=controller name=restart-unmanaged-pods uuid=297bd89c-e3c5-463a-bff7-703afa64896b duration=86.32µs
time=2026-03-08T05:57:45.007485063Z level=debug source=/go/src/github.com/cilium/cilium/operator/pkg/secretsync/configmapsync_reconcile.go:32 msg="Reconciling ConfigMap" module=operator.operator-controlplane.leader-lifecycle.secret-sync resource=gateway-conformance-infra/malformed-ca-certificate
time=2026-03-08T05:57:45.007552953Z level=debug source=/go/src/github.com/cilium/cilium/operator/pkg/secretsync/configmapsync_reconcile.go:37 msg="Unable to get ConfigMap - either deleted or not yet available" module=operator.operator-controlplane.leader-lifecycle.secret-sync resource=gateway-conformance-infra/malformed-ca-certificate error="ConfigMap \"malformed-ca-certificate\" not found"
time=2026-03-08T05:57:45.007588633Z level=debug source=/go/src/github.com/cilium/cilium/operator/pkg/secretsync/configmapsync_reconcile.go:51 msg="Successfully reconciled ConfigMap" module=operator.operator-controlplane.leader-lifecycle.secret-sync resource=gateway-conformance-infra/malformed-ca-certificate action=ignored
time=2026-03-08T05:57:45.007640563Z level=debug source=/go/src/github.com/cilium/cilium/operator/pkg/gateway-api/gateway.go:434 msg="ConfigMap in BackendTLSPolicy relevant to Gateways" module=operator.operator-controlplane.leader-lifecycle.gateway-api controller=gateway subsys=queue-gw-from-backendtlspolicy-configmap resource=gateway-conformance-infra/malformed-ca-certificate gateway=[gateway-conformance-infra/same-namespace]
time=2026-03-08T05:57:45.007778203Z level=info source=/go/src/github.com/cilium/cilium/operator/pkg/gateway-api/gateway_reconcile.go:55 msg="Reconciling Gateway" module=operator.operator-controlplane.leader-lifecycle.gateway-api controller=gateway resource=gateway-conformance-infra/same-namespace
time=2026-03-08T05:57:45.008473293Z level=debug source=/go/src/github.com/cilium/cilium/operator/pkg/gateway-api/gateway_reconcile.go:870 msg="Updating HTTPRoute statuses for Gateway" module=operator.operator-controlplane.leader-lifecycle.gateway-api controller=gateway resource=gateway-conformance-infra/same-namespace numRoutes=1
time=2026-03-08T05:57:45.008755813Z level=debug source=/go/src/github.com/cilium/cilium/operator/pkg/gateway-api/gateway_reconcile.go:909 msg="Updating TLSRoute statuses for Gateway" module=operator.operator-controlplane.leader-lifecycle.gateway-api controller=gateway resource=gateway-conformance-infra/same-namespace numRoutes=0
time=2026-03-08T05:57:45.008776793Z level=debug source=/go/src/github.com/cilium/cilium/operator/pkg/gateway-api/gateway_reconcile.go:943 msg="Updating GRPCRoute statuses for Gateway" module=operator.operator-controlplane.leader-lifecycle.gateway-api controller=gateway resource=gateway-conformance-infra/same-namespace numRoutes=0
time=2026-03-08T05:57:45.008789902Z level=debug source=/go/src/github.com/cilium/cilium/operator/pkg/gateway-api/gateway_reconcile.go:982 msg="Updating BackendTLSPolicy statuses for Gateway" module=operator.operator-controlplane.leader-lifecycle.gateway-api controller=gateway resource=gateway-conformance-infra/same-namespace policies=2
time=2026-03-08T05:57:45.008830993Z level=debug source=/go/src/github.com/cilium/cilium/operator/pkg/gateway-api/gateway_reconcile.go:1169 msg="Validating BackendTLSPolicy spec" module=operator.operator-controlplane.leader-lifecycle.gateway-api controller=gateway resource=gateway-conformance-infra/same-namespace backendTLSPolicyName=gateway-conformance-infra/nonexistent-ca-certificate-ref
time=2026-03-08T05:57:45.008915902Z level=debug source=/go/src/github.com/cilium/cilium/operator/pkg/gateway-api/gateway_reconcile.go:1169 msg="Validating BackendTLSPolicy spec" module=operator.operator-controlplane.leader-lifecycle.gateway-api controller=gateway resource=gateway-conformance-infra/same-namespace backendTLSPolicyName=gateway-conformance-infra/malformed-ca-certificate-ref
time=2026-03-08T05:57:45.008992113Z level=debug source=/go/src/github.com/cilium/cilium/operator/pkg/gateway-api/gateway_reconcile.go:1281 msg="BackendTLSPolicy status" module=operator.operator-controlplane.leader-lifecycle.gateway-api controller=gateway resource=gateway-conformance-infra/same-namespace BackendTLSPolicy=gateway-conformance-infra/malformed-ca-certificate-ref
time=2026-03-08T05:57:45.014729282Z level=debug source=/go/src/github.com/cilium/cilium/operator/pkg/gateway-api/secretsync.go:95 msg="Enqueued configmap for backendtlspolicy" module=operator.operator-controlplane.leader-lifecycle.gateway-api resource=malformed-ca-certificate-ref configMapName=gateway-conformance-infra/malformed-ca-certificate
time=2026-03-08T05:57:45.014793212Z level=debug source=/go/src/github.com/cilium/cilium/operator/pkg/gateway-api/gateway.go:359 msg="BackendTLSPolicy relevant to Gateways" module=operator.operator-controlplane.leader-lifecycle.gateway-api controller=gateway subsys=queue-gw-from-backendtlspolicy resource=gateway-conformance-infra/malformed-ca-certificate-ref gateway=[gateway-conformance-infra/same-namespace]
time=2026-03-08T05:57:45.014859812Z level=debug source=/go/src/github.com/cilium/cilium/operator/pkg/secretsync/configmapsync_reconcile.go:32 msg="Reconciling ConfigMap" module=operator.operator-controlplane.leader-lifecycle.secret-sync resource=gateway-conformance-infra/malformed-ca-certificate
time=2026-03-08T05:57:45.014896042Z level=debug source=/go/src/github.com/cilium/cilium/operator/pkg/secretsync/configmapsync_reconcile.go:37 msg="Unable to get ConfigMap - either deleted or not yet available" module=operator.operator-controlplane.leader-lifecycle.secret-sync resource=gateway-conformance-infra/malformed-ca-certificate error="ConfigMap \"malformed-ca-certificate\" not found"
time=2026-03-08T05:57:45.014917972Z level=debug source=/go/src/github.com/cilium/cilium/operator/pkg/secretsync/configmapsync_reconcile.go:51 msg="Successfully reconciled ConfigMap" module=operator.operator-controlplane.leader-lifecycle.secret-sync resource=gateway-conformance-infra/malformed-ca-certificate action=ignored
time=2026-03-08T05:57:45.015074622Z level=error source=/go/src/github.com/cilium/cilium/operator/pkg/gateway-api/gateway_reconcile.go:182 msg="Unable to update BackendTLSPolicy Status" module=operator.operator-controlplane.leader-lifecycle.gateway-api controller=gateway resource=gateway-conformance-infra/same-namespace error="failed to update BackendTLSPolicy status: backendtlspolicies.gateway.networking.k8s.io \"malformed-ca-certificate-ref\" not found"
time=2026-03-08T05:57:45.015143622Z level=info source=/go/src/github.com/cilium/cilium/vendor/github.com/go-logr/logr/logr.go:301 msg="Reconciler error" module=operator.operator-controlplane.leader-lifecycle.controller-runtime controller=gateway controllerGroup=gateway.networking.k8s.io controllerKind=Gateway Gateway.name=same-namespace Gateway.namespace=gateway-conformance-infra namespace=gateway-conformance-infra name=same-namespace reconcileID=0dec39cf-5cf4-4147-adc7-263dce91e6f0 error="failed to update BackendTLSPolicy status: backendtlspolicies.gateway.networking.k8s.io \"malformed-ca-certificate-ref\" not found"
time=2026-03-08T05:57:45.015205552Z level=info source=/go/src/github.com/cilium/cilium/operator/pkg/gateway-api/gateway_reconcile.go:55 msg="Reconciling Gateway" module=operator.operator-controlplane.leader-lifecycle.gateway-api controller=gateway resource=gateway-conformance-infra/same-namespace
time=2026-03-08T05:57:45.015452212Z level=debug source=/go/src/github.com/cilium/cilium/operator/pkg/gateway-api/gateway_reconcile.go:870 msg="Updating HTTPRoute statuses for Gateway" module=operator.operator-controlplane.leader-lifecycle.gateway-api controller=gateway resource=gateway-conformance-infra/same-namespace numRoutes=1
time=2026-03-08T05:57:45.015721952Z level=debug source=/go/src/github.com/cilium/cilium/operator/pkg/gateway-api/gateway_reconcile.go:909 msg="Updating TLSRoute statuses for Gateway" module=operator.operator-controlplane.leader-lifecycle.gateway-api controller=gateway resource=gateway-conformance-infra/same-namespace numRoutes=0
time=2026-03-08T05:57:45.015746492Z level=debug source=/go/src/github.com/cilium/cilium/operator/pkg/gateway-api/gateway_reconcile.go:943 msg="Updating GRPCRoute statuses for Gateway" module=operator.operator-controlplane.leader-lifecycle.gateway-api controller=gateway resource=gateway-conformance-infra/same-namespace numRoutes=0
time=2026-03-08T05:57:45.015758162Z level=debug source=/go/src/github.com/cilium/cilium/operator/pkg/gateway-api/gateway_reconcile.go:982 msg="Updating BackendTLSPolicy statuses for Gateway" module=operator.operator-controlplane.leader-lifecycle.gateway-api controller=gateway resource=gateway-conformance-infra/same-namespace policies=1
time=2026-03-08T05:57:45.015794702Z level=debug source=/go/src/github.com/cilium/cilium/operator/pkg/gateway-api/gateway_reconcile.go:1169 msg="Validating BackendTLSPolicy spec" module=operator.operator-controlplane.leader-lifecycle.gateway-api controller=gateway resource=gateway-conformance-infra/same-namespace backendTLSPolicyName=gateway-conformance-infra/nonexistent-ca-certificate-ref
time=2026-03-08T05:57:45.015865832Z level=debug source=/go/src/github.com/cilium/cilium/operator/pkg/model/ingestion/gateway.go:389 msg="Checking Backend TLS Details for service" module=operator.operator-controlplane.leader-lifecycle.gateway-api controller=gateway resource=gateway-conformance-infra/same-namespace service=gateway-conformance-infra/backendtlspolicy-nonexistent-ca-certificate-ref-test backend="{Name:backendtlspolicy-nonexistent-ca-certificate-ref-test Namespace:gateway-conformance-infra Port:0x1ce340489ec0 AppProtocol:0x1ce33dd11d80 TLS:<nil> Weight:0x1ce33db79b7c}" port=443
time=2026-03-08T05:57:45.015897962Z level=debug source=/go/src/github.com/cilium/cilium/operator/pkg/model/ingestion/gateway.go:421 msg="Checking valid BTLSP on port" module=operator.operator-controlplane.leader-lifecycle.gateway-api controller=gateway resource=gateway-conformance-infra/same-namespace service=gateway-conformance-infra/backendtlspolicy-nonexistent-ca-certificate-ref-test backendTLSPolicyName=nonexistent-ca-certificate-ref port=https section=""
time=2026-03-08T05:57:45.015906982Z level=debug source=/go/src/github.com/cilium/cilium/operator/pkg/model/ingestion/gateway.go:442 msg="Got a match for valid BTLSP on all ports, adding" module=operator.operator-controlplane.leader-lifecycle.gateway-api controller=gateway resource=gateway-conformance-infra/same-namespace service=gateway-conformance-infra/backendtlspolicy-nonexistent-ca-certificate-ref-test backendTLSPolicyName=nonexistent-ca-certificate-ref port=https section=""
time=2026-03-08T05:57:45.015930112Z level=debug source=/go/src/github.com/cilium/cilium/operator/pkg/model/ingestion/gateway.go:389 msg="Checking Backend TLS Details for service" module=operator.operator-controlplane.leader-lifecycle.gateway-api controller=gateway resource=gateway-conformance-infra/same-namespace service=gateway-conformance-infra/backendtlspolicy-malformed-ca-certificate-ref-test backend="{Name:backendtlspolicy-malformed-ca-certificate-ref-test Namespace:gateway-conformance-infra Port:0x1ce33fa940c0 AppProtocol:0x1ce33dd11dd0 TLS:<nil> Weight:0x1ce33db79b84}" port=443
time=2026-03-08T05:57:45.020544552Z level=debug source=/go/src/github.com/cilium/cilium/operator/pkg/gateway-api/secretsync.go:95 msg="Enqueued configmap for backendtlspolicy" module=operator.operator-controlplane.leader-lifecycle.gateway-api resource=nonexistent-ca-certificate-ref configMapName=gateway-conformance-infra/nonexistent-ca-certificate
time=2026-03-08T05:57:45.020649592Z level=debug source=/go/src/github.com/cilium/cilium/operator/pkg/gateway-api/gateway.go:359 msg="BackendTLSPolicy relevant to Gateways" module=operator.operator-controlplane.leader-lifecycle.gateway-api controller=gateway subsys=queue-gw-from-backendtlspolicy resource=gateway-conformance-infra/nonexistent-ca-certificate-ref gateway=[gateway-conformance-infra/same-namespace]
time=2026-03-08T05:57:45.020662132Z level=debug source=/go/src/github.com/cilium/cilium/operator/pkg/secretsync/configmapsync_reconcile.go:32 msg="Reconciling ConfigMap" module=operator.operator-controlplane.leader-lifecycle.secret-sync resource=gateway-conformance-infra/nonexistent-ca-certificate
time=2026-03-08T05:57:45.020696702Z level=debug source=/go/src/github.com/cilium/cilium/operator/pkg/secretsync/configmapsync_reconcile.go:37 msg="Unable to get ConfigMap - either deleted or not yet available" module=operator.operator-controlplane.leader-lifecycle.secret-sync resource=gateway-conformance-infra/nonexistent-ca-certificate error="ConfigMap \"nonexistent-ca-certificate\" not found"
time=2026-03-08T05:57:45.020730342Z level=debug source=/go/src/github.com/cilium/cilium/operator/pkg/secretsync/configmapsync_reconcile.go:51 msg="Successfully reconciled ConfigMap" module=operator.operator-controlplane.leader-lifecycle.secret-sync resource=gateway-conformance-infra/nonexistent-ca-certificate action=ignored
time=2026-03-08T05:57:45.024482693Z level=info source=/go/src/github.com/cilium/cilium/operator/pkg/gateway-api/gamma_reconcile.go:46 msg="Reconciling GAMMA service" module=operator.operator-controlplane.leader-lifecycle.gateway-api controller=gamma resource=gateway-conformance-infra/backendtlspolicy-malformed-ca-certificate-ref-test
time=2026-03-08T05:57:45.024490893Z level=debug source=/go/src/github.com/cilium/cilium/operator/pkg/lbipam/lbipam.go:405 msg="Deleted service 'gateway-conformance-infra/backendtlspolicy-malformed-ca-certificate-ref-test'" module=operator.operator-controlplane.leader-lifecycle.lbipam
time=2026-03-08T05:57:45.024576213Z level=debug source=/go/src/github.com/cilium/cilium/operator/pkg/lbipam/lbipam.go:1646 msg="Updating pool counts" module=operator.operator-controlplane.leader-lifecycle.lbipam
time=2026-03-08T05:57:45.030894102Z level=debug source=/go/src/github.com/cilium/cilium/pkg/k8s/apis/cilium.io/v2/cec_types.go:193 msg="CEC unmarshaled XDS Resource" resource="[type.googleapis.com/envoy.config.listener.v3.Listener]:  {\n  name:  \"listener\"\n  filter_chains:  {\n    filter_chain_match:  {\n      transport_protocol:  \"raw_buffer\"\n    }\n    filters:  {\n      name:  \"envoy.filters.network.http_connection_manager\"\n      typed_config:  {\n        [type.googleapis.com/envoy.extensions.filters.network.http_connection_manager.v3.HttpConnectionManager]:  {\n          stat_prefix:  \"listener-insecure\"\n          rds:  {\n            route_config_name:  \"listener-insecure\"\n          }\n          http_filters:  {\n            name:  \"envoy.filters.http.grpc_web\"\n            typed_config:  {\n              [type.googleapis.com/envoy.extensions.filters.http.grpc_web.v3.GrpcWeb]:  {}\n            }\n          }\n          http_filters:  {\n            name:  \"envoy.filters.http.grpc_stats\"\n            typed_config:  {\n              [type.googleapis.com/envoy.extensions.filters.http.grpc_stats.v3.FilterConfig]:  {\n                emit_filter_state:  true\n                enable_upstream_stats:  true\n              }\n            }\n          }\n          http_filters:  {\n            name:  \"envoy.filters.http.router\"\n            typed_config:  {\n              [type.googleapis.com/envoy.extensions.filters.http.router.v3.Router]:  {}\n            }\n          }\n          common_http_protocol_options:  {\n            max_stream_duration:  {}\n          }\n          stream_idle_timeout:  {\n            seconds:  300\n          }\n          use_remote_address:  {\n            value:  true\n          }\n          internal_address_config:  {\n            cidr_ranges:  {\n              address_prefix:  \"10.0.0.0\"\n              prefix_len:  {\n                value:  8\n              }\n            }\n            cidr_ranges:  {\n              address_prefix:  \"172.16.0.0\"\n              prefix_len:  {\n                value:  12\n              }\n            }\n            cidr_ranges:  {\n              address_prefix:  \"192.168.0.0\"\n              prefix_len:  {\n                value:  16\n              }\n            }\n            cidr_ranges:  {\n              address_prefix:  \"127.0.0.1\"\n              prefix_len:  {\n                value:  32\n              }\n            }\n          }\n          upgrade_configs:  {\n            upgrade_type:  \"websocket\"\n          }\n        }\n      }\n    }\n  }\n  listener_filters:  {\n    name:  \"envoy.filters.listener.tls_inspector\"\n    typed_config:  {\n      [type.googleapis.com/envoy.extensions.filters.listener.tls_inspector.v3.TlsInspector]:  {}\n    }\n  }\n  socket_options:  {\n    description:  \"Enable TCP keep-alive (default to enabled)\"\n    level:  1\n    name:  9\n    int_value:  1\n  }\n  socket_options:  {\n    description:  \"TCP keep-alive idle time (in seconds) (defaults to 10s)\"\n    level:  6\n    name:  4\n    int_value:  10\n  }\n  socket_options:  {\n    description:  \"TCP keep-alive probe intervals (in seconds) (defaults to 5s)\"\n    level:  6\n    name:  5\n    int_value:  5\n  }\n  socket_options:  {\n    description:  \"TCP keep-alive probe max failures.\"\n    level:  6\n    name:  6\n    int_value:  10\n  }\n}\n"
time=2026-03-08T05:57:45.031050292Z level=debug source=/go/src/github.com/cilium/cilium/pkg/k8s/apis/cilium.io/v2/cec_types.go:193 msg="CEC unmarshaled XDS Resource" resource="[type.googleapis.com/envoy.config.route.v3.RouteConfiguration]:  {\n  name:  \"listener-insecure\"\n  virtual_hosts:  {\n    name:  \"abc.example.com\"\n    domains:  \"abc.example.com\"\n    domains:  \"abc.example.com:*\"\n    routes:  {\n      match:  {\n        path:  \"/backendtlspolicy-nonexistent-ca-certificate-ref\"\n      }\n      route:  {\n        cluster:  \"gateway-conformance-infra:backendtlspolicy-nonexistent-ca-certificate-ref-test:443\"\n        max_stream_duration:  {\n          max_stream_duration:  {}\n        }\n      }\n    }\n    routes:  {\n      match:  {\n        path:  \"/backendtlspolicy-malformed-ca-certificate-ref\"\n      }\n      route:  {\n        cluster:  \"gateway-conformance-infra:backendtlspolicy-malformed-ca-certificate-ref-test:443\"\n        max_stream_duration:  {\n          max_stream_duration:  {}\n        }\n      }\n    }\n  }\n}\n"
time=2026-03-08T05:57:45.031199522Z level=debug source=/go/src/github.com/cilium/cilium/pkg/k8s/apis/cilium.io/v2/cec_types.go:193 msg="CEC unmarshaled XDS Resource" resource="[type.googleapis.com/envoy.config.cluster.v3.Cluster]:  {\n  name:  \"gateway-conformance-infra:backendtlspolicy-malformed-ca-certificate-ref-test:443\"\n  type:  EDS\n  eds_cluster_config:  {\n    service_name:  \"gateway-conformance-infra/backendtlspolicy-malformed-ca-certificate-ref-test:443\"\n  }\n  typed_extension_protocol_options:  {\n    key:  \"envoy.extensions.upstreams.http.v3.HttpProtocolOptions\"\n    value:  {\n      [type.googleapis.com/envoy.extensions.upstreams.http.v3.HttpProtocolOptions]:  {\n        common_http_protocol_options:  {\n          idle_timeout:  {\n            seconds:  60\n          }\n        }\n        use_downstream_protocol_config:  {\n          http2_protocol_options:  {}\n        }\n      }\n    }\n  }\n  outlier_detection:  {\n    split_external_local_origin_errors:  true\n  }\n}\n"
time=2026-03-08T05:57:45.031462702Z level=debug source=/go/src/github.com/cilium/cilium/pkg/k8s/apis/cilium.io/v2/cec_types.go:193 msg="CEC unmarshaled XDS Resource" resource="[type.googleapis.com/envoy.config.cluster.v3.Cluster]:  {\n  name:  \"gateway-conformance-infra:backendtlspolicy-nonexistent-ca-certificate-ref-test:443\"\n  type:  EDS\n  eds_cluster_config:  {\n    service_name:  \"gateway-conformance-infra/backendtlspolicy-nonexistent-ca-certificate-ref-test:443\"\n  }\n  typed_extension_protocol_options:  {\n    key:  \"envoy.extensions.upstreams.http.v3.HttpProtocolOptions\"\n    value:  {\n      [type.googleapis.com/envoy.extensions.upstreams.http.v3.HttpProtocolOptions]:  {\n        common_http_protocol_options:  {\n          idle_timeout:  {\n            seconds:  60\n          }\n        }\n        use_downstream_protocol_config:  {\n          http2_protocol_options:  {}\n        }\n      }\n    }\n  }\n  outlier_detection:  {\n    split_external_local_origin_errors:  true\n  }\n  transport_socket:  {\n    name:  \"envoy.transport_sockets.tls\"\n    typed_config:  {\n      [type.googleapis.com/envoy.extensions.transport_sockets.tls.v3.UpstreamTlsContext]:  {\n        common_tls_context:  {\n          combined_validation_context:  {\n            default_validation_context:  {}\n            validation_context_sds_secret_config:  {\n              name:  \"cilium-secrets/gateway-conformance-infra-cfgmap-nonexistent-ca-certificate\"\n            }\n          }\n        }\n        sni:  \"abc.example.com\"\n      }\n    }\n  }\n}\n"
time=2026-03-08T05:57:45.031520942Z level=info source=/go/src/github.com/cilium/cilium/operator/pkg/gateway-api/gateway_reconcile.go:458 msg="Checking address status for Gateway" module=operator.operator-controlplane.leader-lifecycle.gateway-api controller=gateway resource=gateway-conformance-infra/same-namespace
time=2026-03-08T05:57:45.031575042Z level=info source=/go/src/github.com/cilium/cilium/operator/pkg/gateway-api/gateway_reconcile.go:494 msg="At least one valid address, marking gateway programmed" module=operator.operator-controlplane.leader-lifecycle.gateway-api controller=gateway resource=gateway-conformance-infra/same-namespace
time=2026-03-08T05:57:45.031422712Z level=debug source=/go/src/github.com/cilium/cilium/pkg/k8s/apis/cilium.io/v2/cec_types.go:193 msg="CEC unmarshaled XDS Resource" resource="[type.googleapis.com/envoy.config.listener.v3.Listener]:  {\n  name:  \"listener\"\n  filter_chains:  {\n    filter_chain_match:  {\n      transport_protocol:  \"raw_buffer\"\n    }\n    filters:  {\n      name:  \"envoy.filters.network.http_connection_manager\"\n      typed_config:  {\n        [type.googleapis.com/envoy.extensions.filters.network.http_connection_manager.v3.HttpConnectionManager]:  {\n          stat_prefix:  \"listener-insecure\"\n          rds:  {\n            route_config_name:  \"listener-insecure\"\n          }\n          http_filters:  {\n            name:  \"envoy.filters.http.grpc_web\"\n            typed_config:  {\n              [type.googleapis.com/envoy.extensions.filters.http.grpc_web.v3.GrpcWeb]:  {}\n            }\n          }\n          http_filters:  {\n            name:  \"envoy.filters.http.grpc_stats\"\n            typed_config:  {\n              [type.googleapis.com/envoy.extensions.filters.http.grpc_stats.v3.FilterConfig]:  {\n                emit_filter_state:  true\n                enable_upstream_stats:  true\n              }\n            }\n          }\n          http_filters:  {\n            name:  \"envoy.filters.http.router\"\n            typed_config:  {\n              [type.googleapis.com/envoy.extensions.filters.http.router.v3.Router]:  {}\n            }\n          }\n          common_http_protocol_options:  {\n            max_stream_duration:  {}\n          }\n          stream_idle_timeout:  {\n            seconds:  300\n          }\n          use_remote_address:  {\n            value:  true\n          }\n          internal_address_config:  {\n            cidr_ranges:  {\n              address_prefix:  \"10.0.0.0\"\n              prefix_len:  {\n                value:  8\n              }\n            }\n            cidr_ranges:  {\n              address_prefix:  \"172.16.0.0\"\n              prefix_len:  {\n                value:  12\n              }\n            }\n            cidr_ranges:  {\n              address_prefix:  \"192.168.0.0\"\n              prefix_len:  {\n                value:  16\n              }\n            }\n            cidr_ranges:  {\n              address_prefix:  \"127.0.0.1\"\n              prefix_len:  {\n                value:  32\n              }\n            }\n          }\n          upgrade_configs:  {\n            upgrade_type:  \"websocket\"\n          }\n        }\n      }\n    }\n  }\n  listener_filters:  {\n    name:  \"envoy.filters.listener.tls_inspector\"\n    typed_config:  {\n      [type.googleapis.com/envoy.extensions.filters.listener.tls_inspector.v3.TlsInspector]:  {}\n    }\n  }\n  socket_options:  {\n    description:  \"Enable TCP keep-alive (default to enabled)\"\n    level:  1\n    name:  9\n    int_value:  1\n  }\n  socket_options:  {\n    description:  \"TCP keep-alive idle time (in seconds) (defaults to 10s)\"\n    level:  6\n    name:  4\n    int_value:  10\n  }\n  socket_options:  {\n    description:  \"TCP keep-alive probe intervals (in seconds) (defaults to 5s)\"\n    level:  6\n    name:  5\n    int_value:  5\n  }\n  socket_options:  {\n    description:  \"TCP keep-alive probe max failures.\"\n    level:  6\n    name:  6\n    int_value:  10\n  }\n}\n"
time=2026-03-08T05:57:45.031694532Z level=info source=/go/src/github.com/cilium/cilium/operator/pkg/gateway-api/gateway_reconcile.go:262 msg="Successfully reconciled Gateway" module=operator.operator-controlplane.leader-lifecycle.gateway-api controller=gateway resource=gateway-conformance-infra/same-namespace
time=2026-03-08T05:57:45.031764662Z level=info source=/go/src/github.com/cilium/cilium/operator/pkg/gateway-api/gateway_reconcile.go:55 msg="Reconciling Gateway" module=operator.operator-controlplane.leader-lifecycle.gateway-api controller=gateway resource=gateway-conformance-infra/same-namespace
time=2026-03-08T05:57:45.031808462Z level=debug source=/go/src/github.com/cilium/cilium/pkg/k8s/apis/cilium.io/v2/cec_types.go:193 msg="CEC unmarshaled XDS Resource" resource="[type.googleapis.com/envoy.config.route.v3.RouteConfiguration]:  {\n  name:  \"listener-insecure\"\n  virtual_hosts:  {\n    name:  \"abc.example.com\"\n    domains:  \"abc.example.com\"\n    domains:  \"abc.example.com:*\"\n    routes:  {\n      match:  {\n        path:  \"/backendtlspolicy-nonexistent-ca-certificate-ref\"\n      }\n      route:  {\n        cluster:  \"gateway-conformance-infra:backendtlspolicy-nonexistent-ca-certificate-ref-test:443\"\n        max_stream_duration:  {\n          max_stream_duration:  {}\n        }\n      }\n    }\n    routes:  {\n      match:  {\n        path:  \"/backendtlspolicy-malformed-ca-certificate-ref\"\n      }\n      route:  {\n        cluster:  \"gateway-conformance-infra:backendtlspolicy-malformed-ca-certificate-ref-test:443\"\n        max_stream_duration:  {\n          max_stream_duration:  {}\n        }\n      }\n    }\n  }\n}\n"
time=2026-03-08T05:57:45.031948592Z level=debug source=/go/src/github.com/cilium/cilium/pkg/k8s/apis/cilium.io/v2/cec_types.go:193 msg="CEC unmarshaled XDS Resource" resource="[type.googleapis.com/envoy.config.cluster.v3.Cluster]:  {\n  name:  \"gateway-conformance-infra:backendtlspolicy-malformed-ca-certificate-ref-test:443\"\n  type:  EDS\n  eds_cluster_config:  {\n    service_name:  \"gateway-conformance-infra/backendtlspolicy-malformed-ca-certificate-ref-test:443\"\n  }\n  typed_extension_protocol_options:  {\n    key:  \"envoy.extensions.upstreams.http.v3.HttpProtocolOptions\"\n    value:  {\n      [type.googleapis.com/envoy.extensions.upstreams.http.v3.HttpProtocolOptions]:  {\n        common_http_protocol_options:  {\n          idle_timeout:  {\n            seconds:  60\n          }\n        }\n        use_downstream_protocol_config:  {\n          http2_protocol_options:  {}\n        }\n      }\n    }\n  }\n  outlier_detection:  {\n    split_external_local_origin_errors:  true\n  }\n}\n"
time=2026-03-08T05:57:45.032041852Z level=debug source=/go/src/github.com/cilium/cilium/operator/pkg/gateway-api/gateway_reconcile.go:870 msg="Updating HTTPRoute statuses for Gateway" module=operator.operator-controlplane.leader-lifecycle.gateway-api controller=gateway resource=gateway-conformance-infra/same-namespace numRoutes=1
time=2026-03-08T05:57:45.032122392Z level=debug source=/go/src/github.com/cilium/cilium/pkg/k8s/apis/cilium.io/v2/cec_types.go:193 msg="CEC unmarshaled XDS Resource" resource="[type.googleapis.com/envoy.config.cluster.v3.Cluster]:  {\n  name:  \"gateway-conformance-infra:backendtlspolicy-nonexistent-ca-certificate-ref-test:443\"\n  type:  EDS\n  eds_cluster_config:  {\n    service_name:  \"gateway-conformance-infra/backendtlspolicy-nonexistent-ca-certificate-ref-test:443\"\n  }\n  typed_extension_protocol_options:  {\n    key:  \"envoy.extensions.upstreams.http.v3.HttpProtocolOptions\"\n    value:  {\n      [type.googleapis.com/envoy.extensions.upstreams.http.v3.HttpProtocolOptions]:  {\n        common_http_protocol_options:  {\n          idle_timeout:  {\n            seconds:  60\n          }\n        }\n        use_downstream_protocol_config:  {\n          http2_protocol_options:  {}\n        }\n      }\n    }\n  }\n  outlier_detection:  {\n    split_external_local_origin_errors:  true\n  }\n  transport_socket:  {\n    name:  \"envoy.transport_sockets.tls\"\n    typed_config:  {\n      [type.googleapis.com/envoy.extensions.transport_sockets.tls.v3.UpstreamTlsContext]:  {\n        common_tls_context:  {\n          combined_validation_context:  {\n            default_validation_context:  {}\n            validation_context_sds_secret_config:  {\n              name:  \"cilium-secrets/gateway-conformance-infra-cfgmap-nonexistent-ca-certificate\"\n            }\n          }\n        }\n        sni:  \"abc.example.com\"\n      }\n    }\n  }\n}\n"
time=2026-03-08T05:57:45.032434132Z level=debug source=/go/src/github.com/cilium/cilium/operator/pkg/gateway-api/gateway_reconcile.go:1234 msg="Updating HTTPRoute status" module=operator.operator-controlplane.leader-lifecycle.gateway-api controller=gateway resource=gateway-conformance-infra/same-namespace httpRoute=gateway-conformance-infra/backendtlspolicy-invalid-ca-certificate-ref
time=2026-03-08T05:57:45.038728132Z level=info source=/go/src/github.com/cilium/cilium/operator/pkg/gateway-api/gamma_reconcile.go:46 msg="Reconciling GAMMA service" module=operator.operator-controlplane.leader-lifecycle.gateway-api controller=gamma resource=gateway-conformance-infra/backendtlspolicy-nonexistent-ca-certificate-ref-test
time=2026-03-08T05:57:45.038771612Z level=debug source=/go/src/github.com/cilium/cilium/operator/pkg/lbipam/lbipam.go:405 msg="Deleted service 'gateway-conformance-infra/backendtlspolicy-nonexistent-ca-certificate-ref-test'" module=operator.operator-controlplane.leader-lifecycle.lbipam
time=2026-03-08T05:57:45.038817942Z level=debug source=/go/src/github.com/cilium/cilium/operator/pkg/lbipam/lbipam.go:1646 msg="Updating pool counts" module=operator.operator-controlplane.leader-lifecycle.lbipam
time=2026-03-08T05:57:45.039653232Z level=info source=/go/src/github.com/cilium/cilium/operator/pkg/gateway-api/gateway.go:613 msg="Enqueued gateway for Route" module=operator.operator-controlplane.leader-lifecycle.gateway-api controller=gateway resource=gateway-conformance-infra/backendtlspolicy-invalid-ca-certificate-ref k8sNamespace=gateway-conformance-infra parentResource=same-namespace route=backendtlspolicy-invalid-ca-certificate-ref
time=2026-03-08T05:57:45.039707822Z level=info source=/go/src/github.com/cilium/cilium/operator/pkg/gateway-api/gateway.go:613 msg="Enqueued gateway for Route" module=operator.operator-controlplane.leader-lifecycle.gateway-api controller=gateway resource=gateway-conformance-infra/backendtlspolicy-invalid-ca-certificate-ref k8sNamespace=gateway-conformance-infra parentResource=same-namespace route=backendtlspolicy-invalid-ca-certificate-ref
time=2026-03-08T05:57:45.039839512Z level=debug source=/go/src/github.com/cilium/cilium/operator/pkg/gateway-api/gateway_reconcile.go:909 msg="Updating TLSRoute statuses for Gateway" module=operator.operator-controlplane.leader-lifecycle.gateway-api controller=gateway resource=gateway-conformance-infra/same-namespace numRoutes=0
time=2026-03-08T05:57:45.039870382Z level=debug source=/go/src/github.com/cilium/cilium/operator/pkg/gateway-api/gateway_reconcile.go:943 msg="Updating GRPCRoute statuses for Gateway" module=operator.operator-controlplane.leader-lifecycle.gateway-api controller=gateway resource=gateway-conformance-infra/same-namespace numRoutes=0
time=2026-03-08T05:57:45.039888002Z level=debug source=/go/src/github.com/cilium/cilium/operator/pkg/gateway-api/gateway_reconcile.go:982 msg="Updating BackendTLSPolicy statuses for Gateway" module=operator.operator-controlplane.leader-lifecycle.gateway-api controller=gateway resource=gateway-conformance-infra/same-namespace policies=0
time=2026-03-08T05:57:45.039923132Z level=debug source=/go/src/github.com/cilium/cilium/operator/pkg/model/ingestion/gateway.go:389 msg="Checking Backend TLS Details for service" module=operator.operator-controlplane.leader-lifecycle.gateway-api controller=gateway resource=gateway-conformance-infra/same-namespace service=gateway-conformance-infra/backendtlspolicy-nonexistent-ca-certificate-ref-test backend="{Name:backendtlspolicy-nonexistent-ca-certificate-ref-test Namespace:gateway-conformance-infra Port:0x1ce33fa94dc8 AppProtocol:0x1ce33caecdd0 TLS:<nil> Weight:0x1ce33d9589b4}" port=443
time=2026-03-08T05:57:45.051846432Z level=info source=/go/src/github.com/cilium/cilium/operator/pkg/gateway-api/gateway.go:613 msg="Enqueued gateway for Route" module=operator.operator-controlplane.leader-lifecycle.gateway-api controller=gateway resource=gateway-conformance-infra/backendtlspolicy-invalid-ca-certificate-ref k8sNamespace=gateway-conformance-infra parentResource=same-namespace route=backendtlspolicy-invalid-ca-certificate-ref
time=2026-03-08T05:57:45.054540592Z level=debug source=/go/src/github.com/cilium/cilium/pkg/k8s/apis/cilium.io/v2/cec_types.go:193 msg="CEC unmarshaled XDS Resource" resource="[type.googleapis.com/envoy.config.listener.v3.Listener]:  {\n  name:  \"listener\"\n  filter_chains:  {\n    filter_chain_match:  {\n      transport_protocol:  \"raw_buffer\"\n    }\n    filters:  {\n      name:  \"envoy.filters.network.http_connection_manager\"\n      typed_config:  {\n        [type.googleapis.com/envoy.extensions.filters.network.http_connection_manager.v3.HttpConnectionManager]:  {\n          stat_prefix:  \"listener-insecure\"\n          rds:  {\n            route_config_name:  \"listener-insecure\"\n          }\n          http_filters:  {\n            name:  \"envoy.filters.http.grpc_web\"\n            typed_config:  {\n              [type.googleapis.com/envoy.extensions.filters.http.grpc_web.v3.GrpcWeb]:  {}\n            }\n          }\n          http_filters:  {\n            name:  \"envoy.filters.http.grpc_stats\"\n            typed_config:  {\n              [type.googleapis.com/envoy.extensions.filters.http.grpc_stats.v3.FilterConfig]:  {\n                emit_filter_state:  true\n                enable_upstream_stats:  true\n              }\n            }\n          }\n          http_filters:  {\n            name:  \"envoy.filters.http.router\"\n            typed_config:  {\n              [type.googleapis.com/envoy.extensions.filters.http.router.v3.Router]:  {}\n            }\n          }\n          common_http_protocol_options:  {\n            max_stream_duration:  {}\n          }\n          stream_idle_timeout:  {\n            seconds:  300\n          }\n          use_remote_address:  {\n            value:  true\n          }\n          internal_address_config:  {\n            cidr_ranges:  {\n              address_prefix:  \"10.0.0.0\"\n              prefix_len:  {\n                value:  8\n              }\n            }\n            cidr_ranges:  {\n              address_prefix:  \"172.16.0.0\"\n              prefix_len:  {\n                value:  12\n              }\n            }\n            cidr_ranges:  {\n              address_prefix:  \"192.168.0.0\"\n              prefix_len:  {\n                value:  16\n              }\n            }\n            cidr_ranges:  {\n              address_prefix:  \"127.0.0.1\"\n              prefix_len:  {\n                value:  32\n              }\n            }\n          }\n          upgrade_configs:  {\n            upgrade_type:  \"websocket\"\n          }\n        }\n      }\n    }\n  }\n  listener_filters:  {\n    name:  \"envoy.filters.listener.tls_inspector\"\n    typed_config:  {\n      [type.googleapis.com/envoy.extensions.filters.listener.tls_inspector.v3.TlsInspector]:  {}\n    }\n  }\n  socket_options:  {\n    description:  \"Enable TCP keep-alive (default to enabled)\"\n    level:  1\n    name:  9\n    int_value:  1\n  }\n  socket_options:  {\n    description:  \"TCP keep-alive idle time (in seconds) (defaults to 10s)\"\n    level:  6\n    name:  4\n    int_value:  10\n  }\n  socket_options:  {\n    description:  \"TCP keep-alive probe intervals (in seconds) (defaults to 5s)\"\n    level:  6\n    name:  5\n    int_value:  5\n  }\n  socket_options:  {\n    description:  \"TCP keep-alive probe max failures.\"\n    level:  6\n    name:  6\n    int_value:  10\n  }\n}\n"
time=2026-03-08T05:57:45.054709281Z level=debug source=/go/src/github.com/cilium/cilium/pkg/k8s/apis/cilium.io/v2/cec_types.go:193 msg="CEC unmarshaled XDS Resource" resource="[type.googleapis.com/envoy.config.listener.v3.Listener]:  {\n  name:  \"listener\"\n  filter_chains:  {\n    filter_chain_match:  {\n      transport_protocol:  \"raw_buffer\"\n    }\n    filters:  {\n      name:  \"envoy.filters.network.http_connection_manager\"\n      typed_config:  {\n        [type.googleapis.com/envoy.extensions.filters.network.http_connection_manager.v3.HttpConnectionManager]:  {\n          stat_prefix:  \"listener-insecure\"\n          rds:  {\n            route_config_name:  \"listener-insecure\"\n          }\n          http_filters:  {\n            name:  \"envoy.filters.http.grpc_web\"\n            typed_config:  {\n              [type.googleapis.com/envoy.extensions.filters.http.grpc_web.v3.GrpcWeb]:  {}\n            }\n          }\n          http_filters:  {\n            name:  \"envoy.filters.http.grpc_stats\"\n            typed_config:  {\n              [type.googleapis.com/envoy.extensions.filters.http.grpc_stats.v3.FilterConfig]:  {\n                emit_filter_state:  true\n                enable_upstream_stats:  true\n              }\n            }\n          }\n          http_filters:  {\n            name:  \"envoy.filters.http.router\"\n            typed_config:  {\n              [type.googleapis.com/envoy.extensions.filters.http.router.v3.Router]:  {}\n            }\n          }\n          common_http_protocol_options:  {\n            max_stream_duration:  {}\n          }\n          stream_idle_timeout:  {\n            seconds:  300\n          }\n          use_remote_address:  {\n            value:  true\n          }\n          internal_address_config:  {\n            cidr_ranges:  {\n              address_prefix:  \"10.0.0.0\"\n              prefix_len:  {\n                value:  8\n              }\n            }\n            cidr_ranges:  {\n              address_prefix:  \"172.16.0.0\"\n              prefix_len:  {\n                value:  12\n              }\n            }\n            cidr_ranges:  {\n              address_prefix:  \"192.168.0.0\"\n              prefix_len:  {\n                value:  16\n              }\n            }\n            cidr_ranges:  {\n              address_prefix:  \"127.0.0.1\"\n              prefix_len:  {\n                value:  32\n              }\n            }\n          }\n          upgrade_configs:  {\n            upgrade_type:  \"websocket\"\n          }\n        }\n      }\n    }\n  }\n  listener_filters:  {\n    name:  \"envoy.filters.listener.tls_inspector\"\n    typed_config:  {\n      [type.googleapis.com/envoy.extensions.filters.listener.tls_inspector.v3.TlsInspector]:  {}\n    }\n  }\n  socket_options:  {\n    description:  \"Enable TCP keep-alive (default to enabled)\"\n    level:  1\n    name:  9\n    int_value:  1\n  }\n  socket_options:  {\n    description:  \"TCP keep-alive idle time (in seconds) (defaults to 10s)\"\n    level:  6\n    name:  4\n    int_value:  10\n  }\n  socket_options:  {\n    description:  \"TCP keep-alive probe intervals (in seconds) (defaults to 5s)\"\n    level:  6\n    name:  5\n    int_value:  5\n  }\n  socket_options:  {\n    description:  \"TCP keep-alive probe max failures.\"\n    level:  6\n    name:  6\n    int_value:  10\n  }\n}\n"
time=2026-03-08T05:57:45.054772061Z level=debug source=/go/src/github.com/cilium/cilium/pkg/k8s/apis/cilium.io/v2/cec_types.go:193 msg="CEC unmarshaled XDS Resource" resource="[type.googleapis.com/envoy.config.route.v3.RouteConfiguration]:  {\n  name:  \"listener-insecure\"\n  virtual_hosts:  {\n    name:  \"abc.example.com\"\n    domains:  \"abc.example.com\"\n    domains:  \"abc.example.com:*\"\n    routes:  {\n      match:  {\n        path:  \"/backendtlspolicy-nonexistent-ca-certificate-ref\"\n      }\n      route:  {\n        cluster:  \"gateway-conformance-infra:backendtlspolicy-nonexistent-ca-certificate-ref-test:443\"\n        max_stream_duration:  {\n          max_stream_duration:  {}\n        }\n      }\n    }\n    routes:  {\n      match:  {\n        path:  \"/backendtlspolicy-malformed-ca-certificate-ref\"\n      }\n      direct_response:  {\n        status:  500\n        body:  {\n          inline_string:  \"\"\n        }\n      }\n    }\n  }\n}\n"
time=2026-03-08T05:57:45.054910932Z level=debug source=/go/src/github.com/cilium/cilium/pkg/k8s/apis/cilium.io/v2/cec_types.go:193 msg="CEC unmarshaled XDS Resource" resource="[type.googleapis.com/envoy.config.route.v3.RouteConfiguration]:  {\n  name:  \"listener-insecure\"\n  virtual_hosts:  {\n    name:  \"abc.example.com\"\n    domains:  \"abc.example.com\"\n    domains:  \"abc.example.com:*\"\n    routes:  {\n      match:  {\n        path:  \"/backendtlspolicy-nonexistent-ca-certificate-ref\"\n      }\n      route:  {\n        cluster:  \"gateway-conformance-infra:backendtlspolicy-nonexistent-ca-certificate-ref-test:443\"\n        max_stream_duration:  {\n          max_stream_duration:  {}\n        }\n      }\n    }\n    routes:  {\n      match:  {\n        path:  \"/backendtlspolicy-malformed-ca-certificate-ref\"\n      }\n      direct_response:  {\n        status:  500\n        body:  {\n          inline_string:  \"\"\n        }\n      }\n    }\n  }\n}\n"
time=2026-03-08T05:57:45.054952921Z level=debug source=/go/src/github.com/cilium/cilium/pkg/k8s/apis/cilium.io/v2/cec_types.go:193 msg="CEC unmarshaled XDS Resource" resource="[type.googleapis.com/envoy.config.cluster.v3.Cluster]:  {\n  name:  \"gateway-conformance-infra:backendtlspolicy-nonexistent-ca-certificate-ref-test:443\"\n  type:  EDS\n  eds_cluster_config:  {\n    service_name:  \"gateway-conformance-infra/backendtlspolicy-nonexistent-ca-certificate-ref-test:443\"\n  }\n  typed_extension_protocol_options:  {\n    key:  \"envoy.extensions.upstreams.http.v3.HttpProtocolOptions\"\n    value:  {\n      [type.googleapis.com/envoy.extensions.upstreams.http.v3.HttpProtocolOptions]:  {\n        common_http_protocol_options:  {\n          idle_timeout:  {\n            seconds:  60\n          }\n        }\n        use_downstream_protocol_config:  {\n          http2_protocol_options:  {}\n        }\n      }\n    }\n  }\n  outlier_detection:  {\n    split_external_local_origin_errors:  true\n  }\n}\n"
time=2026-03-08T05:57:45.054996361Z level=info source=/go/src/github.com/cilium/cilium/operator/pkg/gateway-api/gateway_reconcile.go:458 msg="Checking address status for Gateway" module=operator.operator-controlplane.leader-lifecycle.gateway-api controller=gateway resource=gateway-conformance-infra/same-namespace
time=2026-03-08T05:57:45.055056021Z level=info source=/go/src/github.com/cilium/cilium/operator/pkg/gateway-api/gateway_reconcile.go:494 msg="At least one valid address, marking gateway programmed" module=operator.operator-controlplane.leader-lifecycle.gateway-api controller=gateway resource=gateway-conformance-infra/same-namespace
time=2026-03-08T05:57:45.055054881Z level=debug source=/go/src/github.com/cilium/cilium/pkg/k8s/apis/cilium.io/v2/cec_types.go:193 msg="CEC unmarshaled XDS Resource" resource="[type.googleapis.com/envoy.config.cluster.v3.Cluster]:  {\n  name:  \"gateway-conformance-infra:backendtlspolicy-nonexistent-ca-certificate-ref-test:443\"\n  type:  EDS\n  eds_cluster_config:  {\n    service_name:  \"gateway-conformance-infra/backendtlspolicy-nonexistent-ca-certificate-ref-test:443\"\n  }\n  typed_extension_protocol_options:  {\n    key:  \"envoy.extensions.upstreams.http.v3.HttpProtocolOptions\"\n    value:  {\n      [type.googleapis.com/envoy.extensions.upstreams.http.v3.HttpProtocolOptions]:  {\n        common_http_protocol_options:  {\n          idle_timeout:  {\n            seconds:  60\n          }\n        }\n        use_downstream_protocol_config:  {\n          http2_protocol_options:  {}\n        }\n      }\n    }\n  }\n  outlier_detection:  {\n    split_external_local_origin_errors:  true\n  }\n}\n"
time=2026-03-08T05:57:45.055197611Z level=info source=/go/src/github.com/cilium/cilium/operator/pkg/gateway-api/gateway_reconcile.go:262 msg="Successfully reconciled Gateway" module=operator.operator-controlplane.leader-lifecycle.gateway-api controller=gateway resource=gateway-conformance-infra/same-namespace
time=2026-03-08T05:57:45.055333021Z level=info source=/go/src/github.com/cilium/cilium/operator/pkg/gateway-api/gateway_reconcile.go:55 msg="Reconciling Gateway" module=operator.operator-controlplane.leader-lifecycle.gateway-api controller=gateway resource=gateway-conformance-infra/same-namespace
time=2026-03-08T05:57:45.055571091Z level=debug source=/go/src/github.com/cilium/cilium/operator/pkg/gateway-api/gateway_reconcile.go:870 msg="Updating HTTPRoute statuses for Gateway" module=operator.operator-controlplane.leader-lifecycle.gateway-api controller=gateway resource=gateway-conformance-infra/same-namespace numRoutes=0
time=2026-03-08T05:57:45.055597001Z level=debug source=/go/src/github.com/cilium/cilium/operator/pkg/gateway-api/gateway_reconcile.go:909 msg="Updating TLSRoute statuses for Gateway" module=operator.operator-controlplane.leader-lifecycle.gateway-api controller=gateway resource=gateway-conformance-infra/same-namespace numRoutes=0
time=2026-03-08T05:57:45.055607061Z level=debug source=/go/src/github.com/cilium/cilium/operator/pkg/gateway-api/gateway_reconcile.go:943 msg="Updating GRPCRoute statuses for Gateway" module=operator.operator-controlplane.leader-lifecycle.gateway-api controller=gateway resource=gateway-conformance-infra/same-namespace numRoutes=0
time=2026-03-08T05:57:45.055616811Z level=debug source=/go/src/github.com/cilium/cilium/operator/pkg/gateway-api/gateway_reconcile.go:982 msg="Updating BackendTLSPolicy statuses for Gateway" module=operator.operator-controlplane.leader-lifecycle.gateway-api controller=gateway resource=gateway-conformance-infra/same-namespace policies=0
time=2026-03-08T05:57:45.067600481Z level=debug source=/go/src/github.com/cilium/cilium/pkg/k8s/apis/cilium.io/v2/cec_types.go:193 msg="CEC unmarshaled XDS Resource" resource="[type.googleapis.com/envoy.config.listener.v3.Listener]:  {\n  name:  \"listener\"\n  filter_chains:  {\n    filter_chain_match:  {\n      transport_protocol:  \"raw_buffer\"\n    }\n    filters:  {\n      name:  \"envoy.filters.network.http_connection_manager\"\n      typed_config:  {\n        [type.googleapis.com/envoy.extensions.filters.network.http_connection_manager.v3.HttpConnectionManager]:  {\n          stat_prefix:  \"listener-insecure\"\n          rds:  {\n            route_config_name:  \"listener-insecure\"\n          }\n          http_filters:  {\n            name:  \"envoy.filters.http.grpc_web\"\n            typed_config:  {\n              [type.googleapis.com/envoy.extensions.filters.http.grpc_web.v3.GrpcWeb]:  {}\n            }\n          }\n          http_filters:  {\n            name:  \"envoy.filters.http.grpc_stats\"\n            typed_config:  {\n              [type.googleapis.com/envoy.extensions.filters.http.grpc_stats.v3.FilterConfig]:  {\n                emit_filter_state:  true\n                enable_upstream_stats:  true\n              }\n            }\n          }\n          http_filters:  {\n            name:  \"envoy.filters.http.router\"\n            typed_config:  {\n              [type.googleapis.com/envoy.extensions.filters.http.router.v3.Router]:  {}\n            }\n          }\n          common_http_protocol_options:  {\n            max_stream_duration:  {}\n          }\n          stream_idle_timeout:  {\n            seconds:  300\n          }\n          use_remote_address:  {\n            value:  true\n          }\n          internal_address_config:  {\n            cidr_ranges:  {\n              address_prefix:  \"10.0.0.0\"\n              prefix_len:  {\n                value:  8\n              }\n            }\n            cidr_ranges:  {\n              address_prefix:  \"172.16.0.0\"\n              prefix_len:  {\n                value:  12\n              }\n            }\n            cidr_ranges:  {\n              address_prefix:  \"192.168.0.0\"\n              prefix_len:  {\n                value:  16\n              }\n            }\n            cidr_ranges:  {\n              address_prefix:  \"127.0.0.1\"\n              prefix_len:  {\n                value:  32\n              }\n            }\n          }\n          upgrade_configs:  {\n            upgrade_type:  \"websocket\"\n          }\n        }\n      }\n    }\n  }\n  listener_filters:  {\n    name:  \"envoy.filters.listener.tls_inspector\"\n    typed_config:  {\n      [type.googleapis.com/envoy.extensions.filters.listener.tls_inspector.v3.TlsInspector]:  {}\n    }\n  }\n  socket_options:  {\n    description:  \"Enable TCP keep-alive (default to enabled)\"\n    level:  1\n    name:  9\n    int_value:  1\n  }\n  socket_options:  {\n    description:  \"TCP keep-alive idle time (in seconds) (defaults to 10s)\"\n    level:  6\n    name:  4\n    int_value:  10\n  }\n  socket_options:  {\n    description:  \"TCP keep-alive probe intervals (in seconds) (defaults to 5s)\"\n    level:  6\n    name:  5\n    int_value:  5\n  }\n  socket_options:  {\n    description:  \"TCP keep-alive probe max failures.\"\n    level:  6\n    name:  6\n    int_value:  10\n  }\n}\n"
time=2026-03-08T05:57:45.067675352Z level=debug source=/go/src/github.com/cilium/cilium/pkg/k8s/apis/cilium.io/v2/cec_types.go:193 msg="CEC unmarshaled XDS Resource" resource="[type.googleapis.com/envoy.config.route.v3.RouteConfiguration]:  {\n  name:  \"listener-insecure\"\n}\n"
time=2026-03-08T05:57:45.067695452Z level=info source=/go/src/github.com/cilium/cilium/operator/pkg/gateway-api/gateway_reconcile.go:458 msg="Checking address status for Gateway" module=operator.operator-controlplane.leader-lifecycle.gateway-api controller=gateway resource=gateway-conformance-infra/same-namespace
time=2026-03-08T05:57:45.067727272Z level=info source=/go/src/github.com/cilium/cilium/operator/pkg/gateway-api/gateway_reconcile.go:494 msg="At least one valid address, marking gateway programmed" module=operator.operator-controlplane.leader-lifecycle.gateway-api controller=gateway resource=gateway-conformance-infra/same-namespace
time=2026-03-08T05:57:45.067857552Z level=debug source=/go/src/github.com/cilium/cilium/pkg/k8s/apis/cilium.io/v2/cec_types.go:193 msg="CEC unmarshaled XDS Resource" resource="[type.googleapis.com/envoy.config.listener.v3.Listener]:  {\n  name:  \"listener\"\n  filter_chains:  {\n    filter_chain_match:  {\n      transport_protocol:  \"raw_buffer\"\n    }\n    filters:  {\n      name:  \"envoy.filters.network.http_connection_manager\"\n      typed_config:  {\n        [type.googleapis.com/envoy.extensions.filters.network.http_connection_manager.v3.HttpConnectionManager]:  {\n          stat_prefix:  \"listener-insecure\"\n          rds:  {\n            route_config_name:  \"listener-insecure\"\n          }\n          http_filters:  {\n            name:  \"envoy.filters.http.grpc_web\"\n            typed_config:  {\n              [type.googleapis.com/envoy.extensions.filters.http.grpc_web.v3.GrpcWeb]:  {}\n            }\n          }\n          http_filters:  {\n            name:  \"envoy.filters.http.grpc_stats\"\n            typed_config:  {\n              [type.googleapis.com/envoy.extensions.filters.http.grpc_stats.v3.FilterConfig]:  {\n                emit_filter_state:  true\n                enable_upstream_stats:  true\n              }\n            }\n          }\n          http_filters:  {\n            name:  \"envoy.filters.http.router\"\n            typed_config:  {\n              [type.googleapis.com/envoy.extensions.filters.http.router.v3.Router]:  {}\n            }\n          }\n          common_http_protocol_options:  {\n            max_stream_duration:  {}\n          }\n          stream_idle_timeout:  {\n            seconds:  300\n          }\n          use_remote_address:  {\n            value:  true\n          }\n          internal_address_config:  {\n            cidr_ranges:  {\n              address_prefix:  \"10.0.0.0\"\n              prefix_len:  {\n                value:  8\n              }\n            }\n            cidr_ranges:  {\n              address_prefix:  \"172.16.0.0\"\n              prefix_len:  {\n                value:  12\n              }\n            }\n            cidr_ranges:  {\n              address_prefix:  \"192.168.0.0\"\n              prefix_len:  {\n                value:  16\n              }\n            }\n            cidr_ranges:  {\n              address_prefix:  \"127.0.0.1\"\n              prefix_len:  {\n                value:  32\n              }\n            }\n          }\n          upgrade_configs:  {\n            upgrade_type:  \"websocket\"\n          }\n        }\n      }\n    }\n  }\n  listener_filters:  {\n    name:  \"envoy.filters.listener.tls_inspector\"\n    typed_config:  {\n      [type.googleapis.com/envoy.extensions.filters.listener.tls_inspector.v3.TlsInspector]:  {}\n    }\n  }\n  socket_options:  {\n    description:  \"Enable TCP keep-alive (default to enabled)\"\n    level:  1\n    name:  9\n    int_value:  1\n  }\n  socket_options:  {\n    description:  \"TCP keep-alive idle time (in seconds) (defaults to 10s)\"\n    level:  6\n    name:  4\n    int_value:  10\n  }\n  socket_options:  {\n    description:  \"TCP keep-alive probe intervals (in seconds) (defaults to 5s)\"\n    level:  6\n    name:  5\n    int_value:  5\n  }\n  socket_options:  {\n    description:  \"TCP keep-alive probe max failures.\"\n    level:  6\n    name:  6\n    int_value:  10\n  }\n}\n"
time=2026-03-08T05:57:45.067925801Z level=debug source=/go/src/github.com/cilium/cilium/pkg/k8s/apis/cilium.io/v2/cec_types.go:193 msg="CEC unmarshaled XDS Resource" resource="[type.googleapis.com/envoy.config.route.v3.RouteConfiguration]:  {\n  name:  \"listener-insecure\"\n}\n"
time=2026-03-08T05:57:45.073925091Z level=info source=/go/src/github.com/cilium/cilium/operator/pkg/gateway-api/gateway_reconcile.go:262 msg="Successfully reconciled Gateway" module=operator.operator-controlplane.leader-lifecycle.gateway-api controller=gateway resource=gateway-conformance-infra/same-namespace
time=2026-03-08T05:57:45.073995281Z level=info source=/go/src/github.com/cilium/cilium/operator/pkg/gateway-api/gateway_reconcile.go:55 msg="Reconciling Gateway" module=operator.operator-controlplane.leader-lifecycle.gateway-api controller=gateway resource=gateway-conformance-infra/same-namespace
time=2026-03-08T05:57:45.074132951Z level=debug source=/go/src/github.com/cilium/cilium/operator/pkg/gateway-api/gateway_reconcile.go:870 msg="Updating HTTPRoute statuses for Gateway" module=operator.operator-controlplane.leader-lifecycle.gateway-api controller=gateway resource=gateway-conformance-infra/same-namespace numRoutes=0
time=2026-03-08T05:57:45.074153731Z level=debug source=/go/src/github.com/cilium/cilium/operator/pkg/gateway-api/gateway_reconcile.go:909 msg="Updating TLSRoute statuses for Gateway" module=operator.operator-controlplane.leader-lifecycle.gateway-api controller=gateway resource=gateway-conformance-infra/same-namespace numRoutes=0
time=2026-03-08T05:57:45.074162611Z level=debug source=/go/src/github.com/cilium/cilium/operator/pkg/gateway-api/gateway_reconcile.go:943 msg="Updating GRPCRoute statuses for Gateway" module=operator.operator-controlplane.leader-lifecycle.gateway-api controller=gateway resource=gateway-conformance-infra/same-namespace numRoutes=0
time=2026-03-08T05:57:45.074171211Z level=debug source=/go/src/github.com/cilium/cilium/operator/pkg/gateway-api/gateway_reconcile.go:982 msg="Updating BackendTLSPolicy statuses for Gateway" module=operator.operator-controlplane.leader-lifecycle.gateway-api controller=gateway resource=gateway-conformance-infra/same-namespace policies=0
time=2026-03-08T05:57:45.077955671Z level=info source=/go/src/github.com/cilium/cilium/operator/pkg/gateway-api/gateway_reconcile.go:458 msg="Checking address status for Gateway" module=operator.operator-controlplane.leader-lifecycle.gateway-api controller=gateway resource=gateway-conformance-infra/same-namespace
time=2026-03-08T05:57:45.077996701Z level=info source=/go/src/github.com/cilium/cilium/operator/pkg/gateway-api/gateway_reconcile.go:494 msg="At least one valid address, marking gateway programmed" module=operator.operator-controlplane.leader-lifecycle.gateway-api controller=gateway resource=gateway-conformance-infra/same-namespace
time=2026-03-08T05:57:45.081897311Z level=info source=/go/src/github.com/cilium/cilium/vendor/github.com/go-logr/logr/logr.go:301 msg="Reconciler error" module=operator.operator-controlplane.leader-lifecycle.controller-runtime controller=gateway controllerGroup=gateway.networking.k8s.io controllerKind=Gateway Gateway.name=same-namespace Gateway.namespace=gateway-conformance-infra namespace=gateway-conformance-infra name=same-namespace reconcileID=e2c60960-1563-4dee-b3f7-753725a43f74 error="failed to update Gateway status: Operation cannot be fulfilled on gateways.gateway.networking.k8s.io \"same-namespace\": the object has been modified; please apply your changes to the latest version and try again"
time=2026-03-08T05:57:45.081955741Z level=info source=/go/src/github.com/cilium/cilium/operator/pkg/gateway-api/gateway_reconcile.go:55 msg="Reconciling Gateway" module=operator.operator-controlplane.leader-lifecycle.gateway-api controller=gateway resource=gateway-conformance-infra/same-namespace
time=2026-03-08T05:57:45.082075781Z level=debug source=/go/src/github.com/cilium/cilium/operator/pkg/gateway-api/gateway_reconcile.go:870 msg="Updating HTTPRoute statuses for Gateway" module=operator.operator-controlplane.leader-lifecycle.gateway-api controller=gateway resource=gateway-conformance-infra/same-namespace numRoutes=0
time=2026-03-08T05:57:45.082094361Z level=debug source=/go/src/github.com/cilium/cilium/operator/pkg/gateway-api/gateway_reconcile.go:909 msg="Updating TLSRoute statuses for Gateway" module=operator.operator-controlplane.leader-lifecycle.gateway-api controller=gateway resource=gateway-conformance-infra/same-namespace numRoutes=0
time=2026-03-08T05:57:45.082102921Z level=debug source=/go/src/github.com/cilium/cilium/operator/pkg/gateway-api/gateway_reconcile.go:943 msg="Updating GRPCRoute statuses for Gateway" module=operator.operator-controlplane.leader-lifecycle.gateway-api controller=gateway resource=gateway-conformance-infra/same-namespace numRoutes=0
time=2026-03-08T05:57:45.082111381Z level=debug source=/go/src/github.com/cilium/cilium/operator/pkg/gateway-api/gateway_reconcile.go:982 msg="Updating BackendTLSPolicy statuses for Gateway" module=operator.operator-controlplane.leader-lifecycle.gateway-api controller=gateway resource=gateway-conformance-infra/same-namespace policies=0
time=2026-03-08T05:57:45.086328751Z level=info source=/go/src/github.com/cilium/cilium/operator/pkg/gateway-api/gateway_reconcile.go:458 msg="Checking address status for Gateway" module=operator.operator-controlplane.leader-lifecycle.gateway-api controller=gateway resource=gateway-conformance-infra/same-namespace
time=2026-03-08T05:57:45.086369321Z level=info source=/go/src/github.com/cilium/cilium/operator/pkg/gateway-api/gateway_reconcile.go:494 msg="At least one valid address, marking gateway programmed" module=operator.operator-controlplane.leader-lifecycle.gateway-api controller=gateway resource=gateway-conformance-infra/same-namespace
time=2026-03-08T05:57:45.086464061Z level=info source=/go/src/github.com/cilium/cilium/operator/pkg/gateway-api/gateway_reconcile.go:262 msg="Successfully reconciled Gateway" module=operator.operator-controlplane.leader-lifecycle.gateway-api controller=gateway resource=gateway-conformance-infra/same-namespace
time=2026-03-08T05:57:45.087077131Z level=info source=/go/src/github.com/cilium/cilium/operator/pkg/gateway-api/gateway_reconcile.go:55 msg="Reconciling Gateway" module=operator.operator-controlplane.leader-lifecycle.gateway-api controller=gateway resource=gateway-conformance-infra/same-namespace
time=2026-03-08T05:57:45.087189791Z level=debug source=/go/src/github.com/cilium/cilium/operator/pkg/gateway-api/gateway_reconcile.go:870 msg="Updating HTTPRoute statuses for Gateway" module=operator.operator-controlplane.leader-lifecycle.gateway-api controller=gateway resource=gateway-conformance-infra/same-namespace numRoutes=0
time=2026-03-08T05:57:45.087208301Z level=debug source=/go/src/github.com/cilium/cilium/operator/pkg/gateway-api/gateway_reconcile.go:909 msg="Updating TLSRoute statuses for Gateway" module=operator.operator-controlplane.leader-lifecycle.gateway-api controller=gateway resource=gateway-conformance-infra/same-namespace numRoutes=0
time=2026-03-08T05:57:45.087220421Z level=debug source=/go/src/github.com/cilium/cilium/operator/pkg/gateway-api/gateway_reconcile.go:943 msg="Updating GRPCRoute statuses for Gateway" module=operator.operator-controlplane.leader-lifecycle.gateway-api controller=gateway resource=gateway-conformance-infra/same-namespace numRoutes=0
time=2026-03-08T05:57:45.087281241Z level=debug source=/go/src/github.com/cilium/cilium/operator/pkg/gateway-api/gateway_reconcile.go:982 msg="Updating BackendTLSPolicy statuses for Gateway" module=operator.operator-controlplane.leader-lifecycle.gateway-api controller=gateway resource=gateway-conformance-infra/same-namespace policies=0
time=2026-03-08T05:57:45.090762171Z level=info source=/go/src/github.com/cilium/cilium/operator/pkg/gateway-api/gateway_reconcile.go:458 msg="Checking address status for Gateway" module=operator.operator-controlplane.leader-lifecycle.gateway-api controller=gateway resource=gateway-conformance-infra/same-namespace
time=2026-03-08T05:57:45.09080712Z level=info source=/go/src/github.com/cilium/cilium/operator/pkg/gateway-api/gateway_reconcile.go:494 msg="At least one valid address, marking gateway programmed" module=operator.operator-controlplane.leader-lifecycle.gateway-api controller=gateway resource=gateway-conformance-infra/same-namespace
time=2026-03-08T05:57:45.090914411Z level=info source=/go/src/github.com/cilium/cilium/operator/pkg/gateway-api/gateway_reconcile.go:262 msg="Successfully reconciled Gateway" module=operator.operator-controlplane.leader-lifecycle.gateway-api controller=gateway resource=gateway-conformance-infra/same-namespace
time=2026-03-08T05:57:46.280963583Z level=debug source=/go/src/github.com/cilium/cilium/operator/unmanagedpods/controller.go:154 msg="Found managed pod due to presence of a CEP" module=operator.operator-controlplane.leader-lifecycle.unmanaged-pods-gc error=<nil> k8sPodName=kube-system/coredns-7d764666f9-9kf9j identity=0
time=2026-03-08T05:57:46.281014323Z level=debug source=/go/src/github.com/cilium/cilium/operator/unmanagedpods/controller.go:154 msg="Found managed pod due to presence of a CEP" module=operator.operator-controlplane.leader-lifecycle.unmanaged-pods-gc error=<nil> k8sPodName=kube-system/coredns-7d764666f9-6htsd identity=0
time=2026-03-08T05:57:46.281031432Z level=debug source=/go/src/github.com/cilium/cilium/pkg/controller/controller.go:338 msg="Controller func executed" subsys=controller name=restart-unmanaged-pods uuid=297bd89c-e3c5-463a-bff7-703afa64896b duration=86.62µs
time=2026-03-08T05:57:46.465753978Z level=debug source=/go/src/github.com/cilium/cilium/pkg/controller/controller.go:338 msg="Controller func executed" subsys=controller name=k8s-heartbeat uuid=09a619f7-bb34-4db5-a2c1-364fde6829b5 duration=2.49µs
time=2026-03-08T05:57:46.481482398Z level=debug source=/go/src/github.com/cilium/cilium/pkg/controller/controller.go:338 msg="Controller func executed" subsys=controller name=k8s-heartbeat uuid=baa517db-db81-4ed9-875c-02e51764d30d duration=1.01µs
